Dependency validation might be unreliable when using canary SDK versions
› Installing 1 other package using yarn
> yarn add @d11/react-native-fast-image
yarn add v1.22.22
[1/4] Resolving packages...
[2/4] Fetching packages...
[3/4] Linking dependencies...
warning "expo > babel-preset-expo > @babel/plugin-proposal-decorators@7.29.7" has unmet peer dependency "@babel/core@^7.0.0-0".
warning "expo > babel-preset-expo > @babel/plugin-proposal-export-default-from@7.29.7" has unmet peer dependency "@babel/core@^7.0.0-0".
warning "expo > babel-preset-expo > @babel/plugin-syntax-dynamic-import@7.8.3" has unmet peer dependency "@babel/core@^7.0.0-0".
warning "expo > babel-preset-expo > @babel/plugin-syntax-export-default-from@7.29.7" has unmet peer dependency "@babel/core@^7.0.0-0".
warning "expo > babel-preset-expo > @babel/plugin-syntax-nullish-coalescing-operator@7.8.3" has unmet peer dependency "@babel/core@^7.0.0-0".
warning "expo > babel-preset-expo > @babel/plugin-syntax-optional-chaining@7.8.3" has unmet peer dependency "@babel/core@^7.0.0-0".
warning "expo > babel-preset-expo > @babel/plugin-transform-async-generator-functions@7.29.7" has unmet peer dependency "@babel/core@^7.0.0-0".
warning "expo > babel-preset-expo > @babel/plugin-transform-async-to-generator@7.29.7" has unmet peer dependency "@babel/core@^7.0.0-0".
warning "expo > babel-preset-expo > @babel/plugin-transform-block-scoping@7.29.7" has unmet peer dependency "@babel/core@^7.0.0-0".
warning "expo > babel-preset-expo > @babel/plugin-transform-class-properties@7.29.7" has unmet peer dependency "@babel/core@^7.0.0-0".
warning "expo > babel-preset-expo > @babel/plugin-transform-class-static-block@7.29.7" has unmet peer dependency "@babel/core@^7.12.0".
warning "expo > babel-preset-expo > @babel/plugin-transform-classes@7.29.7" has unmet peer dependency "@babel/core@^7.0.0-0".
warning "expo > babel-preset-expo > @babel/plugin-transform-destructuring@7.29.7" has unmet peer dependency "@babel/core@^7.0.0-0".
warning "expo > babel-preset-expo > @babel/plugin-transform-export-namespace-from@7.29.7" has unmet peer dependency "@babel/core@^7.0.0-0".
warning "expo > babel-preset-expo > @babel/plugin-transform-flow-strip-types@7.29.7" has unmet peer dependency "@babel/core@^7.0.0-0".
warning "expo > babel-preset-expo > @babel/plugin-transform-for-of@7.29.7" has unmet peer dependency "@babel/core@^7.0.0-0".
warning "expo > babel-preset-expo > @babel/plugin-transform-logical-assignment-operators@7.29.7" has unmet peer dependency "@babel/core@^7.0.0-0".
warning "expo > babel-preset-expo > @babel/plugin-transform-modules-commonjs@7.29.7" has unmet peer dependency "@babel/core@^7.0.0-0".
warning "expo > babel-preset-expo > @babel/plugin-transform-named-capturing-groups-regex@7.29.7" has unmet peer dependency "@babel/core@^7.0.0".
warning "expo > babel-preset-expo > @babel/plugin-transform-nullish-coalescing-operator@7.29.7" has unmet peer dependency "@babel/core@^7.0.0-0".
warning "expo > babel-preset-expo > @babel/plugin-transform-object-rest-spread@7.29.7" has unmet peer dependency "@babel/core@^7.0.0-0".
warning "expo > babel-preset-expo > @babel/plugin-transform-optional-catch-binding@7.29.7" has unmet peer dependency "@babel/core@^7.0.0-0".
warning "expo > babel-preset-expo > @babel/plugin-transform-optional-chaining@7.29.7" has unmet peer dependency "@babel/core@^7.0.0-0".
warning "expo > babel-preset-expo > @babel/plugin-transform-parameters@7.29.7" has unmet peer dependency "@babel/core@^7.0.0-0".
warning "expo > babel-preset-expo > @babel/plugin-transform-private-methods@7.29.7" has unmet peer dependency "@babel/core@^7.0.0-0".
warning "expo > babel-preset-expo > @babel/plugin-transform-private-property-in-object@7.29.7" has unmet peer dependency "@babel/core@^7.0.0-0".
warning "expo > babel-preset-expo > @babel/plugin-transform-react-display-name@7.29.7" has unmet peer dependency "@babel/core@^7.0.0-0".
warning "expo > babel-preset-expo > @babel/plugin-transform-react-jsx@7.29.7" has unmet peer dependency "@babel/core@^7.0.0-0".
warning "expo > babel-preset-expo > @babel/plugin-transform-react-jsx-development@7.29.7" has unmet peer dependency "@babel/core@^7.0.0-0".
warning "expo > babel-preset-expo > @babel/plugin-transform-react-pure-annotations@7.29.7" has unmet peer dependency "@babel/core@^7.0.0-0".
warning "expo > babel-preset-expo > @babel/plugin-transform-runtime@7.29.7" has unmet peer dependency "@babel/core@^7.0.0-0".
warning "expo > babel-preset-expo > @babel/plugin-transform-typescript@7.29.7" has unmet peer dependency "@babel/core@^7.0.0-0".
warning "expo > babel-preset-expo > @babel/plugin-transform-unicode-regex@7.29.7" has unmet peer dependency "@babel/core@^7.0.0-0".
warning "expo > babel-preset-expo > @babel/preset-typescript@7.29.7" has unmet peer dependency "@babel/core@^7.0.0-0".
warning "expo > babel-preset-expo > @babel/plugin-proposal-decorators > @babel/helper-create-class-features-plugin@7.29.7" has unmet peer dependency "@babel/core@^7.0.0".
warning "expo > babel-preset-expo > @babel/plugin-proposal-decorators > @babel/plugin-syntax-decorators@7.29.7" has unmet peer dependency "@babel/core@^7.0.0-0".
warning "expo > babel-preset-expo > @babel/plugin-transform-async-generator-functions > @babel/helper-remap-async-to-generator@7.29.7" has unmet peer dependency "@babel/core@^7.0.0".
warning "expo > babel-preset-expo > @babel/plugin-transform-classes > @babel/helper-replace-supers@7.29.7" has unmet peer dependency "@babel/core@^7.0.0".
warning "expo > babel-preset-expo > @babel/plugin-transform-flow-strip-types > @babel/plugin-syntax-flow@7.29.7" has unmet peer dependency "@babel/core@^7.0.0-0".
warning "expo > babel-preset-expo > @babel/plugin-transform-named-capturing-groups-regex > @babel/helper-create-regexp-features-plugin@7.29.7" has unmet peer dependency "@babel/core@^7.0.0".
warning "expo > babel-preset-expo > @babel/plugin-transform-react-jsx > @babel/plugin-syntax-jsx@7.29.7" has unmet peer dependency "@babel/core@^7.0.0-0".
warning "expo > babel-preset-expo > @babel/plugin-transform-runtime > babel-plugin-polyfill-corejs2@0.4.17" has unmet peer dependency "@babel/core@^7.4.0 || ^8.0.0-0 <8.0.0".
warning "expo > babel-preset-expo > @babel/plugin-transform-runtime > babel-plugin-polyfill-corejs3@0.13.0" has unmet peer dependency "@babel/core@^7.4.0 || ^8.0.0-0 <8.0.0".
warning "expo > babel-preset-expo > @babel/plugin-transform-runtime > babel-plugin-polyfill-regenerator@0.6.8" has unmet peer dependency "@babel/core@^7.4.0 || ^8.0.0-0 <8.0.0".
warning "expo > babel-preset-expo > @babel/plugin-transform-typescript > @babel/plugin-syntax-typescript@7.29.7" has unmet peer dependency "@babel/core@^7.0.0-0".
warning "react-native > @react-native/codegen@0.87.0" has unmet peer dependency "@babel/core@*".
warning "expo > babel-preset-expo > @babel/plugin-transform-runtime > babel-plugin-polyfill-corejs2 > @babel/helper-define-polyfill-provider@0.6.8" has unmet peer dependency "@babel/core@^7.4.0 || ^8.0.0-0 <8.0.0".
warning Workspaces can only be enabled in private projects.
[4/4] Building fresh packages...
success Saved lockfile.
warning Workspaces can only be enabled in private projects.
success Saved 1 new dependency.
info Direct dependencies
└─ @d11/react-native-fast-image@8.13.0
info All dependencies
└─ @d11/react-native-fast-image@8.13.0
Done in 0.90s.
> Task :gradle-plugin:settings-plugin:checkKotlinGradlePluginConfigurationErrors SKIPPED
> Task :expo-gradle-plugin:expo-autolinking-settings-plugin:checkKotlinGradlePluginConfigurationErrors SKIPPED
> Task :expo-gradle-plugin:expo-autolinking-plugin-shared:checkKotlinGradlePluginConfigurationErrors SKIPPED
> Task :gradle-plugin:shared:checkKotlinGradlePluginConfigurationErrors SKIPPED
> Task :expo-gradle-plugin:expo-autolinking-settings-plugin:pluginDescriptors
> Task :gradle-plugin:settings-plugin:pluginDescriptors
> Task :expo-gradle-plugin:expo-autolinking-settings-plugin:processResources
> Task :gradle-plugin:settings-plugin:processResources
> Task :gradle-plugin:shared:processResources NO-SOURCE
> Task :expo-gradle-plugin:expo-autolinking-plugin-shared:processResources NO-SOURCE
> Task :gradle-plugin:shared:compileKotlin
> Task :gradle-plugin:shared:compileJava NO-SOURCE
> Task :gradle-plugin:shared:classes UP-TO-DATE
> Task :gradle-plugin:shared:jar
> Task :expo-gradle-plugin:expo-autolinking-plugin-shared:compileKotlin
> Task :expo-gradle-plugin:expo-autolinking-plugin-shared:compileJava NO-SOURCE
> Task :expo-gradle-plugin:expo-autolinking-plugin-shared:classes UP-TO-DATE
> Task :expo-gradle-plugin:expo-autolinking-plugin-shared:jar
> Task :gradle-plugin:settings-plugin:compileKotlin
> Task :gradle-plugin:settings-plugin:compileJava NO-SOURCE
> Task :gradle-plugin:settings-plugin:classes
> Task :gradle-plugin:settings-plugin:jar
> Task :expo-gradle-plugin:expo-autolinking-settings-plugin:compileKotlin
> Task :expo-gradle-plugin:expo-autolinking-settings-plugin:compileJava NO-SOURCE
> Task :expo-gradle-plugin:expo-autolinking-settings-plugin:classes
> Task :expo-gradle-plugin:expo-autolinking-settings-plugin:jar
> Task :gradle-plugin:react-native-gradle-plugin:checkKotlinGradlePluginConfigurationErrors SKIPPED
> Task :expo-gradle-plugin:expo-autolinking-plugin:checkKotlinGradlePluginConfigurationErrors SKIPPED
> Task :expo-gradle-plugin:expo-max-sdk-override-plugin:checkKotlinGradlePluginConfigurationErrors SKIPPED
> Task :expo-module-gradle-plugin:checkKotlinGradlePluginConfigurationErrors SKIPPED
> Task :expo-module-gradle-plugin:pluginDescriptors
> Task :expo-module-gradle-plugin:processResources
> Task :gradle-plugin:react-native-gradle-plugin:pluginDescriptors
> Task :gradle-plugin:react-native-gradle-plugin:processResources
> Task :expo-gradle-plugin:expo-max-sdk-override-plugin:pluginDescriptors
> Task :expo-gradle-plugin:expo-autolinking-plugin:pluginDescriptors
> Task :expo-gradle-plugin:expo-max-sdk-override-plugin:processResources
> Task :expo-gradle-plugin:expo-autolinking-plugin:processResources
> Task :expo-gradle-plugin:expo-max-sdk-override-plugin:compileKotlin
> Task :expo-gradle-plugin:expo-max-sdk-override-plugin:compileJava NO-SOURCE
> Task :expo-gradle-plugin:expo-max-sdk-override-plugin:classes
> Task :expo-gradle-plugin:expo-max-sdk-override-plugin:jar
> Task :expo-gradle-plugin:expo-autolinking-plugin:compileKotlin
> Task :expo-gradle-plugin:expo-autolinking-plugin:compileJava NO-SOURCE
> Task :expo-gradle-plugin:expo-autolinking-plugin:classes
> Task :expo-gradle-plugin:expo-autolinking-plugin:jar
> Task :gradle-plugin:react-native-gradle-plugin:compileKotlin
> Task :gradle-plugin:react-native-gradle-plugin:compileJava NO-SOURCE
> Task :gradle-plugin:react-native-gradle-plugin:classes
> Task :gradle-plugin:react-native-gradle-plugin:jar
> Task :expo-module-gradle-plugin:compileKotlin
> Task :expo-module-gradle-plugin:compileJava NO-SOURCE
> Task :expo-module-gradle-plugin:classes
> Task :expo-module-gradle-plugin:jar

> Configure project :app
 ℹ️  [33mApplying gradle plugin[0m '[32mexpo-max-sdk-override-plugin[0m'
  [expo-max-sdk-override-plugin] This plugin will find all permissions declared with `android:maxSdkVersion`. If there exists a declaration with the `android:maxSdkVersion` annotation and another one without, the plugin will remove the annotation from the final merged manifest. In order to see a log with the changes run a clean build of the app.

> Configure project :
[32m[ExpoRootProject][0m Using the following versions:
  - buildTools:  [32m37.0.0[0m
  - minSdk:      [32m24[0m
  - compileSdk:  [32m37[0m
  - targetSdk:   [32m36[0m
  - ndk:         [32m27.1.12297006[0m
  - kotlin:      [32m2.2.0[0m
  - ksp:         [32m2.2.0-2.0.2[0m

> Configure project :expo

Using expo modules
  - [32mexpo-log-box[0m (58.0.0-canary-20260902-26df09e)
  - [32mexpo-constants[0m (58.0.0-canary-20260902-26df09e)
  - [32mexpo-modules-core[0m (58.0.0-canary-20260902-26df09e)
  - [33m[📦][0m [32mexpo-dom-webview[0m (58.0.0-canary-20260902-26df09e)
  - [33m[📦][0m [32mexpo-ui[0m (58.0.0-canary-20260902-26df09e)
  - [33m[📦][0m [32mexpo-asset[0m (58.0.0-canary-20260902-26df09e)
  - [33m[📦][0m [32mexpo-device[0m (58.0.0-canary-20260902-26df09e)
  - [33m[📦][0m [32mexpo-file-system[0m (58.0.0-canary-20260902-26df09e)
  - [33m[📦][0m [32mexpo-font[0m (58.0.0-canary-20260902-26df09e)
  - [33m[📦][0m [32mexpo-image[0m (58.0.0-canary-20260902-26df09e)
  - [33m[📦][0m [32mexpo-keep-awake[0m (58.0.0-canary-20260902-26df09e)
  - [33m[📦][0m [32mexpo-linking[0m (58.0.0-canary-20260902-26df09e)
  - [33m[📦][0m [32mexpo-splash-screen[0m (58.0.0-canary-20260902-26df09e)
  - [33m[📦][0m [32mexpo-status-bar[0m (58.0.0-canary-20260902-26df09e)
  - [33m[📦][0m [32mexpo-system-ui[0m (58.0.0-canary-20260902-26df09e)
  - [33m[📦][0m [32mexpo-web-browser[0m (58.0.0-canary-20260902-26df09e)


> Task :expo-modules-core:preBuild UP-TO-DATE
> Task :expo-log-box:preBuild UP-TO-DATE
> Task :expo-log-box:preDebugBuild UP-TO-DATE
> Task :expo-modules-core:preDebugBuild UP-TO-DATE
> Task :app:generateAutolinkingNewArchitectureFiles
> Task :expo-log-box:processDebugNavigationResources
> Task :expo-modules-core:processDebugNavigationResources
> Task :app:generateAutolinkingPackageList
> Task :app:generateCodegenSchemaFromJavaScript SKIPPED
> Task :app:generateCodegenArtifactsFromSchema SKIPPED
> Task :expo-log-box:generateDebugBuildConfig
> Task :expo-modules-core:generateDebugBuildConfig
> Task :app:generateReactNativeEntryPoint
> Task :app:generateDebugAssets UP-TO-DATE
> Task :expo-log-box:generateDebugResources
> Task :expo-modules-core:generateDebugResources
> Task :expo-log-box:packageDebugResources
> Task :expo-modules-core:packageDebugResources
> Task :expo-modules-core:generateDebugAssets UP-TO-DATE
> Task :expo-log-box:generateDebugAssets UP-TO-DATE
> Task :expo-modules-core:javaPreCompileDebug
> Task :expo-log-box:javaPreCompileDebug
> Task :expo-modules-core:mergeDebugAssets
> Task :expo-modules-core:parseDebugLocalResources
> Task :expo-log-box:parseDebugLocalResources
> Task :expo-log-box:mergeDebugAssets
> Task :expo-modules-core:writeDebugAarMetadata
> Task :expo-modules-core:extractDeepLinksDebug
> Task :expo-modules-core:generateDebugRFile
> Task :expo-log-box:writeDebugAarMetadata
> Task :expo-log-box:extractDeepLinksDebug
> Task :expo-log-box:generateDebugRFile

> Task :expo-modules-core:processDebugManifest
/Users/briones/.config/tuft/sessions/1788364493.114729/worktrees/agp-new-dsl/node_modules/expo-modules-core/android/src/main/AndroidManifest.xml:8:9-11:45 Warning:
	meta-data#com.facebook.soloader.enabled@android:value was tagged at AndroidManifest.xml:8 to replace other declarations but no other declaration present

> Task :expo-log-box:mapDebugSourceSetPaths
> Task :expo-log-box:processDebugManifest
> Task :expo-log-box:compileDebugLibraryResources
> Task :expo-log-box:mergeDebugJniLibFolders
> Task :expo-log-box:mergeDebugNativeLibs NO-SOURCE
> Task :expo-log-box:copyDebugJniLibsProjectOnly
> Task :expo:generateInlineModules
> Task :expo:generatePackagesList
> Task :expo:preBuild
> Task :expo:preDebugBuild
> Task :expo:processDebugNavigationResources
> Task :expo:generateDebugResources
> Task :expo:packageDebugResources
> Task :expo:generateDebugAssets UP-TO-DATE
> Task :expo:javaPreCompileDebug
> Task :expo:parseDebugLocalResources
> Task :expo:mergeDebugAssets
> Task :expo:writeDebugAarMetadata
> Task :expo:generateDebugRFile
> Task :expo:extractDeepLinksDebug
> Task :expo:mapDebugSourceSetPaths
> Task :expo:processDebugManifest
> Task :expo:compileDebugLibraryResources
> Task :expo:mergeDebugJniLibFolders
> Task :expo:mergeDebugNativeLibs NO-SOURCE
> Task :expo:copyDebugJniLibsProjectOnly

> Task :expo-constants:createExpoConfig
The NODE_ENV environment variable is required but was not specified. Ensure the project is bundled with Expo CLI or NODE_ENV is set. Using only .env.local and .env

> Task :expo-constants:preBuild
> Task :expo-constants:preDebugBuild
> Task :expo-constants:processDebugNavigationResources
> Task :expo-constants:generateDebugResources
> Task :expo-constants:packageDebugResources
> Task :expo-constants:generateDebugAssets UP-TO-DATE
> Task :expo-constants:javaPreCompileDebug
> Task :expo-constants:parseDebugLocalResources
> Task :expo-constants:mergeDebugAssets
> Task :expo-constants:generateDebugRFile
> Task :expo-constants:writeDebugAarMetadata
> Task :expo-constants:extractDeepLinksDebug
> Task :expo-constants:mapDebugSourceSetPaths
> Task :expo-constants:processDebugManifest
> Task :expo-constants:compileDebugLibraryResources
> Task :expo-constants:mergeDebugJniLibFolders
> Task :expo-constants:mergeDebugNativeLibs NO-SOURCE
> Task :expo-constants:copyDebugJniLibsProjectOnly
> Task :d11_react-native-fast-image:generateCodegenSchemaFromJavaScript
> Task :expo-modules-core:mapDebugSourceSetPaths
> Task :expo-modules-core:compileDebugLibraryResources
> Task :d11_react-native-fast-image:generateCodegenArtifactsFromSchema
> Task :d11_react-native-fast-image:preBuild
> Task :app:preBuild
> Task :app:preDebugBuild
> Task :d11_react-native-fast-image:preDebugBuild
> Task :app:mergeDebugNativeDebugMetadata NO-SOURCE
> Task :app:generateDebugBuildConfig UP-TO-DATE
> Task :app:generateDebugResValues UP-TO-DATE
> Task :d11_react-native-fast-image:processDebugNavigationResources
> Task :app:generateDebugResources UP-TO-DATE
> Task :app:packageDebugResources UP-TO-DATE
> Task :d11_react-native-fast-image:generateDebugBuildConfig
> Task :d11_react-native-fast-image:generateDebugResources
> Task :d11_react-native-fast-image:packageDebugResources
> Task :d11_react-native-fast-image:parseDebugLocalResources
> Task :d11_react-native-fast-image:javaPreCompileDebug
> Task :d11_react-native-fast-image:generateDebugAssets UP-TO-DATE
> Task :d11_react-native-fast-image:mergeDebugAssets
> Task :d11_react-native-fast-image:generateDebugRFile
> Task :d11_react-native-fast-image:writeDebugAarMetadata
> Task :d11_react-native-fast-image:compileDebugKotlin NO-SOURCE
> Task :app:processDebugNavigationResources UP-TO-DATE
> Task :app:parseDebugLocalResources UP-TO-DATE
> Task :app:generateDebugRFile UP-TO-DATE
> Task :app:javaPreCompileDebug UP-TO-DATE
> Task :app:mergeDebugAssets UP-TO-DATE
> Task :app:compressDebugAssets UP-TO-DATE
> Task :app:generateDebugGlobalSynthetics UP-TO-DATE
> Task :app:desugarDebugFileDependencies UP-TO-DATE
> Task :app:checkDebugAarMetadata UP-TO-DATE
> Task :app:mapDebugSourceSetPaths UP-TO-DATE
> Task :app:compileDebugNavigationResources UP-TO-DATE
> Task :app:checkDebugDuplicateClasses FAILED
> Task :expo-modules-core:configureCMakeDebug[arm64-v8a]
> Task :app:mergeDebugResources

> Task :d11_react-native-fast-image:compileDebugJavaWithJavac
Note: [2] Wrote GeneratedAppGlideModule with: [com.bumptech.glide.integration.webp.WebpGlideLibraryModule, com.github.penfeizhou.animation.glide.GlideAnimationModule, com.bumptech.glide.integration.okhttp3.OkHttpLibraryGlideModule, com.bumptech.glide.integration.avif.AvifGlideModule, com.fastimage.svg.SvgModule, com.dylanvann.fastimage.FastImageOkHttpProgressGlideModule]
Note: Some input files use or override a deprecated API.
Note: Recompile with -Xlint:deprecation for details.
Note: /Users/briones/.config/tuft/sessions/1788364493.114729/worktrees/agp-new-dsl/node_modules/@d11/react-native-fast-image/android/src/main/java/com/dylanvann/fastimage/FastImageViewWithUrl.java uses unchecked or unsafe operations.
Note: Recompile with -Xlint:unchecked for details.

> Task :expo-modules-core:compileDebugKotlin
w: file:///Users/briones/.config/tuft/sessions/1788364493.114729/worktrees/agp-new-dsl/node_modules/expo-modules-core/android/src/main/java/expo/modules/kotlin/jni/CppType.kt:42:23 'class NativeArrayBuffer : Destructible' is deprecated. Use ArrayBuffer instead.
w: file:///Users/briones/.config/tuft/sessions/1788364493.114729/worktrees/agp-new-dsl/node_modules/expo-modules-core/android/src/main/java/expo/modules/kotlin/jni/JavaCallback.kt:38:10 'class NativeArrayBuffer : Destructible' is deprecated. Use ArrayBuffer instead.
w: file:///Users/briones/.config/tuft/sessions/1788364493.114729/worktrees/agp-new-dsl/node_modules/expo-modules-core/android/src/main/java/expo/modules/kotlin/jni/JavaCallback.kt:96:45 'class NativeArrayBuffer : Destructible' is deprecated. Use ArrayBuffer instead.
w: file:///Users/briones/.config/tuft/sessions/1788364493.114729/worktrees/agp-new-dsl/node_modules/expo-modules-core/android/src/main/java/expo/modules/kotlin/jni/NativeArrayBuffer.kt:49:15 'class NativeArrayBuffer : Destructible' is deprecated. Use ArrayBuffer instead.
w: file:///Users/briones/.config/tuft/sessions/1788364493.114729/worktrees/agp-new-dsl/node_modules/expo-modules-core/android/src/main/java/expo/modules/kotlin/jni/NativeArrayBuffer.kt:64:30 'class NativeArrayBuffer : Destructible' is deprecated. Use ArrayBuffer instead.
w: file:///Users/briones/.config/tuft/sessions/1788364493.114729/worktrees/agp-new-dsl/node_modules/expo-modules-core/android/src/main/java/expo/modules/kotlin/jni/NativeArrayBuffer.kt:66:14 'constructor(byteBuffer: ByteBuffer): NativeArrayBuffer' is deprecated. Use ArrayBuffer instead.
w: file:///Users/briones/.config/tuft/sessions/1788364493.114729/worktrees/agp-new-dsl/node_modules/expo-modules-core/android/src/main/java/expo/modules/kotlin/jni/NativeArrayBuffer.kt:74:39 'class NativeArrayBuffer : Destructible' is deprecated. Use ArrayBuffer instead.
w: file:///Users/briones/.config/tuft/sessions/1788364493.114729/worktrees/agp-new-dsl/node_modules/expo-modules-core/android/src/main/java/expo/modules/kotlin/jni/NativeArrayBuffer.kt:75:7 'constructor(byteBuffer: ByteBuffer): NativeArrayBuffer' is deprecated. Use ArrayBuffer instead.
w: file:///Users/briones/.config/tuft/sessions/1788364493.114729/worktrees/agp-new-dsl/node_modules/expo-modules-core/android/src/main/java/expo/modules/kotlin/jni/NativeArrayBuffer.kt:80:37 'class NativeArrayBuffer : Destructible' is deprecated. Use ArrayBuffer instead.
w: file:///Users/briones/.config/tuft/sessions/1788364493.114729/worktrees/agp-new-dsl/node_modules/expo-modules-core/android/src/main/java/expo/modules/kotlin/jni/NativeArrayBuffer.kt:86:47 'class NativeArrayBuffer : Destructible' is deprecated. Use ArrayBuffer instead.
w: file:///Users/briones/.config/tuft/sessions/1788364493.114729/worktrees/agp-new-dsl/node_modules/expo-modules-core/android/src/main/java/expo/modules/kotlin/jni/NativeArrayBuffer.kt:92:23 'class NativeArrayBuffer : Destructible' is deprecated. Use ArrayBuffer instead.
w: file:///Users/briones/.config/tuft/sessions/1788364493.114729/worktrees/agp-new-dsl/node_modules/expo-modules-core/android/src/main/java/expo/modules/kotlin/jni/NativeArrayBuffer.kt:92:43 'class NativeArrayBuffer : Destructible' is deprecated. Use ArrayBuffer instead.
w: file:///Users/briones/.config/tuft/sessions/1788364493.114729/worktrees/agp-new-dsl/node_modules/expo-modules-core/android/src/main/java/expo/modules/kotlin/jni/NativeArrayBuffer.kt:95:41 'class NativeArrayBuffer : Destructible' is deprecated. Use ArrayBuffer instead.
w: file:///Users/briones/.config/tuft/sessions/1788364493.114729/worktrees/agp-new-dsl/node_modules/expo-modules-core/android/src/main/java/expo/modules/kotlin/jni/NativeArrayBuffer.kt:105:14 'constructor(byteBuffer: ByteBuffer): NativeArrayBuffer' is deprecated. Use ArrayBuffer instead.
w: file:///Users/briones/.config/tuft/sessions/1788364493.114729/worktrees/agp-new-dsl/node_modules/expo-modules-core/android/src/main/java/expo/modules/kotlin/types/ColorCompat.kt:115:5 This annotation is currently applied to the value parameter only, but in the future it will also be applied to field.
- To opt in to applying to both value parameter and field, add '-Xannotation-default-target=param-property' to your compiler arguments.
- To keep applying to the value parameter only, use the '@param:' annotation target.

See https://youtrack.jetbrains.com/issue/KT-73255 for more details.
w: file:///Users/briones/.config/tuft/sessions/1788364493.114729/worktrees/agp-new-dsl/node_modules/expo-modules-core/android/src/main/java/expo/modules/kotlin/types/JSTypeConverter.kt:7:8 'class NativeArrayBuffer : Destructible' is deprecated. Use ArrayBuffer instead.
w: file:///Users/briones/.config/tuft/sessions/1788364493.114729/worktrees/agp-new-dsl/node_modules/expo-modules-core/android/src/main/java/expo/modules/kotlin/types/JSTypeConverter.kt:245:55 'class NativeArrayBuffer : Destructible' is deprecated. Use ArrayBuffer instead.
w: file:///Users/briones/.config/tuft/sessions/1788364493.114729/worktrees/agp-new-dsl/node_modules/expo-modules-core/android/src/main/java/expo/modules/kotlin/types/JSTypeConverter.kt:247:19 'class NativeArrayBuffer : Destructible' is deprecated. Use ArrayBuffer instead.
w: file:///Users/briones/.config/tuft/sessions/1788364493.114729/worktrees/agp-new-dsl/node_modules/expo-modules-core/android/src/main/java/expo/modules/kotlin/types/ReturnType.kt:6:8 'class NativeArrayBuffer : Destructible' is deprecated. Use ArrayBuffer instead.
w: file:///Users/briones/.config/tuft/sessions/1788364493.114729/worktrees/agp-new-dsl/node_modules/expo-modules-core/android/src/main/java/expo/modules/kotlin/types/ReturnType.kt:45:5 'class NativeArrayBuffer : Destructible' is deprecated. Use ArrayBuffer instead.
w: file:///Users/briones/.config/tuft/sessions/1788364493.114729/worktrees/agp-new-dsl/node_modules/expo-modules-core/android/src/main/java/expo/modules/kotlin/types/TypeConverterProvider.kt:19:8 'class NativeArrayBuffer : Destructible' is deprecated. Use ArrayBuffer instead.
w: file:///Users/briones/.config/tuft/sessions/1788364493.114729/worktrees/agp-new-dsl/node_modules/expo-modules-core/android/src/main/java/expo/modules/kotlin/types/TypeConverterProvider.kt:254:7 'class NativeArrayBuffer : Destructible' is deprecated. Use ArrayBuffer instead.

[Incubating] Problems report is available at: file:///Users/briones/.config/tuft/sessions/1788364493.114729/worktrees/agp-new-dsl/android/build/reports/problems/problems-report.html

FAILURE: Build failed with an exception.

* What went wrong:
Execution failed for task ':app:checkDebugDuplicateClasses'.
> A failure occurred while executing com.android.build.gradle.internal.tasks.CheckDuplicatesRunnable
   > Duplicate class com.caverock.androidsvg.BuildConfig found in modules androidsvg-1.4.jar -> androidsvg-1.4 (com.caverock:androidsvg:1.4) and androidsvg-aar-1.4.aar -> androidsvg-aar-1.4-runtime (com.caverock:androidsvg-aar:1.4)
     Duplicate class com.caverock.androidsvg.CSSParseException found in modules androidsvg-1.4.jar -> androidsvg-1.4 (com.caverock:androidsvg:1.4) and androidsvg-aar-1.4.aar -> androidsvg-aar-1.4-runtime (com.caverock:androidsvg-aar:1.4)
     Duplicate class com.caverock.androidsvg.CSSParser found in modules androidsvg-1.4.jar -> androidsvg-1.4 (com.caverock:androidsvg:1.4) and androidsvg-aar-1.4.aar -> androidsvg-aar-1.4-runtime (com.caverock:androidsvg-aar:1.4)
     Duplicate class com.caverock.androidsvg.CSSParser$1 found in modules androidsvg-1.4.jar -> androidsvg-1.4 (com.caverock:androidsvg:1.4) and androidsvg-aar-1.4.aar -> androidsvg-aar-1.4-runtime (com.caverock:androidsvg-aar:1.4)
     Duplicate class com.caverock.androidsvg.CSSParser$Attrib found in modules androidsvg-1.4.jar -> androidsvg-1.4 (com.caverock:androidsvg:1.4) and androidsvg-aar-1.4.aar -> androidsvg-aar-1.4-runtime (com.caverock:androidsvg-aar:1.4)
     Duplicate class com.caverock.androidsvg.CSSParser$AttribOp found in modules androidsvg-1.4.jar -> androidsvg-1.4 (com.caverock:androidsvg:1.4) and androidsvg-aar-1.4.aar -> androidsvg-aar-1.4-runtime (com.caverock:androidsvg-aar:1.4)
     Duplicate class com.caverock.androidsvg.CSSParser$CSSTextScanner found in modules androidsvg-1.4.jar -> androidsvg-1.4 (com.caverock:androidsvg:1.4) and androidsvg-aar-1.4.aar -> androidsvg-aar-1.4-runtime (com.caverock:androidsvg-aar:1.4)
     Duplicate class com.caverock.androidsvg.CSSParser$CSSTextScanner$AnPlusB found in modules androidsvg-1.4.jar -> androidsvg-1.4 (com.caverock:androidsvg:1.4) and androidsvg-aar-1.4.aar -> androidsvg-aar-1.4-runtime (com.caverock:androidsvg-aar:1.4)
     Duplicate class com.caverock.androidsvg.CSSParser$Combinator found in modules androidsvg-1.4.jar -> androidsvg-1.4 (com.caverock:androidsvg:1.4) and androidsvg-aar-1.4.aar -> androidsvg-aar-1.4-runtime (com.caverock:androidsvg-aar:1.4)
     Duplicate class com.caverock.androidsvg.CSSParser$MediaType found in modules androidsvg-1.4.jar -> androidsvg-1.4 (com.caverock:androidsvg:1.4) and androidsvg-aar-1.4.aar -> androidsvg-aar-1.4-runtime (com.caverock:androidsvg-aar:1.4)
     Duplicate class com.caverock.androidsvg.CSSParser$PseudoClass found in modules androidsvg-1.4.jar -> androidsvg-1.4 (com.caverock:androidsvg:1.4) and androidsvg-aar-1.4.aar -> androidsvg-aar-1.4-runtime (com.caverock:androidsvg-aar:1.4)
     Duplicate class com.caverock.androidsvg.CSSParser$PseudoClassAnPlusB found in modules androidsvg-1.4.jar -> androidsvg-1.4 (com.caverock:androidsvg:1.4) and androidsvg-aar-1.4.aar -> androidsvg-aar-1.4-runtime (com.caverock:androidsvg-aar:1.4)
     Duplicate class com.caverock.androidsvg.CSSParser$PseudoClassEmpty found in modules androidsvg-1.4.jar -> androidsvg-1.4 (com.caverock:androidsvg:1.4) and androidsvg-aar-1.4.aar -> androidsvg-aar-1.4-runtime (com.caverock:androidsvg-aar:1.4)
     Duplicate class com.caverock.androidsvg.CSSParser$PseudoClassIdents found in modules androidsvg-1.4.jar -> androidsvg-1.4 (com.caverock:androidsvg:1.4) and androidsvg-aar-1.4.aar -> androidsvg-aar-1.4-runtime (com.caverock:androidsvg-aar:1.4)
     Duplicate class com.caverock.androidsvg.CSSParser$PseudoClassNot found in modules androidsvg-1.4.jar -> androidsvg-1.4 (com.caverock:androidsvg:1.4) and androidsvg-aar-1.4.aar -> androidsvg-aar-1.4-runtime (com.caverock:androidsvg-aar:1.4)
     Duplicate class com.caverock.androidsvg.CSSParser$PseudoClassNotSupported found in modules androidsvg-1.4.jar -> androidsvg-1.4 (com.caverock:androidsvg:1.4) and androidsvg-aar-1.4.aar -> androidsvg-aar-1.4-runtime (com.caverock:androidsvg-aar:1.4)
     Duplicate class com.caverock.androidsvg.CSSParser$PseudoClassOnlyChild found in modules androidsvg-1.4.jar -> androidsvg-1.4 (com.caverock:androidsvg:1.4) and androidsvg-aar-1.4.aar -> androidsvg-aar-1.4-runtime (com.caverock:androidsvg-aar:1.4)
     Duplicate class com.caverock.androidsvg.CSSParser$PseudoClassRoot found in modules androidsvg-1.4.jar -> androidsvg-1.4 (com.caverock:androidsvg:1.4) and androidsvg-aar-1.4.aar -> androidsvg-aar-1.4-runtime (com.caverock:androidsvg-aar:1.4)
     Duplicate class com.caverock.androidsvg.CSSParser$PseudoClassTarget found in modules androidsvg-1.4.jar -> androidsvg-1.4 (com.caverock:androidsvg:1.4) and androidsvg-aar-1.4.aar -> androidsvg-aar-1.4-runtime (com.caverock:androidsvg-aar:1.4)
     Duplicate class com.caverock.androidsvg.CSSParser$Rule found in modules androidsvg-1.4.jar -> androidsvg-1.4 (com.caverock:androidsvg:1.4) and androidsvg-aar-1.4.aar -> androidsvg-aar-1.4-runtime (com.caverock:androidsvg-aar:1.4)
     Duplicate class com.caverock.androidsvg.CSSParser$RuleMatchContext found in modules androidsvg-1.4.jar -> androidsvg-1.4 (com.caverock:androidsvg:1.4) and androidsvg-aar-1.4.aar -> androidsvg-aar-1.4-runtime (com.caverock:androidsvg-aar:1.4)
     Duplicate class com.caverock.androidsvg.CSSParser$Ruleset found in modules androidsvg-1.4.jar -> androidsvg-1.4 (com.caverock:androidsvg:1.4) and androidsvg-aar-1.4.aar -> androidsvg-aar-1.4-runtime (com.caverock:androidsvg-aar:1.4)
     Duplicate class com.caverock.androidsvg.CSSParser$Selector found in modules androidsvg-1.4.jar -> androidsvg-1.4 (com.caverock:androidsvg:1.4) and androidsvg-aar-1.4.aar -> androidsvg-aar-1.4-runtime (com.caverock:androidsvg-aar:1.4)
     Duplicate class com.caverock.androidsvg.CSSParser$SimpleSelector found in modules androidsvg-1.4.jar -> androidsvg-1.4 (com.caverock:androidsvg:1.4) and androidsvg-aar-1.4.aar -> androidsvg-aar-1.4-runtime (com.caverock:androidsvg-aar:1.4)
     Duplicate class com.caverock.androidsvg.CSSParser$Source found in modules androidsvg-1.4.jar -> androidsvg-1.4 (com.caverock:androidsvg:1.4) and androidsvg-aar-1.4.aar -> androidsvg-aar-1.4-runtime (com.caverock:androidsvg-aar:1.4)
     Duplicate class com.caverock.androidsvg.CanvasLegacy found in modules androidsvg-1.4.jar -> androidsvg-1.4 (com.caverock:androidsvg:1.4) and androidsvg-aar-1.4.aar -> androidsvg-aar-1.4-runtime (com.caverock:androidsvg-aar:1.4)
     Duplicate class com.caverock.androidsvg.IntegerParser found in modules androidsvg-1.4.jar -> androidsvg-1.4 (com.caverock:androidsvg:1.4) and androidsvg-aar-1.4.aar -> androidsvg-aar-1.4-runtime (com.caverock:androidsvg-aar:1.4)
     Duplicate class com.caverock.androidsvg.LibConfig found in modules androidsvg-1.4.jar -> androidsvg-1.4 (com.caverock:androidsvg:1.4) and androidsvg-aar-1.4.aar -> androidsvg-aar-1.4-runtime (com.caverock:androidsvg-aar:1.4)
     Duplicate class com.caverock.androidsvg.NumberParser found in modules androidsvg-1.4.jar -> androidsvg-1.4 (com.caverock:androidsvg:1.4) and androidsvg-aar-1.4.aar -> androidsvg-aar-1.4-runtime (com.caverock:androidsvg-aar:1.4)
     Duplicate class com.caverock.androidsvg.PreserveAspectRatio found in modules androidsvg-1.4.jar -> androidsvg-1.4 (com.caverock:androidsvg:1.4) and androidsvg-aar-1.4.aar -> androidsvg-aar-1.4-runtime (com.caverock:androidsvg-aar:1.4)
     Duplicate class com.caverock.androidsvg.PreserveAspectRatio$Alignment found in modules androidsvg-1.4.jar -> androidsvg-1.4 (com.caverock:androidsvg:1.4) and androidsvg-aar-1.4.aar -> androidsvg-aar-1.4-runtime (com.caverock:androidsvg-aar:1.4)
     Duplicate class com.caverock.androidsvg.PreserveAspectRatio$Scale found in modules androidsvg-1.4.jar -> androidsvg-1.4 (com.caverock:androidsvg:1.4) and androidsvg-aar-1.4.aar -> androidsvg-aar-1.4-runtime (com.caverock:androidsvg-aar:1.4)
     Duplicate class com.caverock.androidsvg.RenderOptions found in modules androidsvg-1.4.jar -> androidsvg-1.4 (com.caverock:androidsvg:1.4) and androidsvg-aar-1.4.aar -> androidsvg-aar-1.4-runtime (com.caverock:androidsvg-aar:1.4)
     Duplicate class com.caverock.androidsvg.SVG found in modules androidsvg-1.4.jar -> androidsvg-1.4 (com.caverock:androidsvg:1.4) and androidsvg-aar-1.4.aar -> androidsvg-aar-1.4-runtime (com.caverock:androidsvg-aar:1.4)
     Duplicate class com.caverock.androidsvg.SVG$1 found in modules androidsvg-1.4.jar -> androidsvg-1.4 (com.caverock:androidsvg:1.4) and androidsvg-aar-1.4.aar -> androidsvg-aar-1.4-runtime (com.caverock:androidsvg-aar:1.4)
     Duplicate class com.caverock.androidsvg.SVG$Box found in modules androidsvg-1.4.jar -> androidsvg-1.4 (com.caverock:androidsvg:1.4) and androidsvg-aar-1.4.aar -> androidsvg-aar-1.4-runtime (com.caverock:androidsvg-aar:1.4)
     Duplicate class com.caverock.androidsvg.SVG$CSSClipRect found in modules androidsvg-1.4.jar -> androidsvg-1.4 (com.caverock:androidsvg:1.4) and androidsvg-aar-1.4.aar -> androidsvg-aar-1.4-runtime (com.caverock:androidsvg-aar:1.4)
     Duplicate class com.caverock.androidsvg.SVG$Circle found in modules androidsvg-1.4.jar -> androidsvg-1.4 (com.caverock:androidsvg:1.4) and androidsvg-aar-1.4.aar -> androidsvg-aar-1.4-runtime (com.caverock:androidsvg-aar:1.4)
     Duplicate class com.caverock.androidsvg.SVG$ClipPath found in modules androidsvg-1.4.jar -> androidsvg-1.4 (com.caverock:androidsvg:1.4) and androidsvg-aar-1.4.aar -> androidsvg-aar-1.4-runtime (com.caverock:androidsvg-aar:1.4)
     Duplicate class com.caverock.androidsvg.SVG$Colour found in modules androidsvg-1.4.jar -> androidsvg-1.4 (com.caverock:androidsvg:1.4) and androidsvg-aar-1.4.aar -> androidsvg-aar-1.4-runtime (com.caverock:androidsvg-aar:1.4)
     Duplicate class com.caverock.androidsvg.SVG$CurrentColor found in modules androidsvg-1.4.jar -> androidsvg-1.4 (com.caverock:androidsvg:1.4) and androidsvg-aar-1.4.aar -> androidsvg-aar-1.4-runtime (com.caverock:androidsvg-aar:1.4)
     Duplicate class com.caverock.androidsvg.SVG$Defs found in modules androidsvg-1.4.jar -> androidsvg-1.4 (com.caverock:androidsvg:1.4) and androidsvg-aar-1.4.aar -> androidsvg-aar-1.4-runtime (com.caverock:androidsvg-aar:1.4)
     Duplicate class com.caverock.androidsvg.SVG$Ellipse found in modules androidsvg-1.4.jar -> androidsvg-1.4 (com.caverock:androidsvg:1.4) and androidsvg-aar-1.4.aar -> androidsvg-aar-1.4-runtime (com.caverock:androidsvg-aar:1.4)
     Duplicate class com.caverock.androidsvg.SVG$GradientElement found in modules androidsvg-1.4.jar -> androidsvg-1.4 (com.caverock:androidsvg:1.4) and androidsvg-aar-1.4.aar -> androidsvg-aar-1.4-runtime (com.caverock:androidsvg-aar:1.4)
     Duplicate class com.caverock.androidsvg.SVG$GradientSpread found in modules androidsvg-1.4.jar -> androidsvg-1.4 (com.caverock:androidsvg:1.4) and androidsvg-aar-1.4.aar -> androidsvg-aar-1.4-runtime (com.caverock:androidsvg-aar:1.4)
     Duplicate class com.caverock.androidsvg.SVG$GraphicsElement found in modules androidsvg-1.4.jar -> androidsvg-1.4 (com.caverock:androidsvg:1.4) and androidsvg-aar-1.4.aar -> androidsvg-aar-1.4-runtime (com.caverock:androidsvg-aar:1.4)
     Duplicate class com.caverock.androidsvg.SVG$Group found in modules androidsvg-1.4.jar -> androidsvg-1.4 (com.caverock:androidsvg:1.4) and androidsvg-aar-1.4.aar -> androidsvg-aar-1.4-runtime (com.caverock:androidsvg-aar:1.4)
     Duplicate class com.caverock.androidsvg.SVG$HasTransform found in modules androidsvg-1.4.jar -> androidsvg-1.4 (com.caverock:androidsvg:1.4) and androidsvg-aar-1.4.aar -> androidsvg-aar-1.4-runtime (com.caverock:androidsvg-aar:1.4)
     Duplicate class com.caverock.androidsvg.SVG$Image found in modules androidsvg-1.4.jar -> androidsvg-1.4 (com.caverock:androidsvg:1.4) and androidsvg-aar-1.4.aar -> androidsvg-aar-1.4-runtime (com.caverock:androidsvg-aar:1.4)
     Duplicate class com.caverock.androidsvg.SVG$Length found in modules androidsvg-1.4.jar -> androidsvg-1.4 (com.caverock:androidsvg:1.4) and androidsvg-aar-1.4.aar -> androidsvg-aar-1.4-runtime (com.caverock:androidsvg-aar:1.4)
     Duplicate class com.caverock.androidsvg.SVG$Line found in modules androidsvg-1.4.jar -> androidsvg-1.4 (com.caverock:androidsvg:1.4) and androidsvg-aar-1.4.aar -> androidsvg-aar-1.4-runtime (com.caverock:androidsvg-aar:1.4)
     Duplicate class com.caverock.androidsvg.SVG$Marker found in modules androidsvg-1.4.jar -> androidsvg-1.4 (com.caverock:androidsvg:1.4) and androidsvg-aar-1.4.aar -> androidsvg-aar-1.4-runtime (com.caverock:androidsvg-aar:1.4)
     Duplicate class com.caverock.androidsvg.SVG$Mask found in modules androidsvg-1.4.jar -> androidsvg-1.4 (com.caverock:androidsvg:1.4) and androidsvg-aar-1.4.aar -> androidsvg-aar-1.4-runtime (com.caverock:androidsvg-aar:1.4)
     Duplicate class com.caverock.androidsvg.SVG$NotDirectlyRendered found in modules androidsvg-1.4.jar -> androidsvg-1.4 (com.caverock:androidsvg:1.4) and androidsvg-aar-1.4.aar -> androidsvg-aar-1.4-runtime (com.caverock:androidsvg-aar:1.4)
     Duplicate class com.caverock.androidsvg.SVG$PaintReference found in modules androidsvg-1.4.jar -> androidsvg-1.4 (com.caverock:androidsvg:1.4) and androidsvg-aar-1.4.aar -> androidsvg-aar-1.4-runtime (com.caverock:androidsvg-aar:1.4)
     Duplicate class com.caverock.androidsvg.SVG$Path found in modules androidsvg-1.4.jar -> androidsvg-1.4 (com.caverock:androidsvg:1.4) and androidsvg-aar-1.4.aar -> androidsvg-aar-1.4-runtime (com.caverock:androidsvg-aar:1.4)
     Duplicate class com.caverock.androidsvg.SVG$PathDefinition found in modules androidsvg-1.4.jar -> androidsvg-1.4 (com.caverock:androidsvg:1.4) and androidsvg-aar-1.4.aar -> androidsvg-aar-1.4-runtime (com.caverock:androidsvg-aar:1.4)
     Duplicate class com.caverock.androidsvg.SVG$PathInterface found in modules androidsvg-1.4.jar -> androidsvg-1.4 (com.caverock:androidsvg:1.4) and androidsvg-aar-1.4.aar -> androidsvg-aar-1.4-runtime (com.caverock:androidsvg-aar:1.4)
     Duplicate class com.caverock.androidsvg.SVG$Pattern found in modules androidsvg-1.4.jar -> androidsvg-1.4 (com.caverock:androidsvg:1.4) and androidsvg-aar-1.4.aar -> androidsvg-aar-1.4-runtime (com.caverock:androidsvg-aar:1.4)
     Duplicate class com.caverock.androidsvg.SVG$PolyLine found in modules androidsvg-1.4.jar -> androidsvg-1.4 (com.caverock:androidsvg:1.4) and androidsvg-aar-1.4.aar -> androidsvg-aar-1.4-runtime (com.caverock:androidsvg-aar:1.4)
     Duplicate class com.caverock.androidsvg.SVG$Polygon found in modules androidsvg-1.4.jar -> androidsvg-1.4 (com.caverock:androidsvg:1.4) and androidsvg-aar-1.4.aar -> androidsvg-aar-1.4-runtime (com.caverock:androidsvg-aar:1.4)
     Duplicate class com.caverock.androidsvg.SVG$Rect found in modules androidsvg-1.4.jar -> androidsvg-1.4 (com.caverock:androidsvg:1.4) and androidsvg-aar-1.4.aar -> androidsvg-aar-1.4-runtime (com.caverock:androidsvg-aar:1.4)
     Duplicate class com.caverock.androidsvg.SVG$SolidColor found in modules androidsvg-1.4.jar -> androidsvg-1.4 (com.caverock:androidsvg:1.4) and androidsvg-aar-1.4.aar -> androidsvg-aar-1.4-runtime (com.caverock:androidsvg-aar:1.4)
     Duplicate class com.caverock.androidsvg.SVG$Stop found in modules androidsvg-1.4.jar -> androidsvg-1.4 (com.caverock:androidsvg:1.4) and androidsvg-aar-1.4.aar -> androidsvg-aar-1.4-runtime (com.caverock:androidsvg-aar:1.4)
     Duplicate class com.caverock.androidsvg.SVG$Style found in modules androidsvg-1.4.jar -> androidsvg-1.4 (com.caverock:androidsvg:1.4) and androidsvg-aar-1.4.aar -> androidsvg-aar-1.4-runtime (com.caverock:androidsvg-aar:1.4)
     Duplicate class com.caverock.androidsvg.SVG$Style$FillRule found in modules androidsvg-1.4.jar -> androidsvg-1.4 (com.caverock:androidsvg:1.4) and androidsvg-aar-1.4.aar -> androidsvg-aar-1.4-runtime (com.caverock:androidsvg-aar:1.4)
     Duplicate class com.caverock.androidsvg.SVG$Style$FontStyle found in modules androidsvg-1.4.jar -> androidsvg-1.4 (com.caverock:androidsvg:1.4) and androidsvg-aar-1.4.aar -> androidsvg-aar-1.4-runtime (com.caverock:androidsvg-aar:1.4)
     Duplicate class com.caverock.androidsvg.SVG$Style$LineCap found in modules androidsvg-1.4.jar -> androidsvg-1.4 (com.caverock:androidsvg:1.4) and androidsvg-aar-1.4.aar -> androidsvg-aar-1.4-runtime (com.caverock:androidsvg-aar:1.4)
     Duplicate class com.caverock.androidsvg.SVG$Style$LineJoin found in modules androidsvg-1.4.jar -> androidsvg-1.4 (com.caverock:androidsvg:1.4) and androidsvg-aar-1.4.aar -> androidsvg-aar-1.4-runtime (com.caverock:androidsvg-aar:1.4)
     Duplicate class com.caverock.androidsvg.SVG$Style$RenderQuality found in modules androidsvg-1.4.jar -> androidsvg-1.4 (com.caverock:androidsvg:1.4) and androidsvg-aar-1.4.aar -> androidsvg-aar-1.4-runtime (com.caverock:androidsvg-aar:1.4)
     Duplicate class com.caverock.androidsvg.SVG$Style$TextAnchor found in modules androidsvg-1.4.jar -> androidsvg-1.4 (com.caverock:androidsvg:1.4) and androidsvg-aar-1.4.aar -> androidsvg-aar-1.4-runtime (com.caverock:androidsvg-aar:1.4)
     Duplicate class com.caverock.androidsvg.SVG$Style$TextDecoration found in modules androidsvg-1.4.jar -> androidsvg-1.4 (com.caverock:androidsvg:1.4) and androidsvg-aar-1.4.aar -> androidsvg-aar-1.4-runtime (com.caverock:androidsvg-aar:1.4)
     Duplicate class com.caverock.androidsvg.SVG$Style$TextDirection found in modules androidsvg-1.4.jar -> androidsvg-1.4 (com.caverock:androidsvg:1.4) and androidsvg-aar-1.4.aar -> androidsvg-aar-1.4-runtime (com.caverock:androidsvg-aar:1.4)
     Duplicate class com.caverock.androidsvg.SVG$Style$VectorEffect found in modules androidsvg-1.4.jar -> androidsvg-1.4 (com.caverock:androidsvg:1.4) and androidsvg-aar-1.4.aar -> androidsvg-aar-1.4-runtime (com.caverock:androidsvg-aar:1.4)
     Duplicate class com.caverock.androidsvg.SVG$Svg found in modules androidsvg-1.4.jar -> androidsvg-1.4 (com.caverock:androidsvg:1.4) and androidsvg-aar-1.4.aar -> androidsvg-aar-1.4-runtime (com.caverock:androidsvg-aar:1.4)
     Duplicate class com.caverock.androidsvg.SVG$SvgConditional found in modules androidsvg-1.4.jar -> androidsvg-1.4 (com.caverock:androidsvg:1.4) and androidsvg-aar-1.4.aar -> androidsvg-aar-1.4-runtime (com.caverock:androidsvg-aar:1.4)
     Duplicate class com.caverock.androidsvg.SVG$SvgConditionalContainer found in modules androidsvg-1.4.jar -> androidsvg-1.4 (com.caverock:androidsvg:1.4) and androidsvg-aar-1.4.aar -> androidsvg-aar-1.4-runtime (com.caverock:androidsvg-aar:1.4)
     Duplicate class com.caverock.androidsvg.SVG$SvgConditionalElement found in modules androidsvg-1.4.jar -> androidsvg-1.4 (com.caverock:androidsvg:1.4) and androidsvg-aar-1.4.aar -> androidsvg-aar-1.4-runtime (com.caverock:androidsvg-aar:1.4)
     Duplicate class com.caverock.androidsvg.SVG$SvgContainer found in modules androidsvg-1.4.jar -> androidsvg-1.4 (com.caverock:androidsvg:1.4) and androidsvg-aar-1.4.aar -> androidsvg-aar-1.4-runtime (com.caverock:androidsvg-aar:1.4)
     Duplicate class com.caverock.androidsvg.SVG$SvgElement found in modules androidsvg-1.4.jar -> androidsvg-1.4 (com.caverock:androidsvg:1.4) and androidsvg-aar-1.4.aar -> androidsvg-aar-1.4-runtime (com.caverock:androidsvg-aar:1.4)
     Duplicate class com.caverock.androidsvg.SVG$SvgElementBase found in modules androidsvg-1.4.jar -> androidsvg-1.4 (com.caverock:androidsvg:1.4) and androidsvg-aar-1.4.aar -> androidsvg-aar-1.4-runtime (com.caverock:androidsvg-aar:1.4)
     Duplicate class com.caverock.androidsvg.SVG$SvgLinearGradient found in modules androidsvg-1.4.jar -> androidsvg-1.4 (com.caverock:androidsvg:1.4) and androidsvg-aar-1.4.aar -> androidsvg-aar-1.4-runtime (com.caverock:androidsvg-aar:1.4)
     Duplicate class com.caverock.androidsvg.SVG$SvgObject found in modules androidsvg-1.4.jar -> androidsvg-1.4 (com.caverock:androidsvg:1.4) and androidsvg-aar-1.4.aar -> androidsvg-aar-1.4-runtime (com.caverock:androidsvg-aar:1.4)
     Duplicate class com.caverock.androidsvg.SVG$SvgPaint found in modules androidsvg-1.4.jar -> androidsvg-1.4 (com.caverock:androidsvg:1.4) and androidsvg-aar-1.4.aar -> androidsvg-aar-1.4-runtime (com.caverock:androidsvg-aar:1.4)
     Duplicate class com.caverock.androidsvg.SVG$SvgPreserveAspectRatioContainer found in modules androidsvg-1.4.jar -> androidsvg-1.4 (com.caverock:androidsvg:1.4) and androidsvg-aar-1.4.aar -> androidsvg-aar-1.4-runtime (com.caverock:androidsvg-aar:1.4)
     Duplicate class com.caverock.androidsvg.SVG$SvgRadialGradient found in modules androidsvg-1.4.jar -> androidsvg-1.4 (com.caverock:androidsvg:1.4) and androidsvg-aar-1.4.aar -> androidsvg-aar-1.4-runtime (com.caverock:androidsvg-aar:1.4)
     Duplicate class com.caverock.androidsvg.SVG$SvgViewBoxContainer found in modules androidsvg-1.4.jar -> androidsvg-1.4 (com.caverock:androidsvg:1.4) and androidsvg-aar-1.4.aar -> androidsvg-aar-1.4-runtime (com.caverock:androidsvg-aar:1.4)
     Duplicate class com.caverock.androidsvg.SVG$Switch found in modules androidsvg-1.4.jar -> androidsvg-1.4 (com.caverock:androidsvg:1.4) and androidsvg-aar-1.4.aar -> androidsvg-aar-1.4-runtime (com.caverock:androidsvg-aar:1.4)
     Duplicate class com.caverock.androidsvg.SVG$Symbol found in modules androidsvg-1.4.jar -> androidsvg-1.4 (com.caverock:androidsvg:1.4) and androidsvg-aar-1.4.aar -> androidsvg-aar-1.4-runtime (com.caverock:androidsvg-aar:1.4)
     Duplicate class com.caverock.androidsvg.SVG$TRef found in modules androidsvg-1.4.jar -> androidsvg-1.4 (com.caverock:androidsvg:1.4) and androidsvg-aar-1.4.aar -> androidsvg-aar-1.4-runtime (com.caverock:androidsvg-aar:1.4)
     Duplicate class com.caverock.androidsvg.SVG$TSpan found in modules androidsvg-1.4.jar -> androidsvg-1.4 (com.caverock:androidsvg:1.4) and androidsvg-aar-1.4.aar -> androidsvg-aar-1.4-runtime (com.caverock:androidsvg-aar:1.4)
     Duplicate class com.caverock.androidsvg.SVG$Text found in modules androidsvg-1.4.jar -> androidsvg-1.4 (com.caverock:androidsvg:1.4) and androidsvg-aar-1.4.aar -> androidsvg-aar-1.4-runtime (com.caverock:androidsvg-aar:1.4)
     Duplicate class com.caverock.androidsvg.SVG$TextChild found in modules androidsvg-1.4.jar -> androidsvg-1.4 (com.caverock:androidsvg:1.4) and androidsvg-aar-1.4.aar -> androidsvg-aar-1.4-runtime (com.caverock:androidsvg-aar:1.4)
     Duplicate class com.caverock.androidsvg.SVG$TextContainer found in modules androidsvg-1.4.jar -> androidsvg-1.4 (com.caverock:androidsvg:1.4) and androidsvg-aar-1.4.aar -> androidsvg-aar-1.4-runtime (com.caverock:androidsvg-aar:1.4)
     Duplicate class com.caverock.androidsvg.SVG$TextPath found in modules androidsvg-1.4.jar -> androidsvg-1.4 (com.caverock:androidsvg:1.4) and androidsvg-aar-1.4.aar -> androidsvg-aar-1.4-runtime (com.caverock:androidsvg-aar:1.4)
     Duplicate class com.caverock.androidsvg.SVG$TextPositionedContainer found in modules androidsvg-1.4.jar -> androidsvg-1.4 (com.caverock:androidsvg:1.4) and androidsvg-aar-1.4.aar -> androidsvg-aar-1.4-runtime (com.caverock:androidsvg-aar:1.4)
     Duplicate class com.caverock.androidsvg.SVG$TextRoot found in modules androidsvg-1.4.jar -> androidsvg-1.4 (com.caverock:androidsvg:1.4) and androidsvg-aar-1.4.aar -> androidsvg-aar-1.4-runtime (com.caverock:androidsvg-aar:1.4)
     Duplicate class com.caverock.androidsvg.SVG$TextSequence found in modules androidsvg-1.4.jar -> androidsvg-1.4 (com.caverock:androidsvg:1.4) and androidsvg-aar-1.4.aar -> androidsvg-aar-1.4-runtime (com.caverock:androidsvg-aar:1.4)
     Duplicate class com.caverock.androidsvg.SVG$Unit found in modules androidsvg-1.4.jar -> androidsvg-1.4 (com.caverock:androidsvg:1.4) and androidsvg-aar-1.4.aar -> androidsvg-aar-1.4-runtime (com.caverock:androidsvg-aar:1.4)
     Duplicate class com.caverock.androidsvg.SVG$Use found in modules androidsvg-1.4.jar -> androidsvg-1.4 (com.caverock:androidsvg:1.4) and androidsvg-aar-1.4.aar -> androidsvg-aar-1.4-runtime (com.caverock:androidsvg-aar:1.4)
     Duplicate class com.caverock.androidsvg.SVG$View found in modules androidsvg-1.4.jar -> androidsvg-1.4 (com.caverock:androidsvg:1.4) and androidsvg-aar-1.4.aar -> androidsvg-aar-1.4-runtime (com.caverock:androidsvg-aar:1.4)
     Duplicate class com.caverock.androidsvg.SVGAndroidRenderer found in modules androidsvg-1.4.jar -> androidsvg-1.4 (com.caverock:androidsvg:1.4) and androidsvg-aar-1.4.aar -> androidsvg-aar-1.4-runtime (com.caverock:androidsvg-aar:1.4)
     Duplicate class com.caverock.androidsvg.SVGAndroidRenderer$1 found in modules androidsvg-1.4.jar -> androidsvg-1.4 (com.caverock:androidsvg:1.4) and androidsvg-aar-1.4.aar -> androidsvg-aar-1.4-runtime (com.caverock:androidsvg-aar:1.4)
     Duplicate class com.caverock.androidsvg.SVGAndroidRenderer$MarkerPositionCalculator found in modules androidsvg-1.4.jar -> androidsvg-1.4 (com.caverock:androidsvg:1.4) and androidsvg-aar-1.4.aar -> androidsvg-aar-1.4-runtime (com.caverock:androidsvg-aar:1.4)
     Duplicate class com.caverock.androidsvg.SVGAndroidRenderer$MarkerVector found in modules androidsvg-1.4.jar -> androidsvg-1.4 (com.caverock:androidsvg:1.4) and androidsvg-aar-1.4.aar -> androidsvg-aar-1.4-runtime (com.caverock:androidsvg-aar:1.4)
     Duplicate class com.caverock.androidsvg.SVGAndroidRenderer$PathConverter found in modules androidsvg-1.4.jar -> androidsvg-1.4 (com.caverock:androidsvg:1.4) and androidsvg-aar-1.4.aar -> androidsvg-aar-1.4-runtime (com.caverock:androidsvg-aar:1.4)
     Duplicate class com.caverock.androidsvg.SVGAndroidRenderer$PathTextDrawer found in modules androidsvg-1.4.jar -> androidsvg-1.4 (com.caverock:androidsvg:1.4) and androidsvg-aar-1.4.aar -> androidsvg-aar-1.4-runtime (com.caverock:androidsvg-aar:1.4)
     Duplicate class com.caverock.androidsvg.SVGAndroidRenderer$PlainTextDrawer found in modules androidsvg-1.4.jar -> androidsvg-1.4 (com.caverock:androidsvg:1.4) and androidsvg-aar-1.4.aar -> androidsvg-aar-1.4-runtime (com.caverock:androidsvg-aar:1.4)
     Duplicate class com.caverock.androidsvg.SVGAndroidRenderer$PlainTextToPath found in modules androidsvg-1.4.jar -> androidsvg-1.4 (com.caverock:androidsvg:1.4) and androidsvg-aar-1.4.aar -> androidsvg-aar-1.4-runtime (com.caverock:androidsvg-aar:1.4)
     Duplicate class com.caverock.androidsvg.SVGAndroidRenderer$RendererState found in modules androidsvg-1.4.jar -> androidsvg-1.4 (com.caverock:androidsvg:1.4) and androidsvg-aar-1.4.aar -> androidsvg-aar-1.4-runtime (com.caverock:androidsvg-aar:1.4)
     Duplicate class com.caverock.androidsvg.SVGAndroidRenderer$TextBoundsCalculator found in modules androidsvg-1.4.jar -> androidsvg-1.4 (com.caverock:androidsvg:1.4) and androidsvg-aar-1.4.aar -> androidsvg-aar-1.4-runtime (com.caverock:androidsvg-aar:1.4)
     Duplicate class com.caverock.androidsvg.SVGAndroidRenderer$TextProcessor found in modules androidsvg-1.4.jar -> androidsvg-1.4 (com.caverock:androidsvg:1.4) and androidsvg-aar-1.4.aar -> androidsvg-aar-1.4-runtime (com.caverock:androidsvg-aar:1.4)
     Duplicate class com.caverock.androidsvg.SVGAndroidRenderer$TextWidthCalculator found in modules androidsvg-1.4.jar -> androidsvg-1.4 (com.caverock:androidsvg:1.4) and androidsvg-aar-1.4.aar -> androidsvg-aar-1.4-runtime (com.caverock:androidsvg-aar:1.4)
     Duplicate class com.caverock.androidsvg.SVGExternalFileResolver found in modules androidsvg-1.4.jar -> androidsvg-1.4 (com.caverock:androidsvg:1.4) and androidsvg-aar-1.4.aar -> androidsvg-aar-1.4-runtime (com.caverock:androidsvg-aar:1.4)
     Duplicate class com.caverock.androidsvg.SVGImageView found in modules androidsvg-1.4.jar -> androidsvg-1.4 (com.caverock:androidsvg:1.4) and androidsvg-aar-1.4.aar -> androidsvg-aar-1.4-runtime (com.caverock:androidsvg-aar:1.4)
     Duplicate class com.caverock.androidsvg.SVGImageView$1 found in modules androidsvg-1.4.jar -> androidsvg-1.4 (com.caverock:androidsvg:1.4) and androidsvg-aar-1.4.aar -> androidsvg-aar-1.4-runtime (com.caverock:androidsvg-aar:1.4)
     Duplicate class com.caverock.androidsvg.SVGImageView$LoadResourceTask found in modules androidsvg-1.4.jar -> androidsvg-1.4 (com.caverock:androidsvg:1.4) and androidsvg-aar-1.4.aar -> androidsvg-aar-1.4-runtime (com.caverock:androidsvg-aar:1.4)
     Duplicate class com.caverock.androidsvg.SVGImageView$LoadURITask found in modules androidsvg-1.4.jar -> androidsvg-1.4 (com.caverock:androidsvg:1.4) and androidsvg-aar-1.4.aar -> androidsvg-aar-1.4-runtime (com.caverock:androidsvg-aar:1.4)
     Duplicate class com.caverock.androidsvg.SVGParseException found in modules androidsvg-1.4.jar -> androidsvg-1.4 (com.caverock:androidsvg:1.4) and androidsvg-aar-1.4.aar -> androidsvg-aar-1.4-runtime (com.caverock:androidsvg-aar:1.4)
     Duplicate class com.caverock.androidsvg.SVGParser found in modules androidsvg-1.4.jar -> androidsvg-1.4 (com.caverock:androidsvg:1.4) and androidsvg-aar-1.4.aar -> androidsvg-aar-1.4-runtime (com.caverock:androidsvg-aar:1.4)
     Duplicate class com.caverock.androidsvg.SVGParser$1 found in modules androidsvg-1.4.jar -> androidsvg-1.4 (com.caverock:androidsvg:1.4) and androidsvg-aar-1.4.aar -> androidsvg-aar-1.4-runtime (com.caverock:androidsvg-aar:1.4)
     Duplicate class com.caverock.androidsvg.SVGParser$AspectRatioKeywords found in modules androidsvg-1.4.jar -> androidsvg-1.4 (com.caverock:androidsvg:1.4) and androidsvg-aar-1.4.aar -> androidsvg-aar-1.4-runtime (com.caverock:androidsvg-aar:1.4)
     Duplicate class com.caverock.androidsvg.SVGParser$ColourKeywords found in modules androidsvg-1.4.jar -> androidsvg-1.4 (com.caverock:androidsvg:1.4) and androidsvg-aar-1.4.aar -> androidsvg-aar-1.4-runtime (com.caverock:androidsvg-aar:1.4)
     Duplicate class com.caverock.androidsvg.SVGParser$FontSizeKeywords found in modules androidsvg-1.4.jar -> androidsvg-1.4 (com.caverock:androidsvg:1.4) and androidsvg-aar-1.4.aar -> androidsvg-aar-1.4-runtime (com.caverock:androidsvg-aar:1.4)
     Duplicate class com.caverock.androidsvg.SVGParser$FontWeightKeywords found in modules androidsvg-1.4.jar -> androidsvg-1.4 (com.caverock:androidsvg:1.4) and androidsvg-aar-1.4.aar -> androidsvg-aar-1.4-runtime (com.caverock:androidsvg-aar:1.4)
     Duplicate class com.caverock.androidsvg.SVGParser$SAXHandler found in modules androidsvg-1.4.jar -> androidsvg-1.4 (com.caverock:androidsvg:1.4) and androidsvg-aar-1.4.aar -> androidsvg-aar-1.4-runtime (com.caverock:androidsvg-aar:1.4)
     Duplicate class com.caverock.androidsvg.SVGParser$SVGAttr found in modules androidsvg-1.4.jar -> androidsvg-1.4 (com.caverock:androidsvg:1.4) and androidsvg-aar-1.4.aar -> androidsvg-aar-1.4-runtime (com.caverock:androidsvg-aar:1.4)
     Duplicate class com.caverock.androidsvg.SVGParser$SVGElem found in modules androidsvg-1.4.jar -> androidsvg-1.4 (com.caverock:androidsvg:1.4) and androidsvg-aar-1.4.aar -> androidsvg-aar-1.4-runtime (com.caverock:androidsvg-aar:1.4)
     Duplicate class com.caverock.androidsvg.SVGParser$TextScanner found in modules androidsvg-1.4.jar -> androidsvg-1.4 (com.caverock:androidsvg:1.4) and androidsvg-aar-1.4.aar -> androidsvg-aar-1.4-runtime (com.caverock:androidsvg-aar:1.4)
     Duplicate class com.caverock.androidsvg.SVGParser$XPPAttributesWrapper found in modules androidsvg-1.4.jar -> androidsvg-1.4 (com.caverock:androidsvg:1.4) and androidsvg-aar-1.4.aar -> androidsvg-aar-1.4-runtime (com.caverock:androidsvg-aar:1.4)
     Duplicate class com.caverock.androidsvg.SimpleAssetResolver found in modules androidsvg-1.4.jar -> androidsvg-1.4 (com.caverock:androidsvg:1.4) and androidsvg-aar-1.4.aar -> androidsvg-aar-1.4-runtime (com.caverock:androidsvg-aar:1.4)
     
     Learn how to fix dependency resolution errors at https://d.android.com/r/tools/classpath-sync-errors

* Try:
> Run with --stacktrace option to get the stack trace.
> Run with --info or --debug option to get more log output.
> Run with --scan to get full insights from a Build Scan (powered by Develocity).
> Get more help at https://help.gradle.org.

Deprecated Gradle features were used in this build, making it incompatible with Gradle 10.

You can use '--warning-mode all' to show the individual deprecation warnings and determine if they come from your own scripts or plugins.

For more on this, please refer to https://docs.gradle.org/9.4.1/userguide/command_line_interface.html#sec:command_line_warnings in the Gradle documentation.

BUILD FAILED in 7s
121 actionable tasks: 106 executed, 15 up-to-date
== retry without new DSL flags
> Task :gradle-plugin:shared:checkKotlinGradlePluginConfigurationErrors SKIPPED
> Task :expo-gradle-plugin:expo-autolinking-plugin-shared:checkKotlinGradlePluginConfigurationErrors SKIPPED
> Task :expo-gradle-plugin:expo-autolinking-settings-plugin:checkKotlinGradlePluginConfigurationErrors SKIPPED
> Task :gradle-plugin:settings-plugin:checkKotlinGradlePluginConfigurationErrors SKIPPED
> Task :gradle-plugin:settings-plugin:pluginDescriptors UP-TO-DATE
> Task :expo-gradle-plugin:expo-autolinking-settings-plugin:pluginDescriptors UP-TO-DATE
> Task :gradle-plugin:settings-plugin:processResources UP-TO-DATE
> Task :expo-gradle-plugin:expo-autolinking-settings-plugin:processResources UP-TO-DATE
> Task :gradle-plugin:shared:compileKotlin UP-TO-DATE
> Task :expo-gradle-plugin:expo-autolinking-plugin-shared:compileKotlin UP-TO-DATE
> Task :gradle-plugin:shared:compileJava NO-SOURCE
> Task :gradle-plugin:shared:processResources NO-SOURCE
> Task :gradle-plugin:shared:classes UP-TO-DATE
> Task :expo-gradle-plugin:expo-autolinking-plugin-shared:compileJava NO-SOURCE
> Task :expo-gradle-plugin:expo-autolinking-plugin-shared:processResources NO-SOURCE
> Task :expo-gradle-plugin:expo-autolinking-plugin-shared:classes UP-TO-DATE
> Task :gradle-plugin:shared:jar UP-TO-DATE
> Task :expo-gradle-plugin:expo-autolinking-plugin-shared:jar UP-TO-DATE
> Task :gradle-plugin:settings-plugin:compileKotlin UP-TO-DATE
> Task :gradle-plugin:settings-plugin:compileJava NO-SOURCE
> Task :gradle-plugin:settings-plugin:classes UP-TO-DATE
> Task :gradle-plugin:settings-plugin:jar UP-TO-DATE
> Task :expo-gradle-plugin:expo-autolinking-settings-plugin:compileKotlin UP-TO-DATE
> Task :expo-gradle-plugin:expo-autolinking-settings-plugin:compileJava NO-SOURCE
> Task :expo-gradle-plugin:expo-autolinking-settings-plugin:classes UP-TO-DATE
> Task :expo-gradle-plugin:expo-autolinking-settings-plugin:jar UP-TO-DATE
> Task :expo-gradle-plugin:expo-autolinking-plugin:checkKotlinGradlePluginConfigurationErrors SKIPPED
> Task :gradle-plugin:react-native-gradle-plugin:checkKotlinGradlePluginConfigurationErrors SKIPPED
> Task :expo-gradle-plugin:expo-max-sdk-override-plugin:checkKotlinGradlePluginConfigurationErrors SKIPPED
> Task :expo-module-gradle-plugin:checkKotlinGradlePluginConfigurationErrors SKIPPED
> Task :expo-module-gradle-plugin:pluginDescriptors UP-TO-DATE
> Task :expo-module-gradle-plugin:processResources UP-TO-DATE
> Task :expo-gradle-plugin:expo-autolinking-plugin:compileKotlin UP-TO-DATE
> Task :expo-gradle-plugin:expo-max-sdk-override-plugin:compileKotlin UP-TO-DATE
> Task :expo-gradle-plugin:expo-autolinking-plugin:compileJava NO-SOURCE
> Task :expo-gradle-plugin:expo-max-sdk-override-plugin:compileJava NO-SOURCE
> Task :expo-gradle-plugin:expo-autolinking-plugin:pluginDescriptors UP-TO-DATE
> Task :gradle-plugin:react-native-gradle-plugin:compileKotlin UP-TO-DATE
> Task :expo-gradle-plugin:expo-max-sdk-override-plugin:pluginDescriptors UP-TO-DATE
> Task :expo-gradle-plugin:expo-autolinking-plugin:processResources UP-TO-DATE
> Task :expo-gradle-plugin:expo-autolinking-plugin:classes UP-TO-DATE
> Task :expo-gradle-plugin:expo-max-sdk-override-plugin:processResources UP-TO-DATE
> Task :gradle-plugin:react-native-gradle-plugin:compileJava NO-SOURCE
> Task :expo-gradle-plugin:expo-max-sdk-override-plugin:classes UP-TO-DATE
> Task :gradle-plugin:react-native-gradle-plugin:pluginDescriptors UP-TO-DATE
> Task :gradle-plugin:react-native-gradle-plugin:processResources UP-TO-DATE
> Task :gradle-plugin:react-native-gradle-plugin:classes UP-TO-DATE
> Task :expo-gradle-plugin:expo-autolinking-plugin:jar UP-TO-DATE
> Task :expo-gradle-plugin:expo-max-sdk-override-plugin:jar UP-TO-DATE
> Task :gradle-plugin:react-native-gradle-plugin:jar UP-TO-DATE
> Task :expo-module-gradle-plugin:compileKotlin UP-TO-DATE
> Task :expo-module-gradle-plugin:compileJava NO-SOURCE
> Task :expo-module-gradle-plugin:classes UP-TO-DATE
> Task :expo-module-gradle-plugin:jar UP-TO-DATE

> Configure project :app
WARNING: The option setting 'android.builtInKotlin=false' is deprecated.
The current default is 'true'.
It will be removed in version 10.0 of the Android Gradle plugin.
WARNING: The option setting 'android.newDsl=false' is deprecated.
The current default is 'true'.
It will be removed in version 10.0 of the Android Gradle plugin.
 ℹ️  [33mApplying gradle plugin[0m '[32mexpo-max-sdk-override-plugin[0m'
  [expo-max-sdk-override-plugin] This plugin will find all permissions declared with `android:maxSdkVersion`. If there exists a declaration with the `android:maxSdkVersion` annotation and another one without, the plugin will remove the annotation from the final merged manifest. In order to see a log with the changes run a clean build of the app.
WARNING: API 'applicationVariants' is obsolete and has been replaced with 'AndroidComponentsExtension'.
It will be removed in version 10.0 of the Android Gradle plugin.
The legacy variant API is disabled by default in AGP 9.0, but can be re-enabled by adding 
    android.newDsl=false
to this project's gradle.properties file.
For more information, see http://developer.android.com/build/r/new-dsl.

To determine what is calling applicationVariants, use -Pandroid.debug.obsoleteApi=true on the command line to display more information.
WARNING: API 'testVariants' is obsolete and has been replaced with 'AndroidComponentsExtension'.
It will be removed in version 10.0 of the Android Gradle plugin.
The legacy variant API is disabled by default in AGP 9.0, but can be re-enabled by adding 
    android.newDsl=false
to this project's gradle.properties file.
For more information, see http://developer.android.com/build/r/new-dsl.

To determine what is calling testVariants, use -Pandroid.debug.obsoleteApi=true on the command line to display more information.
WARNING: API 'unitTestVariants' is obsolete and has been replaced with 'AndroidComponentsExtension'.
It will be removed in version 10.0 of the Android Gradle plugin.
The legacy variant API is disabled by default in AGP 9.0, but can be re-enabled by adding 
    android.newDsl=false
to this project's gradle.properties file.
For more information, see http://developer.android.com/build/r/new-dsl.

To determine what is calling unitTestVariants, use -Pandroid.debug.obsoleteApi=true on the command line to display more information.

> Configure project :
[32m[ExpoRootProject][0m Using the following versions:
  - buildTools:  [32m37.0.0[0m
  - minSdk:      [32m24[0m
  - compileSdk:  [32m37[0m
  - targetSdk:   [32m36[0m
  - ndk:         [32m27.1.12297006[0m
  - kotlin:      [32m2.2.0[0m
  - ksp:         [32m2.2.0-2.0.2[0m

> Configure project :expo
WARNING: API 'libraryVariants' is obsolete and has been replaced with 'AndroidComponentsExtension'.
It will be removed in version 10.0 of the Android Gradle plugin.
The legacy variant API is disabled by default in AGP 9.0, but can be re-enabled by adding 
    android.newDsl=false
to this project's gradle.properties file.
For more information, see http://developer.android.com/build/r/new-dsl.

To determine what is calling libraryVariants, use -Pandroid.debug.obsoleteApi=true on the command line to display more information.

Using expo modules
  - [32mexpo-log-box[0m (58.0.0-canary-20260902-26df09e)
  - [32mexpo-constants[0m (58.0.0-canary-20260902-26df09e)
  - [32mexpo-modules-core[0m (58.0.0-canary-20260902-26df09e)
  - [33m[📦][0m [32mexpo-dom-webview[0m (58.0.0-canary-20260902-26df09e)
  - [33m[📦][0m [32mexpo-ui[0m (58.0.0-canary-20260902-26df09e)
  - [33m[📦][0m [32mexpo-asset[0m (58.0.0-canary-20260902-26df09e)
  - [33m[📦][0m [32mexpo-device[0m (58.0.0-canary-20260902-26df09e)
  - [33m[📦][0m [32mexpo-file-system[0m (58.0.0-canary-20260902-26df09e)
  - [33m[📦][0m [32mexpo-font[0m (58.0.0-canary-20260902-26df09e)
  - [33m[📦][0m [32mexpo-image[0m (58.0.0-canary-20260902-26df09e)
  - [33m[📦][0m [32mexpo-keep-awake[0m (58.0.0-canary-20260902-26df09e)
  - [33m[📦][0m [32mexpo-linking[0m (58.0.0-canary-20260902-26df09e)
  - [33m[📦][0m [32mexpo-splash-screen[0m (58.0.0-canary-20260902-26df09e)
  - [33m[📦][0m [32mexpo-status-bar[0m (58.0.0-canary-20260902-26df09e)
  - [33m[📦][0m [32mexpo-system-ui[0m (58.0.0-canary-20260902-26df09e)
  - [33m[📦][0m [32mexpo-web-browser[0m (58.0.0-canary-20260902-26df09e)


> Task :expo-modules-core:preBuild UP-TO-DATE
> Task :expo-log-box:preBuild UP-TO-DATE
> Task :app:generateAutolinkingNewArchitectureFiles UP-TO-DATE
> Task :expo-log-box:preDebugBuild UP-TO-DATE
> Task :expo-modules-core:preDebugBuild UP-TO-DATE
> Task :d11_react-native-fast-image:generateCodegenSchemaFromJavaScript UP-TO-DATE
> Task :app:generateAutolinkingPackageList UP-TO-DATE
> Task :app:generateCodegenSchemaFromJavaScript SKIPPED
> Task :app:generateCodegenArtifactsFromSchema SKIPPED
> Task :expo-modules-core:processDebugNavigationResources UP-TO-DATE
> Task :expo-modules-core:checkKotlinGradlePluginConfigurationErrors SKIPPED
> Task :expo-log-box:processDebugNavigationResources UP-TO-DATE
> Task :expo-log-box:checkKotlinGradlePluginConfigurationErrors SKIPPED
> Task :expo-modules-core:generateDebugBuildConfig UP-TO-DATE
> Task :app:generateReactNativeEntryPoint UP-TO-DATE
> Task :expo-modules-core:generateDebugResources UP-TO-DATE
> Task :d11_react-native-fast-image:generateCodegenArtifactsFromSchema UP-TO-DATE
> Task :d11_react-native-fast-image:preBuild UP-TO-DATE
> Task :app:checkKotlinGradlePluginConfigurationErrors SKIPPED
> Task :d11_react-native-fast-image:preDebugBuild UP-TO-DATE
> Task :app:generateDebugAssets UP-TO-DATE
> Task :expo-log-box:generateDebugBuildConfig UP-TO-DATE
> Task :expo-log-box:generateDebugResources UP-TO-DATE
> Task :d11_react-native-fast-image:processDebugNavigationResources UP-TO-DATE
> Task :expo-log-box:packageDebugResources UP-TO-DATE
> Task :d11_react-native-fast-image:generateDebugBuildConfig UP-TO-DATE
> Task :expo-modules-core:packageDebugResources UP-TO-DATE
> Task :d11_react-native-fast-image:generateDebugResources UP-TO-DATE
> Task :expo-log-box:parseDebugLocalResources UP-TO-DATE
> Task :expo-modules-core:parseDebugLocalResources UP-TO-DATE
> Task :expo-log-box:generateDebugRFile UP-TO-DATE
> Task :expo-modules-core:generateDebugRFile UP-TO-DATE
> Task :expo-log-box:javaPreCompileDebug UP-TO-DATE
> Task :expo-log-box:generateDebugAssets UP-TO-DATE
> Task :expo-log-box:mergeDebugAssets UP-TO-DATE
> Task :d11_react-native-fast-image:packageDebugResources UP-TO-DATE
> Task :expo-log-box:writeDebugAarMetadata UP-TO-DATE
> Task :expo-log-box:extractDeepLinksDebug UP-TO-DATE
> Task :d11_react-native-fast-image:parseDebugLocalResources UP-TO-DATE
> Task :d11_react-native-fast-image:generateDebugRFile UP-TO-DATE
> Task :expo-log-box:processDebugManifest UP-TO-DATE
> Task :d11_react-native-fast-image:javaPreCompileDebug UP-TO-DATE
> Task :expo-log-box:mapDebugSourceSetPaths UP-TO-DATE
> Task :expo-log-box:compileDebugLibraryResources UP-TO-DATE
> Task :expo-log-box:mergeDebugJniLibFolders UP-TO-DATE
> Task :expo-log-box:mergeDebugNativeLibs NO-SOURCE
> Task :expo-log-box:copyDebugJniLibsProjectOnly UP-TO-DATE
> Task :d11_react-native-fast-image:compileDebugJavaWithJavac UP-TO-DATE
> Task :d11_react-native-fast-image:generateDebugAssets UP-TO-DATE
> Task :d11_react-native-fast-image:mergeDebugAssets UP-TO-DATE
> Task :d11_react-native-fast-image:bundleLibCompileToJarDebug
> Task :d11_react-native-fast-image:processDebugJavaRes
> Task :d11_react-native-fast-image:writeDebugAarMetadata UP-TO-DATE
> Task :d11_react-native-fast-image:extractDeepLinksDebug
> Task :d11_react-native-fast-image:mapDebugSourceSetPaths
> Task :d11_react-native-fast-image:compileDebugLibraryResources

> Task :d11_react-native-fast-image:processDebugManifest
package="com.dylanvann.fastimage" found in source AndroidManifest.xml: /Users/briones/.config/tuft/sessions/1788364493.114729/worktrees/agp-new-dsl/node_modules/@d11/react-native-fast-image/android/src/main/AndroidManifest.xml.
Setting the namespace via the package attribute in the source AndroidManifest.xml is no longer supported, and the value is ignored.
Recommendation: remove package="com.dylanvann.fastimage" from the source AndroidManifest.xml: /Users/briones/.config/tuft/sessions/1788364493.114729/worktrees/agp-new-dsl/node_modules/@d11/react-native-fast-image/android/src/main/AndroidManifest.xml.

> Task :expo:generateInlineModules
> Task :expo:generatePackagesList UP-TO-DATE
> Task :expo:preBuild
> Task :expo:preDebugBuild
> Task :expo:processDebugNavigationResources UP-TO-DATE
> Task :expo:checkKotlinGradlePluginConfigurationErrors SKIPPED
> Task :expo:generateDebugResources UP-TO-DATE
> Task :expo:packageDebugResources UP-TO-DATE
> Task :expo:parseDebugLocalResources UP-TO-DATE
> Task :expo:generateDebugRFile UP-TO-DATE
> Task :expo:javaPreCompileDebug UP-TO-DATE
> Task :expo:generateDebugAssets UP-TO-DATE
> Task :expo:mergeDebugAssets UP-TO-DATE
> Task :expo:writeDebugAarMetadata UP-TO-DATE
> Task :expo:extractDeepLinksDebug UP-TO-DATE
> Task :expo:processDebugManifest UP-TO-DATE
> Task :expo:mapDebugSourceSetPaths UP-TO-DATE
> Task :expo:compileDebugLibraryResources UP-TO-DATE
> Task :expo:mergeDebugJniLibFolders UP-TO-DATE
> Task :expo:mergeDebugNativeLibs NO-SOURCE
> Task :expo:copyDebugJniLibsProjectOnly UP-TO-DATE
> Task :d11_react-native-fast-image:bundleLibRuntimeToDirDebug
> Task :d11_react-native-fast-image:mergeDebugJniLibFolders
> Task :d11_react-native-fast-image:mergeDebugNativeLibs NO-SOURCE
> Task :d11_react-native-fast-image:copyDebugJniLibsProjectOnly

> Task :expo-constants:createExpoConfig
The NODE_ENV environment variable is required but was not specified. Ensure the project is bundled with Expo CLI or NODE_ENV is set. Using only .env.local and .env

> Task :expo-constants:preBuild
> Task :app:preBuild
> Task :expo-constants:preDebugBuild
> Task :app:preDebugBuild
> Task :app:mergeDebugNativeDebugMetadata NO-SOURCE
> Task :app:generateDebugBuildConfig UP-TO-DATE
> Task :app:generateDebugResValues UP-TO-DATE
> Task :app:generateDebugResources UP-TO-DATE
> Task :app:packageDebugResources UP-TO-DATE
> Task :expo-constants:processDebugNavigationResources UP-TO-DATE
> Task :app:javaPreCompileDebug UP-TO-DATE
> Task :expo-constants:checkKotlinGradlePluginConfigurationErrors SKIPPED
> Task :expo-constants:generateDebugResources UP-TO-DATE
> Task :expo-constants:packageDebugResources UP-TO-DATE
> Task :expo-constants:parseDebugLocalResources UP-TO-DATE
> Task :expo-constants:generateDebugRFile UP-TO-DATE
> Task :expo-constants:javaPreCompileDebug UP-TO-DATE
> Task :expo-constants:generateDebugAssets UP-TO-DATE
> Task :expo-constants:mergeDebugAssets UP-TO-DATE
> Task :expo-constants:writeDebugAarMetadata UP-TO-DATE
> Task :expo-constants:extractDeepLinksDebug UP-TO-DATE
> Task :expo-constants:processDebugManifest UP-TO-DATE
> Task :expo-constants:mapDebugSourceSetPaths UP-TO-DATE
> Task :expo-constants:compileDebugLibraryResources UP-TO-DATE
> Task :expo-constants:mergeDebugJniLibFolders UP-TO-DATE
> Task :expo-constants:mergeDebugNativeLibs NO-SOURCE
> Task :expo-constants:copyDebugJniLibsProjectOnly UP-TO-DATE
> Task :app:processDebugNavigationResources UP-TO-DATE
> Task :app:parseDebugLocalResources UP-TO-DATE
> Task :app:generateDebugRFile UP-TO-DATE
> Task :app:generateDebugGlobalSynthetics UP-TO-DATE
> Task :app:desugarDebugFileDependencies UP-TO-DATE
> Task :expo-modules-core:javaPreCompileDebug UP-TO-DATE
> Task :expo-modules-core:generateDebugAssets UP-TO-DATE
> Task :app:mapDebugSourceSetPaths UP-TO-DATE
> Task :expo-modules-core:mergeDebugAssets UP-TO-DATE
> Task :app:compileDebugNavigationResources UP-TO-DATE
> Task :expo-modules-core:writeDebugAarMetadata UP-TO-DATE
> Task :expo-modules-core:extractDeepLinksDebug UP-TO-DATE
> Task :expo-modules-core:processDebugManifest UP-TO-DATE
> Task :expo-modules-core:mapDebugSourceSetPaths UP-TO-DATE
> Task :expo-modules-core:compileDebugLibraryResources UP-TO-DATE
> Task :app:mergeDebugAssets UP-TO-DATE
> Task :app:compressDebugAssets UP-TO-DATE
> Task :app:checkDebugDuplicateClasses FAILED
> Task :app:checkDebugAarMetadata UP-TO-DATE
> Task :expo-modules-core:configureCMakeDebug[arm64-v8a]

> Task :expo-modules-core:compileDebugKotlin
w: file:///Users/briones/.config/tuft/sessions/1788364493.114729/worktrees/agp-new-dsl/node_modules/expo-modules-core/android/src/main/java/expo/modules/kotlin/jni/CppType.kt:42:23 'class NativeArrayBuffer : Destructible' is deprecated. Use ArrayBuffer instead.
w: file:///Users/briones/.config/tuft/sessions/1788364493.114729/worktrees/agp-new-dsl/node_modules/expo-modules-core/android/src/main/java/expo/modules/kotlin/jni/JavaCallback.kt:38:10 'class NativeArrayBuffer : Destructible' is deprecated. Use ArrayBuffer instead.
w: file:///Users/briones/.config/tuft/sessions/1788364493.114729/worktrees/agp-new-dsl/node_modules/expo-modules-core/android/src/main/java/expo/modules/kotlin/jni/JavaCallback.kt:96:45 'class NativeArrayBuffer : Destructible' is deprecated. Use ArrayBuffer instead.
w: file:///Users/briones/.config/tuft/sessions/1788364493.114729/worktrees/agp-new-dsl/node_modules/expo-modules-core/android/src/main/java/expo/modules/kotlin/jni/NativeArrayBuffer.kt:49:15 'class NativeArrayBuffer : Destructible' is deprecated. Use ArrayBuffer instead.
w: file:///Users/briones/.config/tuft/sessions/1788364493.114729/worktrees/agp-new-dsl/node_modules/expo-modules-core/android/src/main/java/expo/modules/kotlin/jni/NativeArrayBuffer.kt:64:30 'class NativeArrayBuffer : Destructible' is deprecated. Use ArrayBuffer instead.
w: file:///Users/briones/.config/tuft/sessions/1788364493.114729/worktrees/agp-new-dsl/node_modules/expo-modules-core/android/src/main/java/expo/modules/kotlin/jni/NativeArrayBuffer.kt:66:14 'constructor(byteBuffer: ByteBuffer): NativeArrayBuffer' is deprecated. Use ArrayBuffer instead.
w: file:///Users/briones/.config/tuft/sessions/1788364493.114729/worktrees/agp-new-dsl/node_modules/expo-modules-core/android/src/main/java/expo/modules/kotlin/jni/NativeArrayBuffer.kt:74:39 'class NativeArrayBuffer : Destructible' is deprecated. Use ArrayBuffer instead.
w: file:///Users/briones/.config/tuft/sessions/1788364493.114729/worktrees/agp-new-dsl/node_modules/expo-modules-core/android/src/main/java/expo/modules/kotlin/jni/NativeArrayBuffer.kt:75:7 'constructor(byteBuffer: ByteBuffer): NativeArrayBuffer' is deprecated. Use ArrayBuffer instead.
w: file:///Users/briones/.config/tuft/sessions/1788364493.114729/worktrees/agp-new-dsl/node_modules/expo-modules-core/android/src/main/java/expo/modules/kotlin/jni/NativeArrayBuffer.kt:80:37 'class NativeArrayBuffer : Destructible' is deprecated. Use ArrayBuffer instead.
w: file:///Users/briones/.config/tuft/sessions/1788364493.114729/worktrees/agp-new-dsl/node_modules/expo-modules-core/android/src/main/java/expo/modules/kotlin/jni/NativeArrayBuffer.kt:86:47 'class NativeArrayBuffer : Destructible' is deprecated. Use ArrayBuffer instead.
w: file:///Users/briones/.config/tuft/sessions/1788364493.114729/worktrees/agp-new-dsl/node_modules/expo-modules-core/android/src/main/java/expo/modules/kotlin/jni/NativeArrayBuffer.kt:92:23 'class NativeArrayBuffer : Destructible' is deprecated. Use ArrayBuffer instead.
w: file:///Users/briones/.config/tuft/sessions/1788364493.114729/worktrees/agp-new-dsl/node_modules/expo-modules-core/android/src/main/java/expo/modules/kotlin/jni/NativeArrayBuffer.kt:92:43 'class NativeArrayBuffer : Destructible' is deprecated. Use ArrayBuffer instead.
w: file:///Users/briones/.config/tuft/sessions/1788364493.114729/worktrees/agp-new-dsl/node_modules/expo-modules-core/android/src/main/java/expo/modules/kotlin/jni/NativeArrayBuffer.kt:95:41 'class NativeArrayBuffer : Destructible' is deprecated. Use ArrayBuffer instead.
w: file:///Users/briones/.config/tuft/sessions/1788364493.114729/worktrees/agp-new-dsl/node_modules/expo-modules-core/android/src/main/java/expo/modules/kotlin/jni/NativeArrayBuffer.kt:105:14 'constructor(byteBuffer: ByteBuffer): NativeArrayBuffer' is deprecated. Use ArrayBuffer instead.
w: file:///Users/briones/.config/tuft/sessions/1788364493.114729/worktrees/agp-new-dsl/node_modules/expo-modules-core/android/src/main/java/expo/modules/kotlin/types/ColorCompat.kt:115:5 This annotation is currently applied to the value parameter only, but in the future it will also be applied to field.
- To opt in to applying to both value parameter and field, add '-Xannotation-default-target=param-property' to your compiler arguments.
- To keep applying to the value parameter only, use the '@param:' annotation target.

See https://youtrack.jetbrains.com/issue/KT-73255 for more details.
w: file:///Users/briones/.config/tuft/sessions/1788364493.114729/worktrees/agp-new-dsl/node_modules/expo-modules-core/android/src/main/java/expo/modules/kotlin/types/JSTypeConverter.kt:7:8 'class NativeArrayBuffer : Destructible' is deprecated. Use ArrayBuffer instead.
w: file:///Users/briones/.config/tuft/sessions/1788364493.114729/worktrees/agp-new-dsl/node_modules/expo-modules-core/android/src/main/java/expo/modules/kotlin/types/JSTypeConverter.kt:245:55 'class NativeArrayBuffer : Destructible' is deprecated. Use ArrayBuffer instead.
w: file:///Users/briones/.config/tuft/sessions/1788364493.114729/worktrees/agp-new-dsl/node_modules/expo-modules-core/android/src/main/java/expo/modules/kotlin/types/JSTypeConverter.kt:247:19 'class NativeArrayBuffer : Destructible' is deprecated. Use ArrayBuffer instead.
w: file:///Users/briones/.config/tuft/sessions/1788364493.114729/worktrees/agp-new-dsl/node_modules/expo-modules-core/android/src/main/java/expo/modules/kotlin/types/ReturnType.kt:6:8 'class NativeArrayBuffer : Destructible' is deprecated. Use ArrayBuffer instead.
w: file:///Users/briones/.config/tuft/sessions/1788364493.114729/worktrees/agp-new-dsl/node_modules/expo-modules-core/android/src/main/java/expo/modules/kotlin/types/ReturnType.kt:45:5 'class NativeArrayBuffer : Destructible' is deprecated. Use ArrayBuffer instead.
w: file:///Users/briones/.config/tuft/sessions/1788364493.114729/worktrees/agp-new-dsl/node_modules/expo-modules-core/android/src/main/java/expo/modules/kotlin/types/TypeConverterProvider.kt:19:8 'class NativeArrayBuffer : Destructible' is deprecated. Use ArrayBuffer instead.
w: file:///Users/briones/.config/tuft/sessions/1788364493.114729/worktrees/agp-new-dsl/node_modules/expo-modules-core/android/src/main/java/expo/modules/kotlin/types/TypeConverterProvider.kt:254:7 'class NativeArrayBuffer : Destructible' is deprecated. Use ArrayBuffer instead.

[Incubating] Problems report is available at: file:///Users/briones/.config/tuft/sessions/1788364493.114729/worktrees/agp-new-dsl/android/build/reports/problems/problems-report.html

FAILURE: Build failed with an exception.

* What went wrong:
Execution failed for task ':app:checkDebugDuplicateClasses'.
> A failure occurred while executing com.android.build.gradle.internal.tasks.CheckDuplicatesRunnable
   > Duplicate class com.caverock.androidsvg.BuildConfig found in modules androidsvg-1.4.jar -> androidsvg-1.4 (com.caverock:androidsvg:1.4) and androidsvg-aar-1.4.aar -> androidsvg-aar-1.4-runtime (com.caverock:androidsvg-aar:1.4)
     Duplicate class com.caverock.androidsvg.CSSParseException found in modules androidsvg-1.4.jar -> androidsvg-1.4 (com.caverock:androidsvg:1.4) and androidsvg-aar-1.4.aar -> androidsvg-aar-1.4-runtime (com.caverock:androidsvg-aar:1.4)
     Duplicate class com.caverock.androidsvg.CSSParser found in modules androidsvg-1.4.jar -> androidsvg-1.4 (com.caverock:androidsvg:1.4) and androidsvg-aar-1.4.aar -> androidsvg-aar-1.4-runtime (com.caverock:androidsvg-aar:1.4)
     Duplicate class com.caverock.androidsvg.CSSParser$1 found in modules androidsvg-1.4.jar -> androidsvg-1.4 (com.caverock:androidsvg:1.4) and androidsvg-aar-1.4.aar -> androidsvg-aar-1.4-runtime (com.caverock:androidsvg-aar:1.4)
     Duplicate class com.caverock.androidsvg.CSSParser$Attrib found in modules androidsvg-1.4.jar -> androidsvg-1.4 (com.caverock:androidsvg:1.4) and androidsvg-aar-1.4.aar -> androidsvg-aar-1.4-runtime (com.caverock:androidsvg-aar:1.4)
     Duplicate class com.caverock.androidsvg.CSSParser$AttribOp found in modules androidsvg-1.4.jar -> androidsvg-1.4 (com.caverock:androidsvg:1.4) and androidsvg-aar-1.4.aar -> androidsvg-aar-1.4-runtime (com.caverock:androidsvg-aar:1.4)
     Duplicate class com.caverock.androidsvg.CSSParser$CSSTextScanner found in modules androidsvg-1.4.jar -> androidsvg-1.4 (com.caverock:androidsvg:1.4) and androidsvg-aar-1.4.aar -> androidsvg-aar-1.4-runtime (com.caverock:androidsvg-aar:1.4)
     Duplicate class com.caverock.androidsvg.CSSParser$CSSTextScanner$AnPlusB found in modules androidsvg-1.4.jar -> androidsvg-1.4 (com.caverock:androidsvg:1.4) and androidsvg-aar-1.4.aar -> androidsvg-aar-1.4-runtime (com.caverock:androidsvg-aar:1.4)
     Duplicate class com.caverock.androidsvg.CSSParser$Combinator found in modules androidsvg-1.4.jar -> androidsvg-1.4 (com.caverock:androidsvg:1.4) and androidsvg-aar-1.4.aar -> androidsvg-aar-1.4-runtime (com.caverock:androidsvg-aar:1.4)
     Duplicate class com.caverock.androidsvg.CSSParser$MediaType found in modules androidsvg-1.4.jar -> androidsvg-1.4 (com.caverock:androidsvg:1.4) and androidsvg-aar-1.4.aar -> androidsvg-aar-1.4-runtime (com.caverock:androidsvg-aar:1.4)
     Duplicate class com.caverock.androidsvg.CSSParser$PseudoClass found in modules androidsvg-1.4.jar -> androidsvg-1.4 (com.caverock:androidsvg:1.4) and androidsvg-aar-1.4.aar -> androidsvg-aar-1.4-runtime (com.caverock:androidsvg-aar:1.4)
     Duplicate class com.caverock.androidsvg.CSSParser$PseudoClassAnPlusB found in modules androidsvg-1.4.jar -> androidsvg-1.4 (com.caverock:androidsvg:1.4) and androidsvg-aar-1.4.aar -> androidsvg-aar-1.4-runtime (com.caverock:androidsvg-aar:1.4)
     Duplicate class com.caverock.androidsvg.CSSParser$PseudoClassEmpty found in modules androidsvg-1.4.jar -> androidsvg-1.4 (com.caverock:androidsvg:1.4) and androidsvg-aar-1.4.aar -> androidsvg-aar-1.4-runtime (com.caverock:androidsvg-aar:1.4)
     Duplicate class com.caverock.androidsvg.CSSParser$PseudoClassIdents found in modules androidsvg-1.4.jar -> androidsvg-1.4 (com.caverock:androidsvg:1.4) and androidsvg-aar-1.4.aar -> androidsvg-aar-1.4-runtime (com.caverock:androidsvg-aar:1.4)
     Duplicate class com.caverock.androidsvg.CSSParser$PseudoClassNot found in modules androidsvg-1.4.jar -> androidsvg-1.4 (com.caverock:androidsvg:1.4) and androidsvg-aar-1.4.aar -> androidsvg-aar-1.4-runtime (com.caverock:androidsvg-aar:1.4)
     Duplicate class com.caverock.androidsvg.CSSParser$PseudoClassNotSupported found in modules androidsvg-1.4.jar -> androidsvg-1.4 (com.caverock:androidsvg:1.4) and androidsvg-aar-1.4.aar -> androidsvg-aar-1.4-runtime (com.caverock:androidsvg-aar:1.4)
     Duplicate class com.caverock.androidsvg.CSSParser$PseudoClassOnlyChild found in modules androidsvg-1.4.jar -> androidsvg-1.4 (com.caverock:androidsvg:1.4) and androidsvg-aar-1.4.aar -> androidsvg-aar-1.4-runtime (com.caverock:androidsvg-aar:1.4)
     Duplicate class com.caverock.androidsvg.CSSParser$PseudoClassRoot found in modules androidsvg-1.4.jar -> androidsvg-1.4 (com.caverock:androidsvg:1.4) and androidsvg-aar-1.4.aar -> androidsvg-aar-1.4-runtime (com.caverock:androidsvg-aar:1.4)
     Duplicate class com.caverock.androidsvg.CSSParser$PseudoClassTarget found in modules androidsvg-1.4.jar -> androidsvg-1.4 (com.caverock:androidsvg:1.4) and androidsvg-aar-1.4.aar -> androidsvg-aar-1.4-runtime (com.caverock:androidsvg-aar:1.4)
     Duplicate class com.caverock.androidsvg.CSSParser$Rule found in modules androidsvg-1.4.jar -> androidsvg-1.4 (com.caverock:androidsvg:1.4) and androidsvg-aar-1.4.aar -> androidsvg-aar-1.4-runtime (com.caverock:androidsvg-aar:1.4)
     Duplicate class com.caverock.androidsvg.CSSParser$RuleMatchContext found in modules androidsvg-1.4.jar -> androidsvg-1.4 (com.caverock:androidsvg:1.4) and androidsvg-aar-1.4.aar -> androidsvg-aar-1.4-runtime (com.caverock:androidsvg-aar:1.4)
     Duplicate class com.caverock.androidsvg.CSSParser$Ruleset found in modules androidsvg-1.4.jar -> androidsvg-1.4 (com.caverock:androidsvg:1.4) and androidsvg-aar-1.4.aar -> androidsvg-aar-1.4-runtime (com.caverock:androidsvg-aar:1.4)
     Duplicate class com.caverock.androidsvg.CSSParser$Selector found in modules androidsvg-1.4.jar -> androidsvg-1.4 (com.caverock:androidsvg:1.4) and androidsvg-aar-1.4.aar -> androidsvg-aar-1.4-runtime (com.caverock:androidsvg-aar:1.4)
     Duplicate class com.caverock.androidsvg.CSSParser$SimpleSelector found in modules androidsvg-1.4.jar -> androidsvg-1.4 (com.caverock:androidsvg:1.4) and androidsvg-aar-1.4.aar -> androidsvg-aar-1.4-runtime (com.caverock:androidsvg-aar:1.4)
     Duplicate class com.caverock.androidsvg.CSSParser$Source found in modules androidsvg-1.4.jar -> androidsvg-1.4 (com.caverock:androidsvg:1.4) and androidsvg-aar-1.4.aar -> androidsvg-aar-1.4-runtime (com.caverock:androidsvg-aar:1.4)
     Duplicate class com.caverock.androidsvg.CanvasLegacy found in modules androidsvg-1.4.jar -> androidsvg-1.4 (com.caverock:androidsvg:1.4) and androidsvg-aar-1.4.aar -> androidsvg-aar-1.4-runtime (com.caverock:androidsvg-aar:1.4)
     Duplicate class com.caverock.androidsvg.IntegerParser found in modules androidsvg-1.4.jar -> androidsvg-1.4 (com.caverock:androidsvg:1.4) and androidsvg-aar-1.4.aar -> androidsvg-aar-1.4-runtime (com.caverock:androidsvg-aar:1.4)
     Duplicate class com.caverock.androidsvg.LibConfig found in modules androidsvg-1.4.jar -> androidsvg-1.4 (com.caverock:androidsvg:1.4) and androidsvg-aar-1.4.aar -> androidsvg-aar-1.4-runtime (com.caverock:androidsvg-aar:1.4)
     Duplicate class com.caverock.androidsvg.NumberParser found in modules androidsvg-1.4.jar -> androidsvg-1.4 (com.caverock:androidsvg:1.4) and androidsvg-aar-1.4.aar -> androidsvg-aar-1.4-runtime (com.caverock:androidsvg-aar:1.4)
     Duplicate class com.caverock.androidsvg.PreserveAspectRatio found in modules androidsvg-1.4.jar -> androidsvg-1.4 (com.caverock:androidsvg:1.4) and androidsvg-aar-1.4.aar -> androidsvg-aar-1.4-runtime (com.caverock:androidsvg-aar:1.4)
     Duplicate class com.caverock.androidsvg.PreserveAspectRatio$Alignment found in modules androidsvg-1.4.jar -> androidsvg-1.4 (com.caverock:androidsvg:1.4) and androidsvg-aar-1.4.aar -> androidsvg-aar-1.4-runtime (com.caverock:androidsvg-aar:1.4)
     Duplicate class com.caverock.androidsvg.PreserveAspectRatio$Scale found in modules androidsvg-1.4.jar -> androidsvg-1.4 (com.caverock:androidsvg:1.4) and androidsvg-aar-1.4.aar -> androidsvg-aar-1.4-runtime (com.caverock:androidsvg-aar:1.4)
     Duplicate class com.caverock.androidsvg.RenderOptions found in modules androidsvg-1.4.jar -> androidsvg-1.4 (com.caverock:androidsvg:1.4) and androidsvg-aar-1.4.aar -> androidsvg-aar-1.4-runtime (com.caverock:androidsvg-aar:1.4)
     Duplicate class com.caverock.androidsvg.SVG found in modules androidsvg-1.4.jar -> androidsvg-1.4 (com.caverock:androidsvg:1.4) and androidsvg-aar-1.4.aar -> androidsvg-aar-1.4-runtime (com.caverock:androidsvg-aar:1.4)
     Duplicate class com.caverock.androidsvg.SVG$1 found in modules androidsvg-1.4.jar -> androidsvg-1.4 (com.caverock:androidsvg:1.4) and androidsvg-aar-1.4.aar -> androidsvg-aar-1.4-runtime (com.caverock:androidsvg-aar:1.4)
     Duplicate class com.caverock.androidsvg.SVG$Box found in modules androidsvg-1.4.jar -> androidsvg-1.4 (com.caverock:androidsvg:1.4) and androidsvg-aar-1.4.aar -> androidsvg-aar-1.4-runtime (com.caverock:androidsvg-aar:1.4)
     Duplicate class com.caverock.androidsvg.SVG$CSSClipRect found in modules androidsvg-1.4.jar -> androidsvg-1.4 (com.caverock:androidsvg:1.4) and androidsvg-aar-1.4.aar -> androidsvg-aar-1.4-runtime (com.caverock:androidsvg-aar:1.4)
     Duplicate class com.caverock.androidsvg.SVG$Circle found in modules androidsvg-1.4.jar -> androidsvg-1.4 (com.caverock:androidsvg:1.4) and androidsvg-aar-1.4.aar -> androidsvg-aar-1.4-runtime (com.caverock:androidsvg-aar:1.4)
     Duplicate class com.caverock.androidsvg.SVG$ClipPath found in modules androidsvg-1.4.jar -> androidsvg-1.4 (com.caverock:androidsvg:1.4) and androidsvg-aar-1.4.aar -> androidsvg-aar-1.4-runtime (com.caverock:androidsvg-aar:1.4)
     Duplicate class com.caverock.androidsvg.SVG$Colour found in modules androidsvg-1.4.jar -> androidsvg-1.4 (com.caverock:androidsvg:1.4) and androidsvg-aar-1.4.aar -> androidsvg-aar-1.4-runtime (com.caverock:androidsvg-aar:1.4)
     Duplicate class com.caverock.androidsvg.SVG$CurrentColor found in modules androidsvg-1.4.jar -> androidsvg-1.4 (com.caverock:androidsvg:1.4) and androidsvg-aar-1.4.aar -> androidsvg-aar-1.4-runtime (com.caverock:androidsvg-aar:1.4)
     Duplicate class com.caverock.androidsvg.SVG$Defs found in modules androidsvg-1.4.jar -> androidsvg-1.4 (com.caverock:androidsvg:1.4) and androidsvg-aar-1.4.aar -> androidsvg-aar-1.4-runtime (com.caverock:androidsvg-aar:1.4)
     Duplicate class com.caverock.androidsvg.SVG$Ellipse found in modules androidsvg-1.4.jar -> androidsvg-1.4 (com.caverock:androidsvg:1.4) and androidsvg-aar-1.4.aar -> androidsvg-aar-1.4-runtime (com.caverock:androidsvg-aar:1.4)
     Duplicate class com.caverock.androidsvg.SVG$GradientElement found in modules androidsvg-1.4.jar -> androidsvg-1.4 (com.caverock:androidsvg:1.4) and androidsvg-aar-1.4.aar -> androidsvg-aar-1.4-runtime (com.caverock:androidsvg-aar:1.4)
     Duplicate class com.caverock.androidsvg.SVG$GradientSpread found in modules androidsvg-1.4.jar -> androidsvg-1.4 (com.caverock:androidsvg:1.4) and androidsvg-aar-1.4.aar -> androidsvg-aar-1.4-runtime (com.caverock:androidsvg-aar:1.4)
     Duplicate class com.caverock.androidsvg.SVG$GraphicsElement found in modules androidsvg-1.4.jar -> androidsvg-1.4 (com.caverock:androidsvg:1.4) and androidsvg-aar-1.4.aar -> androidsvg-aar-1.4-runtime (com.caverock:androidsvg-aar:1.4)
     Duplicate class com.caverock.androidsvg.SVG$Group found in modules androidsvg-1.4.jar -> androidsvg-1.4 (com.caverock:androidsvg:1.4) and androidsvg-aar-1.4.aar -> androidsvg-aar-1.4-runtime (com.caverock:androidsvg-aar:1.4)
     Duplicate class com.caverock.androidsvg.SVG$HasTransform found in modules androidsvg-1.4.jar -> androidsvg-1.4 (com.caverock:androidsvg:1.4) and androidsvg-aar-1.4.aar -> androidsvg-aar-1.4-runtime (com.caverock:androidsvg-aar:1.4)
     Duplicate class com.caverock.androidsvg.SVG$Image found in modules androidsvg-1.4.jar -> androidsvg-1.4 (com.caverock:androidsvg:1.4) and androidsvg-aar-1.4.aar -> androidsvg-aar-1.4-runtime (com.caverock:androidsvg-aar:1.4)
     Duplicate class com.caverock.androidsvg.SVG$Length found in modules androidsvg-1.4.jar -> androidsvg-1.4 (com.caverock:androidsvg:1.4) and androidsvg-aar-1.4.aar -> androidsvg-aar-1.4-runtime (com.caverock:androidsvg-aar:1.4)
     Duplicate class com.caverock.androidsvg.SVG$Line found in modules androidsvg-1.4.jar -> androidsvg-1.4 (com.caverock:androidsvg:1.4) and androidsvg-aar-1.4.aar -> androidsvg-aar-1.4-runtime (com.caverock:androidsvg-aar:1.4)
     Duplicate class com.caverock.androidsvg.SVG$Marker found in modules androidsvg-1.4.jar -> androidsvg-1.4 (com.caverock:androidsvg:1.4) and androidsvg-aar-1.4.aar -> androidsvg-aar-1.4-runtime (com.caverock:androidsvg-aar:1.4)
     Duplicate class com.caverock.androidsvg.SVG$Mask found in modules androidsvg-1.4.jar -> androidsvg-1.4 (com.caverock:androidsvg:1.4) and androidsvg-aar-1.4.aar -> androidsvg-aar-1.4-runtime (com.caverock:androidsvg-aar:1.4)
     Duplicate class com.caverock.androidsvg.SVG$NotDirectlyRendered found in modules androidsvg-1.4.jar -> androidsvg-1.4 (com.caverock:androidsvg:1.4) and androidsvg-aar-1.4.aar -> androidsvg-aar-1.4-runtime (com.caverock:androidsvg-aar:1.4)
     Duplicate class com.caverock.androidsvg.SVG$PaintReference found in modules androidsvg-1.4.jar -> androidsvg-1.4 (com.caverock:androidsvg:1.4) and androidsvg-aar-1.4.aar -> androidsvg-aar-1.4-runtime (com.caverock:androidsvg-aar:1.4)
     Duplicate class com.caverock.androidsvg.SVG$Path found in modules androidsvg-1.4.jar -> androidsvg-1.4 (com.caverock:androidsvg:1.4) and androidsvg-aar-1.4.aar -> androidsvg-aar-1.4-runtime (com.caverock:androidsvg-aar:1.4)
     Duplicate class com.caverock.androidsvg.SVG$PathDefinition found in modules androidsvg-1.4.jar -> androidsvg-1.4 (com.caverock:androidsvg:1.4) and androidsvg-aar-1.4.aar -> androidsvg-aar-1.4-runtime (com.caverock:androidsvg-aar:1.4)
     Duplicate class com.caverock.androidsvg.SVG$PathInterface found in modules androidsvg-1.4.jar -> androidsvg-1.4 (com.caverock:androidsvg:1.4) and androidsvg-aar-1.4.aar -> androidsvg-aar-1.4-runtime (com.caverock:androidsvg-aar:1.4)
     Duplicate class com.caverock.androidsvg.SVG$Pattern found in modules androidsvg-1.4.jar -> androidsvg-1.4 (com.caverock:androidsvg:1.4) and androidsvg-aar-1.4.aar -> androidsvg-aar-1.4-runtime (com.caverock:androidsvg-aar:1.4)
     Duplicate class com.caverock.androidsvg.SVG$PolyLine found in modules androidsvg-1.4.jar -> androidsvg-1.4 (com.caverock:androidsvg:1.4) and androidsvg-aar-1.4.aar -> androidsvg-aar-1.4-runtime (com.caverock:androidsvg-aar:1.4)
     Duplicate class com.caverock.androidsvg.SVG$Polygon found in modules androidsvg-1.4.jar -> androidsvg-1.4 (com.caverock:androidsvg:1.4) and androidsvg-aar-1.4.aar -> androidsvg-aar-1.4-runtime (com.caverock:androidsvg-aar:1.4)
     Duplicate class com.caverock.androidsvg.SVG$Rect found in modules androidsvg-1.4.jar -> androidsvg-1.4 (com.caverock:androidsvg:1.4) and androidsvg-aar-1.4.aar -> androidsvg-aar-1.4-runtime (com.caverock:androidsvg-aar:1.4)
     Duplicate class com.caverock.androidsvg.SVG$SolidColor found in modules androidsvg-1.4.jar -> androidsvg-1.4 (com.caverock:androidsvg:1.4) and androidsvg-aar-1.4.aar -> androidsvg-aar-1.4-runtime (com.caverock:androidsvg-aar:1.4)
     Duplicate class com.caverock.androidsvg.SVG$Stop found in modules androidsvg-1.4.jar -> androidsvg-1.4 (com.caverock:androidsvg:1.4) and androidsvg-aar-1.4.aar -> androidsvg-aar-1.4-runtime (com.caverock:androidsvg-aar:1.4)
     Duplicate class com.caverock.androidsvg.SVG$Style found in modules androidsvg-1.4.jar -> androidsvg-1.4 (com.caverock:androidsvg:1.4) and androidsvg-aar-1.4.aar -> androidsvg-aar-1.4-runtime (com.caverock:androidsvg-aar:1.4)
     Duplicate class com.caverock.androidsvg.SVG$Style$FillRule found in modules androidsvg-1.4.jar -> androidsvg-1.4 (com.caverock:androidsvg:1.4) and androidsvg-aar-1.4.aar -> androidsvg-aar-1.4-runtime (com.caverock:androidsvg-aar:1.4)
     Duplicate class com.caverock.androidsvg.SVG$Style$FontStyle found in modules androidsvg-1.4.jar -> androidsvg-1.4 (com.caverock:androidsvg:1.4) and androidsvg-aar-1.4.aar -> androidsvg-aar-1.4-runtime (com.caverock:androidsvg-aar:1.4)
     Duplicate class com.caverock.androidsvg.SVG$Style$LineCap found in modules androidsvg-1.4.jar -> androidsvg-1.4 (com.caverock:androidsvg:1.4) and androidsvg-aar-1.4.aar -> androidsvg-aar-1.4-runtime (com.caverock:androidsvg-aar:1.4)
     Duplicate class com.caverock.androidsvg.SVG$Style$LineJoin found in modules androidsvg-1.4.jar -> androidsvg-1.4 (com.caverock:androidsvg:1.4) and androidsvg-aar-1.4.aar -> androidsvg-aar-1.4-runtime (com.caverock:androidsvg-aar:1.4)
     Duplicate class com.caverock.androidsvg.SVG$Style$RenderQuality found in modules androidsvg-1.4.jar -> androidsvg-1.4 (com.caverock:androidsvg:1.4) and androidsvg-aar-1.4.aar -> androidsvg-aar-1.4-runtime (com.caverock:androidsvg-aar:1.4)
     Duplicate class com.caverock.androidsvg.SVG$Style$TextAnchor found in modules androidsvg-1.4.jar -> androidsvg-1.4 (com.caverock:androidsvg:1.4) and androidsvg-aar-1.4.aar -> androidsvg-aar-1.4-runtime (com.caverock:androidsvg-aar:1.4)
     Duplicate class com.caverock.androidsvg.SVG$Style$TextDecoration found in modules androidsvg-1.4.jar -> androidsvg-1.4 (com.caverock:androidsvg:1.4) and androidsvg-aar-1.4.aar -> androidsvg-aar-1.4-runtime (com.caverock:androidsvg-aar:1.4)
     Duplicate class com.caverock.androidsvg.SVG$Style$TextDirection found in modules androidsvg-1.4.jar -> androidsvg-1.4 (com.caverock:androidsvg:1.4) and androidsvg-aar-1.4.aar -> androidsvg-aar-1.4-runtime (com.caverock:androidsvg-aar:1.4)
     Duplicate class com.caverock.androidsvg.SVG$Style$VectorEffect found in modules androidsvg-1.4.jar -> androidsvg-1.4 (com.caverock:androidsvg:1.4) and androidsvg-aar-1.4.aar -> androidsvg-aar-1.4-runtime (com.caverock:androidsvg-aar:1.4)
     Duplicate class com.caverock.androidsvg.SVG$Svg found in modules androidsvg-1.4.jar -> androidsvg-1.4 (com.caverock:androidsvg:1.4) and androidsvg-aar-1.4.aar -> androidsvg-aar-1.4-runtime (com.caverock:androidsvg-aar:1.4)
     Duplicate class com.caverock.androidsvg.SVG$SvgConditional found in modules androidsvg-1.4.jar -> androidsvg-1.4 (com.caverock:androidsvg:1.4) and androidsvg-aar-1.4.aar -> androidsvg-aar-1.4-runtime (com.caverock:androidsvg-aar:1.4)
     Duplicate class com.caverock.androidsvg.SVG$SvgConditionalContainer found in modules androidsvg-1.4.jar -> androidsvg-1.4 (com.caverock:androidsvg:1.4) and androidsvg-aar-1.4.aar -> androidsvg-aar-1.4-runtime (com.caverock:androidsvg-aar:1.4)
     Duplicate class com.caverock.androidsvg.SVG$SvgConditionalElement found in modules androidsvg-1.4.jar -> androidsvg-1.4 (com.caverock:androidsvg:1.4) and androidsvg-aar-1.4.aar -> androidsvg-aar-1.4-runtime (com.caverock:androidsvg-aar:1.4)
     Duplicate class com.caverock.androidsvg.SVG$SvgContainer found in modules androidsvg-1.4.jar -> androidsvg-1.4 (com.caverock:androidsvg:1.4) and androidsvg-aar-1.4.aar -> androidsvg-aar-1.4-runtime (com.caverock:androidsvg-aar:1.4)
     Duplicate class com.caverock.androidsvg.SVG$SvgElement found in modules androidsvg-1.4.jar -> androidsvg-1.4 (com.caverock:androidsvg:1.4) and androidsvg-aar-1.4.aar -> androidsvg-aar-1.4-runtime (com.caverock:androidsvg-aar:1.4)
     Duplicate class com.caverock.androidsvg.SVG$SvgElementBase found in modules androidsvg-1.4.jar -> androidsvg-1.4 (com.caverock:androidsvg:1.4) and androidsvg-aar-1.4.aar -> androidsvg-aar-1.4-runtime (com.caverock:androidsvg-aar:1.4)
     Duplicate class com.caverock.androidsvg.SVG$SvgLinearGradient found in modules androidsvg-1.4.jar -> androidsvg-1.4 (com.caverock:androidsvg:1.4) and androidsvg-aar-1.4.aar -> androidsvg-aar-1.4-runtime (com.caverock:androidsvg-aar:1.4)
     Duplicate class com.caverock.androidsvg.SVG$SvgObject found in modules androidsvg-1.4.jar -> androidsvg-1.4 (com.caverock:androidsvg:1.4) and androidsvg-aar-1.4.aar -> androidsvg-aar-1.4-runtime (com.caverock:androidsvg-aar:1.4)
     Duplicate class com.caverock.androidsvg.SVG$SvgPaint found in modules androidsvg-1.4.jar -> androidsvg-1.4 (com.caverock:androidsvg:1.4) and androidsvg-aar-1.4.aar -> androidsvg-aar-1.4-runtime (com.caverock:androidsvg-aar:1.4)
     Duplicate class com.caverock.androidsvg.SVG$SvgPreserveAspectRatioContainer found in modules androidsvg-1.4.jar -> androidsvg-1.4 (com.caverock:androidsvg:1.4) and androidsvg-aar-1.4.aar -> androidsvg-aar-1.4-runtime (com.caverock:androidsvg-aar:1.4)
     Duplicate class com.caverock.androidsvg.SVG$SvgRadialGradient found in modules androidsvg-1.4.jar -> androidsvg-1.4 (com.caverock:androidsvg:1.4) and androidsvg-aar-1.4.aar -> androidsvg-aar-1.4-runtime (com.caverock:androidsvg-aar:1.4)
     Duplicate class com.caverock.androidsvg.SVG$SvgViewBoxContainer found in modules androidsvg-1.4.jar -> androidsvg-1.4 (com.caverock:androidsvg:1.4) and androidsvg-aar-1.4.aar -> androidsvg-aar-1.4-runtime (com.caverock:androidsvg-aar:1.4)
     Duplicate class com.caverock.androidsvg.SVG$Switch found in modules androidsvg-1.4.jar -> androidsvg-1.4 (com.caverock:androidsvg:1.4) and androidsvg-aar-1.4.aar -> androidsvg-aar-1.4-runtime (com.caverock:androidsvg-aar:1.4)
     Duplicate class com.caverock.androidsvg.SVG$Symbol found in modules androidsvg-1.4.jar -> androidsvg-1.4 (com.caverock:androidsvg:1.4) and androidsvg-aar-1.4.aar -> androidsvg-aar-1.4-runtime (com.caverock:androidsvg-aar:1.4)
     Duplicate class com.caverock.androidsvg.SVG$TRef found in modules androidsvg-1.4.jar -> androidsvg-1.4 (com.caverock:androidsvg:1.4) and androidsvg-aar-1.4.aar -> androidsvg-aar-1.4-runtime (com.caverock:androidsvg-aar:1.4)
     Duplicate class com.caverock.androidsvg.SVG$TSpan found in modules androidsvg-1.4.jar -> androidsvg-1.4 (com.caverock:androidsvg:1.4) and androidsvg-aar-1.4.aar -> androidsvg-aar-1.4-runtime (com.caverock:androidsvg-aar:1.4)
     Duplicate class com.caverock.androidsvg.SVG$Text found in modules androidsvg-1.4.jar -> androidsvg-1.4 (com.caverock:androidsvg:1.4) and androidsvg-aar-1.4.aar -> androidsvg-aar-1.4-runtime (com.caverock:androidsvg-aar:1.4)
     Duplicate class com.caverock.androidsvg.SVG$TextChild found in modules androidsvg-1.4.jar -> androidsvg-1.4 (com.caverock:androidsvg:1.4) and androidsvg-aar-1.4.aar -> androidsvg-aar-1.4-runtime (com.caverock:androidsvg-aar:1.4)
     Duplicate class com.caverock.androidsvg.SVG$TextContainer found in modules androidsvg-1.4.jar -> androidsvg-1.4 (com.caverock:androidsvg:1.4) and androidsvg-aar-1.4.aar -> androidsvg-aar-1.4-runtime (com.caverock:androidsvg-aar:1.4)
     Duplicate class com.caverock.androidsvg.SVG$TextPath found in modules androidsvg-1.4.jar -> androidsvg-1.4 (com.caverock:androidsvg:1.4) and androidsvg-aar-1.4.aar -> androidsvg-aar-1.4-runtime (com.caverock:androidsvg-aar:1.4)
     Duplicate class com.caverock.androidsvg.SVG$TextPositionedContainer found in modules androidsvg-1.4.jar -> androidsvg-1.4 (com.caverock:androidsvg:1.4) and androidsvg-aar-1.4.aar -> androidsvg-aar-1.4-runtime (com.caverock:androidsvg-aar:1.4)
     Duplicate class com.caverock.androidsvg.SVG$TextRoot found in modules androidsvg-1.4.jar -> androidsvg-1.4 (com.caverock:androidsvg:1.4) and androidsvg-aar-1.4.aar -> androidsvg-aar-1.4-runtime (com.caverock:androidsvg-aar:1.4)
     Duplicate class com.caverock.androidsvg.SVG$TextSequence found in modules androidsvg-1.4.jar -> androidsvg-1.4 (com.caverock:androidsvg:1.4) and androidsvg-aar-1.4.aar -> androidsvg-aar-1.4-runtime (com.caverock:androidsvg-aar:1.4)
     Duplicate class com.caverock.androidsvg.SVG$Unit found in modules androidsvg-1.4.jar -> androidsvg-1.4 (com.caverock:androidsvg:1.4) and androidsvg-aar-1.4.aar -> androidsvg-aar-1.4-runtime (com.caverock:androidsvg-aar:1.4)
     Duplicate class com.caverock.androidsvg.SVG$Use found in modules androidsvg-1.4.jar -> androidsvg-1.4 (com.caverock:androidsvg:1.4) and androidsvg-aar-1.4.aar -> androidsvg-aar-1.4-runtime (com.caverock:androidsvg-aar:1.4)
     Duplicate class com.caverock.androidsvg.SVG$View found in modules androidsvg-1.4.jar -> androidsvg-1.4 (com.caverock:androidsvg:1.4) and androidsvg-aar-1.4.aar -> androidsvg-aar-1.4-runtime (com.caverock:androidsvg-aar:1.4)
     Duplicate class com.caverock.androidsvg.SVGAndroidRenderer found in modules androidsvg-1.4.jar -> androidsvg-1.4 (com.caverock:androidsvg:1.4) and androidsvg-aar-1.4.aar -> androidsvg-aar-1.4-runtime (com.caverock:androidsvg-aar:1.4)
     Duplicate class com.caverock.androidsvg.SVGAndroidRenderer$1 found in modules androidsvg-1.4.jar -> androidsvg-1.4 (com.caverock:androidsvg:1.4) and androidsvg-aar-1.4.aar -> androidsvg-aar-1.4-runtime (com.caverock:androidsvg-aar:1.4)
     Duplicate class com.caverock.androidsvg.SVGAndroidRenderer$MarkerPositionCalculator found in modules androidsvg-1.4.jar -> androidsvg-1.4 (com.caverock:androidsvg:1.4) and androidsvg-aar-1.4.aar -> androidsvg-aar-1.4-runtime (com.caverock:androidsvg-aar:1.4)
     Duplicate class com.caverock.androidsvg.SVGAndroidRenderer$MarkerVector found in modules androidsvg-1.4.jar -> androidsvg-1.4 (com.caverock:androidsvg:1.4) and androidsvg-aar-1.4.aar -> androidsvg-aar-1.4-runtime (com.caverock:androidsvg-aar:1.4)
     Duplicate class com.caverock.androidsvg.SVGAndroidRenderer$PathConverter found in modules androidsvg-1.4.jar -> androidsvg-1.4 (com.caverock:androidsvg:1.4) and androidsvg-aar-1.4.aar -> androidsvg-aar-1.4-runtime (com.caverock:androidsvg-aar:1.4)
     Duplicate class com.caverock.androidsvg.SVGAndroidRenderer$PathTextDrawer found in modules androidsvg-1.4.jar -> androidsvg-1.4 (com.caverock:androidsvg:1.4) and androidsvg-aar-1.4.aar -> androidsvg-aar-1.4-runtime (com.caverock:androidsvg-aar:1.4)
     Duplicate class com.caverock.androidsvg.SVGAndroidRenderer$PlainTextDrawer found in modules androidsvg-1.4.jar -> androidsvg-1.4 (com.caverock:androidsvg:1.4) and androidsvg-aar-1.4.aar -> androidsvg-aar-1.4-runtime (com.caverock:androidsvg-aar:1.4)
     Duplicate class com.caverock.androidsvg.SVGAndroidRenderer$PlainTextToPath found in modules androidsvg-1.4.jar -> androidsvg-1.4 (com.caverock:androidsvg:1.4) and androidsvg-aar-1.4.aar -> androidsvg-aar-1.4-runtime (com.caverock:androidsvg-aar:1.4)
     Duplicate class com.caverock.androidsvg.SVGAndroidRenderer$RendererState found in modules androidsvg-1.4.jar -> androidsvg-1.4 (com.caverock:androidsvg:1.4) and androidsvg-aar-1.4.aar -> androidsvg-aar-1.4-runtime (com.caverock:androidsvg-aar:1.4)
     Duplicate class com.caverock.androidsvg.SVGAndroidRenderer$TextBoundsCalculator found in modules androidsvg-1.4.jar -> androidsvg-1.4 (com.caverock:androidsvg:1.4) and androidsvg-aar-1.4.aar -> androidsvg-aar-1.4-runtime (com.caverock:androidsvg-aar:1.4)
     Duplicate class com.caverock.androidsvg.SVGAndroidRenderer$TextProcessor found in modules androidsvg-1.4.jar -> androidsvg-1.4 (com.caverock:androidsvg:1.4) and androidsvg-aar-1.4.aar -> androidsvg-aar-1.4-runtime (com.caverock:androidsvg-aar:1.4)
     Duplicate class com.caverock.androidsvg.SVGAndroidRenderer$TextWidthCalculator found in modules androidsvg-1.4.jar -> androidsvg-1.4 (com.caverock:androidsvg:1.4) and androidsvg-aar-1.4.aar -> androidsvg-aar-1.4-runtime (com.caverock:androidsvg-aar:1.4)
     Duplicate class com.caverock.androidsvg.SVGExternalFileResolver found in modules androidsvg-1.4.jar -> androidsvg-1.4 (com.caverock:androidsvg:1.4) and androidsvg-aar-1.4.aar -> androidsvg-aar-1.4-runtime (com.caverock:androidsvg-aar:1.4)
     Duplicate class com.caverock.androidsvg.SVGImageView found in modules androidsvg-1.4.jar -> androidsvg-1.4 (com.caverock:androidsvg:1.4) and androidsvg-aar-1.4.aar -> androidsvg-aar-1.4-runtime (com.caverock:androidsvg-aar:1.4)
     Duplicate class com.caverock.androidsvg.SVGImageView$1 found in modules androidsvg-1.4.jar -> androidsvg-1.4 (com.caverock:androidsvg:1.4) and androidsvg-aar-1.4.aar -> androidsvg-aar-1.4-runtime (com.caverock:androidsvg-aar:1.4)
     Duplicate class com.caverock.androidsvg.SVGImageView$LoadResourceTask found in modules androidsvg-1.4.jar -> androidsvg-1.4 (com.caverock:androidsvg:1.4) and androidsvg-aar-1.4.aar -> androidsvg-aar-1.4-runtime (com.caverock:androidsvg-aar:1.4)
     Duplicate class com.caverock.androidsvg.SVGImageView$LoadURITask found in modules androidsvg-1.4.jar -> androidsvg-1.4 (com.caverock:androidsvg:1.4) and androidsvg-aar-1.4.aar -> androidsvg-aar-1.4-runtime (com.caverock:androidsvg-aar:1.4)
     Duplicate class com.caverock.androidsvg.SVGParseException found in modules androidsvg-1.4.jar -> androidsvg-1.4 (com.caverock:androidsvg:1.4) and androidsvg-aar-1.4.aar -> androidsvg-aar-1.4-runtime (com.caverock:androidsvg-aar:1.4)
     Duplicate class com.caverock.androidsvg.SVGParser found in modules androidsvg-1.4.jar -> androidsvg-1.4 (com.caverock:androidsvg:1.4) and androidsvg-aar-1.4.aar -> androidsvg-aar-1.4-runtime (com.caverock:androidsvg-aar:1.4)
     Duplicate class com.caverock.androidsvg.SVGParser$1 found in modules androidsvg-1.4.jar -> androidsvg-1.4 (com.caverock:androidsvg:1.4) and androidsvg-aar-1.4.aar -> androidsvg-aar-1.4-runtime (com.caverock:androidsvg-aar:1.4)
     Duplicate class com.caverock.androidsvg.SVGParser$AspectRatioKeywords found in modules androidsvg-1.4.jar -> androidsvg-1.4 (com.caverock:androidsvg:1.4) and androidsvg-aar-1.4.aar -> androidsvg-aar-1.4-runtime (com.caverock:androidsvg-aar:1.4)
     Duplicate class com.caverock.androidsvg.SVGParser$ColourKeywords found in modules androidsvg-1.4.jar -> androidsvg-1.4 (com.caverock:androidsvg:1.4) and androidsvg-aar-1.4.aar -> androidsvg-aar-1.4-runtime (com.caverock:androidsvg-aar:1.4)
     Duplicate class com.caverock.androidsvg.SVGParser$FontSizeKeywords found in modules androidsvg-1.4.jar -> androidsvg-1.4 (com.caverock:androidsvg:1.4) and androidsvg-aar-1.4.aar -> androidsvg-aar-1.4-runtime (com.caverock:androidsvg-aar:1.4)
     Duplicate class com.caverock.androidsvg.SVGParser$FontWeightKeywords found in modules androidsvg-1.4.jar -> androidsvg-1.4 (com.caverock:androidsvg:1.4) and androidsvg-aar-1.4.aar -> androidsvg-aar-1.4-runtime (com.caverock:androidsvg-aar:1.4)
     Duplicate class com.caverock.androidsvg.SVGParser$SAXHandler found in modules androidsvg-1.4.jar -> androidsvg-1.4 (com.caverock:androidsvg:1.4) and androidsvg-aar-1.4.aar -> androidsvg-aar-1.4-runtime (com.caverock:androidsvg-aar:1.4)
     Duplicate class com.caverock.androidsvg.SVGParser$SVGAttr found in modules androidsvg-1.4.jar -> androidsvg-1.4 (com.caverock:androidsvg:1.4) and androidsvg-aar-1.4.aar -> androidsvg-aar-1.4-runtime (com.caverock:androidsvg-aar:1.4)
     Duplicate class com.caverock.androidsvg.SVGParser$SVGElem found in modules androidsvg-1.4.jar -> androidsvg-1.4 (com.caverock:androidsvg:1.4) and androidsvg-aar-1.4.aar -> androidsvg-aar-1.4-runtime (com.caverock:androidsvg-aar:1.4)
     Duplicate class com.caverock.androidsvg.SVGParser$TextScanner found in modules androidsvg-1.4.jar -> androidsvg-1.4 (com.caverock:androidsvg:1.4) and androidsvg-aar-1.4.aar -> androidsvg-aar-1.4-runtime (com.caverock:androidsvg-aar:1.4)
     Duplicate class com.caverock.androidsvg.SVGParser$XPPAttributesWrapper found in modules androidsvg-1.4.jar -> androidsvg-1.4 (com.caverock:androidsvg:1.4) and androidsvg-aar-1.4.aar -> androidsvg-aar-1.4-runtime (com.caverock:androidsvg-aar:1.4)
     Duplicate class com.caverock.androidsvg.SimpleAssetResolver found in modules androidsvg-1.4.jar -> androidsvg-1.4 (com.caverock:androidsvg:1.4) and androidsvg-aar-1.4.aar -> androidsvg-aar-1.4-runtime (com.caverock:androidsvg-aar:1.4)
     
     Learn how to fix dependency resolution errors at https://d.android.com/r/tools/classpath-sync-errors

* Try:
> Run with --stacktrace option to get the stack trace.
> Run with --info or --debug option to get more log output.
> Run with --scan to get full insights from a Build Scan (powered by Develocity).
> Get more help at https://help.gradle.org.

Deprecated Gradle features were used in this build, making it incompatible with Gradle 10.

You can use '--warning-mode all' to show the individual deprecation warnings and determine if they come from your own scripts or plugins.

For more on this, please refer to https://docs.gradle.org/9.4.1/userguide/command_line_interface.html#sec:command_line_warnings in the Gradle documentation.

BUILD FAILED in 4s
129 actionable tasks: 14 executed, 115 up-to-date
yarn remove v1.22.22
[1/2] Removing module @d11/react-native-fast-image...
[2/2] Regenerating lockfile and installing missing dependencies...
warning "expo > babel-preset-expo > @babel/plugin-proposal-decorators@7.29.7" has unmet peer dependency "@babel/core@^7.0.0-0".
warning "expo > babel-preset-expo > @babel/plugin-proposal-export-default-from@7.29.7" has unmet peer dependency "@babel/core@^7.0.0-0".
warning "expo > babel-preset-expo > @babel/plugin-syntax-dynamic-import@7.8.3" has unmet peer dependency "@babel/core@^7.0.0-0".
warning "expo > babel-preset-expo > @babel/plugin-syntax-export-default-from@7.29.7" has unmet peer dependency "@babel/core@^7.0.0-0".
warning "expo > babel-preset-expo > @babel/plugin-syntax-nullish-coalescing-operator@7.8.3" has unmet peer dependency "@babel/core@^7.0.0-0".
warning "expo > babel-preset-expo > @babel/plugin-syntax-optional-chaining@7.8.3" has unmet peer dependency "@babel/core@^7.0.0-0".
warning "expo > babel-preset-expo > @babel/plugin-transform-async-generator-functions@7.29.7" has unmet peer dependency "@babel/core@^7.0.0-0".
warning "expo > babel-preset-expo > @babel/plugin-transform-async-to-generator@7.29.7" has unmet peer dependency "@babel/core@^7.0.0-0".
warning "expo > babel-preset-expo > @babel/plugin-transform-block-scoping@7.29.7" has unmet peer dependency "@babel/core@^7.0.0-0".
warning "expo > babel-preset-expo > @babel/plugin-transform-class-properties@7.29.7" has unmet peer dependency "@babel/core@^7.0.0-0".
warning "expo > babel-preset-expo > @babel/plugin-transform-class-static-block@7.29.7" has unmet peer dependency "@babel/core@^7.12.0".
warning "expo > babel-preset-expo > @babel/plugin-transform-classes@7.29.7" has unmet peer dependency "@babel/core@^7.0.0-0".
warning "expo > babel-preset-expo > @babel/plugin-transform-destructuring@7.29.7" has unmet peer dependency "@babel/core@^7.0.0-0".
warning "expo > babel-preset-expo > @babel/plugin-transform-export-namespace-from@7.29.7" has unmet peer dependency "@babel/core@^7.0.0-0".
warning "expo > babel-preset-expo > @babel/plugin-transform-flow-strip-types@7.29.7" has unmet peer dependency "@babel/core@^7.0.0-0".
warning "expo > babel-preset-expo > @babel/plugin-transform-for-of@7.29.7" has unmet peer dependency "@babel/core@^7.0.0-0".
warning "expo > babel-preset-expo > @babel/plugin-transform-logical-assignment-operators@7.29.7" has unmet peer dependency "@babel/core@^7.0.0-0".
warning "expo > babel-preset-expo > @babel/plugin-transform-modules-commonjs@7.29.7" has unmet peer dependency "@babel/core@^7.0.0-0".
warning "expo > babel-preset-expo > @babel/plugin-transform-named-capturing-groups-regex@7.29.7" has unmet peer dependency "@babel/core@^7.0.0".
warning "expo > babel-preset-expo > @babel/plugin-transform-nullish-coalescing-operator@7.29.7" has unmet peer dependency "@babel/core@^7.0.0-0".
warning "expo > babel-preset-expo > @babel/plugin-transform-object-rest-spread@7.29.7" has unmet peer dependency "@babel/core@^7.0.0-0".
warning "expo > babel-preset-expo > @babel/plugin-transform-optional-catch-binding@7.29.7" has unmet peer dependency "@babel/core@^7.0.0-0".
warning "expo > babel-preset-expo > @babel/plugin-transform-optional-chaining@7.29.7" has unmet peer dependency "@babel/core@^7.0.0-0".
warning "expo > babel-preset-expo > @babel/plugin-transform-parameters@7.29.7" has unmet peer dependency "@babel/core@^7.0.0-0".
warning "expo > babel-preset-expo > @babel/plugin-transform-private-methods@7.29.7" has unmet peer dependency "@babel/core@^7.0.0-0".
warning "expo > babel-preset-expo > @babel/plugin-transform-private-property-in-object@7.29.7" has unmet peer dependency "@babel/core@^7.0.0-0".
warning "expo > babel-preset-expo > @babel/plugin-transform-react-display-name@7.29.7" has unmet peer dependency "@babel/core@^7.0.0-0".
warning "expo > babel-preset-expo > @babel/plugin-transform-react-jsx@7.29.7" has unmet peer dependency "@babel/core@^7.0.0-0".
warning "expo > babel-preset-expo > @babel/plugin-transform-react-jsx-development@7.29.7" has unmet peer dependency "@babel/core@^7.0.0-0".
warning "expo > babel-preset-expo > @babel/plugin-transform-react-pure-annotations@7.29.7" has unmet peer dependency "@babel/core@^7.0.0-0".
warning "expo > babel-preset-expo > @babel/plugin-transform-runtime@7.29.7" has unmet peer dependency "@babel/core@^7.0.0-0".
warning "expo > babel-preset-expo > @babel/plugin-transform-typescript@7.29.7" has unmet peer dependency "@babel/core@^7.0.0-0".
warning "expo > babel-preset-expo > @babel/plugin-transform-unicode-regex@7.29.7" has unmet peer dependency "@babel/core@^7.0.0-0".
warning "expo > babel-preset-expo > @babel/preset-typescript@7.29.7" has unmet peer dependency "@babel/core@^7.0.0-0".
warning "expo > babel-preset-expo > @babel/plugin-proposal-decorators > @babel/helper-create-class-features-plugin@7.29.7" has unmet peer dependency "@babel/core@^7.0.0".
warning "expo > babel-preset-expo > @babel/plugin-proposal-decorators > @babel/plugin-syntax-decorators@7.29.7" has unmet peer dependency "@babel/core@^7.0.0-0".
warning "expo > babel-preset-expo > @babel/plugin-transform-async-generator-functions > @babel/helper-remap-async-to-generator@7.29.7" has unmet peer dependency "@babel/core@^7.0.0".
warning "expo > babel-preset-expo > @babel/plugin-transform-classes > @babel/helper-replace-supers@7.29.7" has unmet peer dependency "@babel/core@^7.0.0".
warning "expo > babel-preset-expo > @babel/plugin-transform-flow-strip-types > @babel/plugin-syntax-flow@7.29.7" has unmet peer dependency "@babel/core@^7.0.0-0".
warning "expo > babel-preset-expo > @babel/plugin-transform-named-capturing-groups-regex > @babel/helper-create-regexp-features-plugin@7.29.7" has unmet peer dependency "@babel/core@^7.0.0".
warning "expo > babel-preset-expo > @babel/plugin-transform-react-jsx > @babel/plugin-syntax-jsx@7.29.7" has unmet peer dependency "@babel/core@^7.0.0-0".
warning "expo > babel-preset-expo > @babel/plugin-transform-runtime > babel-plugin-polyfill-corejs2@0.4.17" has unmet peer dependency "@babel/core@^7.4.0 || ^8.0.0-0 <8.0.0".
warning "expo > babel-preset-expo > @babel/plugin-transform-runtime > babel-plugin-polyfill-corejs3@0.13.0" has unmet peer dependency "@babel/core@^7.4.0 || ^8.0.0-0 <8.0.0".
warning "expo > babel-preset-expo > @babel/plugin-transform-runtime > babel-plugin-polyfill-regenerator@0.6.8" has unmet peer dependency "@babel/core@^7.4.0 || ^8.0.0-0 <8.0.0".
warning "expo > babel-preset-expo > @babel/plugin-transform-typescript > @babel/plugin-syntax-typescript@7.29.7" has unmet peer dependency "@babel/core@^7.0.0-0".
warning "react-native > @react-native/codegen@0.87.0" has unmet peer dependency "@babel/core@*".
warning "expo > babel-preset-expo > @babel/plugin-transform-runtime > babel-plugin-polyfill-corejs2 > @babel/helper-define-polyfill-provider@0.6.8" has unmet peer dependency "@babel/core@^7.4.0 || ^8.0.0-0 <8.0.0".
success Uninstalled packages.
Done in 0.83s.
