Dependency validation might be unreliable when using canary SDK versions
› Installing 1 other package using yarn
> yarn add @dr.pogodin/react-native-static-server
yarn add v1.22.22
[1/4] Resolving packages...
[2/4] Fetching packages...
[3/4] Linking dependencies...
warning "expo > babel-preset-expo > @babel/plugin-proposal-decorators@7.29.7" has unmet peer dependency "@babel/core@^7.0.0-0".
warning "expo > babel-preset-expo > @babel/plugin-proposal-export-default-from@7.29.7" has unmet peer dependency "@babel/core@^7.0.0-0".
warning "expo > babel-preset-expo > @babel/plugin-syntax-dynamic-import@7.8.3" has unmet peer dependency "@babel/core@^7.0.0-0".
warning "expo > babel-preset-expo > @babel/plugin-syntax-export-default-from@7.29.7" has unmet peer dependency "@babel/core@^7.0.0-0".
warning "expo > babel-preset-expo > @babel/plugin-syntax-nullish-coalescing-operator@7.8.3" has unmet peer dependency "@babel/core@^7.0.0-0".
warning "expo > babel-preset-expo > @babel/plugin-syntax-optional-chaining@7.8.3" has unmet peer dependency "@babel/core@^7.0.0-0".
warning "expo > babel-preset-expo > @babel/plugin-transform-async-generator-functions@7.29.7" has unmet peer dependency "@babel/core@^7.0.0-0".
warning "expo > babel-preset-expo > @babel/plugin-transform-async-to-generator@7.29.7" has unmet peer dependency "@babel/core@^7.0.0-0".
warning "expo > babel-preset-expo > @babel/plugin-transform-block-scoping@7.29.7" has unmet peer dependency "@babel/core@^7.0.0-0".
warning "expo > babel-preset-expo > @babel/plugin-transform-class-properties@7.29.7" has unmet peer dependency "@babel/core@^7.0.0-0".
warning "expo > babel-preset-expo > @babel/plugin-transform-class-static-block@7.29.7" has unmet peer dependency "@babel/core@^7.12.0".
warning "expo > babel-preset-expo > @babel/plugin-transform-classes@7.29.7" has unmet peer dependency "@babel/core@^7.0.0-0".
warning "expo > babel-preset-expo > @babel/plugin-transform-destructuring@7.29.7" has unmet peer dependency "@babel/core@^7.0.0-0".
warning "expo > babel-preset-expo > @babel/plugin-transform-export-namespace-from@7.29.7" has unmet peer dependency "@babel/core@^7.0.0-0".
warning "expo > babel-preset-expo > @babel/plugin-transform-flow-strip-types@7.29.7" has unmet peer dependency "@babel/core@^7.0.0-0".
warning "expo > babel-preset-expo > @babel/plugin-transform-for-of@7.29.7" has unmet peer dependency "@babel/core@^7.0.0-0".
warning "expo > babel-preset-expo > @babel/plugin-transform-logical-assignment-operators@7.29.7" has unmet peer dependency "@babel/core@^7.0.0-0".
warning "expo > babel-preset-expo > @babel/plugin-transform-modules-commonjs@7.29.7" has unmet peer dependency "@babel/core@^7.0.0-0".
warning "expo > babel-preset-expo > @babel/plugin-transform-named-capturing-groups-regex@7.29.7" has unmet peer dependency "@babel/core@^7.0.0".
warning "expo > babel-preset-expo > @babel/plugin-transform-nullish-coalescing-operator@7.29.7" has unmet peer dependency "@babel/core@^7.0.0-0".
warning "expo > babel-preset-expo > @babel/plugin-transform-object-rest-spread@7.29.7" has unmet peer dependency "@babel/core@^7.0.0-0".
warning "expo > babel-preset-expo > @babel/plugin-transform-optional-catch-binding@7.29.7" has unmet peer dependency "@babel/core@^7.0.0-0".
warning "expo > babel-preset-expo > @babel/plugin-transform-optional-chaining@7.29.7" has unmet peer dependency "@babel/core@^7.0.0-0".
warning "expo > babel-preset-expo > @babel/plugin-transform-parameters@7.29.7" has unmet peer dependency "@babel/core@^7.0.0-0".
warning "expo > babel-preset-expo > @babel/plugin-transform-private-methods@7.29.7" has unmet peer dependency "@babel/core@^7.0.0-0".
warning "expo > babel-preset-expo > @babel/plugin-transform-private-property-in-object@7.29.7" has unmet peer dependency "@babel/core@^7.0.0-0".
warning "expo > babel-preset-expo > @babel/plugin-transform-react-display-name@7.29.7" has unmet peer dependency "@babel/core@^7.0.0-0".
warning "expo > babel-preset-expo > @babel/plugin-transform-react-jsx@7.29.7" has unmet peer dependency "@babel/core@^7.0.0-0".
warning "expo > babel-preset-expo > @babel/plugin-transform-react-jsx-development@7.29.7" has unmet peer dependency "@babel/core@^7.0.0-0".
warning "expo > babel-preset-expo > @babel/plugin-transform-react-pure-annotations@7.29.7" has unmet peer dependency "@babel/core@^7.0.0-0".
warning "expo > babel-preset-expo > @babel/plugin-transform-runtime@7.29.7" has unmet peer dependency "@babel/core@^7.0.0-0".
warning "expo > babel-preset-expo > @babel/plugin-transform-typescript@7.29.7" has unmet peer dependency "@babel/core@^7.0.0-0".
warning "expo > babel-preset-expo > @babel/plugin-transform-unicode-regex@7.29.7" has unmet peer dependency "@babel/core@^7.0.0-0".
warning "expo > babel-preset-expo > @babel/preset-typescript@7.29.7" has unmet peer dependency "@babel/core@^7.0.0-0".
warning "expo > babel-preset-expo > @babel/plugin-proposal-decorators > @babel/helper-create-class-features-plugin@7.29.7" has unmet peer dependency "@babel/core@^7.0.0".
warning "expo > babel-preset-expo > @babel/plugin-proposal-decorators > @babel/plugin-syntax-decorators@7.29.7" has unmet peer dependency "@babel/core@^7.0.0-0".
warning "expo > babel-preset-expo > @babel/plugin-transform-async-generator-functions > @babel/helper-remap-async-to-generator@7.29.7" has unmet peer dependency "@babel/core@^7.0.0".
warning "expo > babel-preset-expo > @babel/plugin-transform-classes > @babel/helper-replace-supers@7.29.7" has unmet peer dependency "@babel/core@^7.0.0".
warning "expo > babel-preset-expo > @babel/plugin-transform-flow-strip-types > @babel/plugin-syntax-flow@7.29.7" has unmet peer dependency "@babel/core@^7.0.0-0".
warning "expo > babel-preset-expo > @babel/plugin-transform-named-capturing-groups-regex > @babel/helper-create-regexp-features-plugin@7.29.7" has unmet peer dependency "@babel/core@^7.0.0".
warning "expo > babel-preset-expo > @babel/plugin-transform-react-jsx > @babel/plugin-syntax-jsx@7.29.7" has unmet peer dependency "@babel/core@^7.0.0-0".
warning "expo > babel-preset-expo > @babel/plugin-transform-runtime > babel-plugin-polyfill-corejs2@0.4.17" has unmet peer dependency "@babel/core@^7.4.0 || ^8.0.0-0 <8.0.0".
warning "expo > babel-preset-expo > @babel/plugin-transform-runtime > babel-plugin-polyfill-corejs3@0.13.0" has unmet peer dependency "@babel/core@^7.4.0 || ^8.0.0-0 <8.0.0".
warning "expo > babel-preset-expo > @babel/plugin-transform-runtime > babel-plugin-polyfill-regenerator@0.6.8" has unmet peer dependency "@babel/core@^7.4.0 || ^8.0.0-0 <8.0.0".
warning "expo > babel-preset-expo > @babel/plugin-transform-typescript > @babel/plugin-syntax-typescript@7.29.7" has unmet peer dependency "@babel/core@^7.0.0-0".
warning "react-native > @react-native/codegen@0.87.0" has unmet peer dependency "@babel/core@*".
warning "expo > babel-preset-expo > @babel/plugin-transform-runtime > babel-plugin-polyfill-corejs2 > @babel/helper-define-polyfill-provider@0.6.8" has unmet peer dependency "@babel/core@^7.4.0 || ^8.0.0-0 <8.0.0".
warning " > @dr.pogodin/react-native-static-server@0.28.0" has unmet peer dependency "@dr.pogodin/react-native-fs@>= 2.22.0".
warning Workspaces can only be enabled in private projects.
[4/4] Building fresh packages...
success Saved lockfile.
warning Workspaces can only be enabled in private projects.
success Saved 2 new dependencies.
info Direct dependencies
└─ @dr.pogodin/react-native-static-server@0.28.0
info All dependencies
├─ @dr.pogodin/js-utils@0.2.0
└─ @dr.pogodin/react-native-static-server@0.28.0
Done in 5.10s.
== 10G free, below 12G: pruning Gradle transforms
== 13G free after prune
Starting a Gradle Daemon (subsequent builds will be faster)
> Task :expo-gradle-plugin:expo-autolinking-plugin-shared:checkKotlinGradlePluginConfigurationErrors SKIPPED
> Task :gradle-plugin:settings-plugin:checkKotlinGradlePluginConfigurationErrors SKIPPED
> Task :expo-gradle-plugin:expo-autolinking-settings-plugin:checkKotlinGradlePluginConfigurationErrors SKIPPED
> Task :gradle-plugin:shared:checkKotlinGradlePluginConfigurationErrors SKIPPED
> Task :expo-gradle-plugin:expo-autolinking-settings-plugin:pluginDescriptors
> Task :gradle-plugin:settings-plugin:pluginDescriptors
> Task :gradle-plugin:settings-plugin:processResources
> Task :expo-gradle-plugin:expo-autolinking-settings-plugin:processResources
> Task :gradle-plugin:shared:processResources NO-SOURCE
> Task :expo-gradle-plugin:expo-autolinking-plugin-shared:processResources NO-SOURCE
> Task :gradle-plugin:shared:compileKotlin
> Task :gradle-plugin:shared:compileJava NO-SOURCE
> Task :gradle-plugin:shared:classes UP-TO-DATE
> Task :gradle-plugin:shared:jar
> Task :expo-gradle-plugin:expo-autolinking-plugin-shared:compileKotlin
> Task :expo-gradle-plugin:expo-autolinking-plugin-shared:compileJava NO-SOURCE
> Task :expo-gradle-plugin:expo-autolinking-plugin-shared:classes UP-TO-DATE
> Task :expo-gradle-plugin:expo-autolinking-plugin-shared:jar
> Task :gradle-plugin:settings-plugin:compileKotlin
> Task :gradle-plugin:settings-plugin:compileJava NO-SOURCE
> Task :gradle-plugin:settings-plugin:classes
> Task :gradle-plugin:settings-plugin:jar
> Task :expo-gradle-plugin:expo-autolinking-settings-plugin:compileKotlin
> Task :expo-gradle-plugin:expo-autolinking-settings-plugin:compileJava NO-SOURCE
> Task :expo-gradle-plugin:expo-autolinking-settings-plugin:classes
> Task :expo-gradle-plugin:expo-autolinking-settings-plugin:jar
> Task :gradle-plugin:react-native-gradle-plugin:checkKotlinGradlePluginConfigurationErrors SKIPPED
> Task :expo-gradle-plugin:expo-max-sdk-override-plugin:checkKotlinGradlePluginConfigurationErrors SKIPPED
> Task :expo-gradle-plugin:expo-autolinking-plugin:checkKotlinGradlePluginConfigurationErrors SKIPPED
> Task :expo-module-gradle-plugin:checkKotlinGradlePluginConfigurationErrors SKIPPED
> Task :expo-module-gradle-plugin:pluginDescriptors
> Task :expo-module-gradle-plugin:processResources
> Task :expo-gradle-plugin:expo-max-sdk-override-plugin:pluginDescriptors
> Task :expo-gradle-plugin:expo-autolinking-plugin:pluginDescriptors
> Task :expo-gradle-plugin:expo-max-sdk-override-plugin:processResources
> Task :expo-gradle-plugin:expo-autolinking-plugin:processResources
> Task :gradle-plugin:react-native-gradle-plugin:pluginDescriptors
> Task :gradle-plugin:react-native-gradle-plugin:processResources
> Task :expo-gradle-plugin:expo-max-sdk-override-plugin:compileKotlin
> Task :expo-gradle-plugin:expo-max-sdk-override-plugin:compileJava NO-SOURCE
> Task :expo-gradle-plugin:expo-max-sdk-override-plugin:classes
> Task :expo-gradle-plugin:expo-max-sdk-override-plugin:jar
> Task :expo-gradle-plugin:expo-autolinking-plugin:compileKotlin
> Task :expo-gradle-plugin:expo-autolinking-plugin:compileJava NO-SOURCE
> Task :expo-gradle-plugin:expo-autolinking-plugin:classes
> Task :expo-gradle-plugin:expo-autolinking-plugin:jar
> Task :gradle-plugin:react-native-gradle-plugin:compileKotlin
> Task :gradle-plugin:react-native-gradle-plugin:compileJava NO-SOURCE
> Task :gradle-plugin:react-native-gradle-plugin:classes
> Task :gradle-plugin:react-native-gradle-plugin:jar
> Task :expo-module-gradle-plugin:compileKotlin
> Task :expo-module-gradle-plugin:compileJava NO-SOURCE
> Task :expo-module-gradle-plugin:classes
> Task :expo-module-gradle-plugin:jar

> Configure project :
[32m[ExpoRootProject][0m Using the following versions:
  - buildTools:  [32m37.0.0[0m
  - minSdk:      [32m24[0m
  - compileSdk:  [32m37[0m
  - targetSdk:   [32m36[0m
  - ndk:         [32m27.1.12297006[0m
  - kotlin:      [32m2.2.0[0m
  - ksp:         [32m2.2.0-2.0.2[0m

> Configure project :app
 ℹ️  [33mApplying gradle plugin[0m '[32mexpo-max-sdk-override-plugin[0m'
  [expo-max-sdk-override-plugin] This plugin will find all permissions declared with `android:maxSdkVersion`. If there exists a declaration with the `android:maxSdkVersion` annotation and another one without, the plugin will remove the annotation from the final merged manifest. In order to see a log with the changes run a clean build of the app.

[Incubating] Problems report is available at: file:///Users/briones/.config/tuft/sessions/1788364493.114729/worktrees/agp-new-dsl/android/build/reports/problems/problems-report.html

FAILURE: Build completed with 2 failures.

1: Task failed with an exception.
-----------
* Where:
Build file '/Users/briones/.config/tuft/sessions/1788364493.114729/worktrees/agp-new-dsl/node_modules/@dr.pogodin/react-native-static-server/android/build.gradle' line: 30

* What went wrong:
A problem occurred evaluating project ':dr.pogodin_react-native-static-server'.
> Failed to apply plugin 'kotlin-android'.
   > Cannot add extension with name 'kotlin', as there is an extension already registered with that name.

* Try:
> Run with --stacktrace option to get the stack trace.
> Run with --info or --debug option to get more log output.
> Run with --scan to get full insights from a Build Scan (powered by Develocity).
> Get more help at https://help.gradle.org.
==============================================================================

2: Task failed with an exception.
-----------
* What went wrong:
A problem occurred configuring project ':dr.pogodin_react-native-static-server'.
> Android Gradle Plugin: project ':dr.pogodin_react-native-static-server' does not specify `compileSdk` in build.gradle (/Users/briones/.config/tuft/sessions/1788364493.114729/worktrees/agp-new-dsl/node_modules/@dr.pogodin/react-native-static-server/android/build.gradle).

* Try:
> Run with --stacktrace option to get the stack trace.
> Run with --info or --debug option to get more log output.
> Run with --scan to get full insights from a Build Scan (powered by Develocity).
> Get more help at https://help.gradle.org.
==============================================================================

Deprecated Gradle features were used in this build, making it incompatible with Gradle 10.

You can use '--warning-mode all' to show the individual deprecation warnings and determine if they come from your own scripts or plugins.

For more on this, please refer to https://docs.gradle.org/9.4.1/userguide/command_line_interface.html#sec:command_line_warnings in the Gradle documentation.

BUILD FAILED in 28s
28 actionable tasks: 28 executed
== retry without new DSL flags
> Task :gradle-plugin:settings-plugin:checkKotlinGradlePluginConfigurationErrors SKIPPED
> Task :gradle-plugin:shared:checkKotlinGradlePluginConfigurationErrors SKIPPED
> Task :expo-gradle-plugin:expo-autolinking-settings-plugin:checkKotlinGradlePluginConfigurationErrors SKIPPED
> Task :expo-gradle-plugin:expo-autolinking-plugin-shared:checkKotlinGradlePluginConfigurationErrors SKIPPED
> Task :gradle-plugin:settings-plugin:pluginDescriptors UP-TO-DATE
> Task :expo-gradle-plugin:expo-autolinking-settings-plugin:pluginDescriptors UP-TO-DATE
> Task :expo-gradle-plugin:expo-autolinking-settings-plugin:processResources UP-TO-DATE
> Task :gradle-plugin:settings-plugin:processResources UP-TO-DATE
> Task :gradle-plugin:shared:compileKotlin UP-TO-DATE
> Task :expo-gradle-plugin:expo-autolinking-plugin-shared:compileKotlin UP-TO-DATE
> Task :expo-gradle-plugin:expo-autolinking-plugin-shared:compileJava NO-SOURCE
> Task :gradle-plugin:shared:compileJava NO-SOURCE
> Task :expo-gradle-plugin:expo-autolinking-plugin-shared:processResources NO-SOURCE
> Task :expo-gradle-plugin:expo-autolinking-plugin-shared:classes UP-TO-DATE
> Task :gradle-plugin:shared:processResources NO-SOURCE
> Task :gradle-plugin:shared:classes UP-TO-DATE
> Task :expo-gradle-plugin:expo-autolinking-plugin-shared:jar UP-TO-DATE
> Task :gradle-plugin:shared:jar UP-TO-DATE
> Task :expo-gradle-plugin:expo-autolinking-settings-plugin:compileKotlin UP-TO-DATE
> Task :gradle-plugin:settings-plugin:compileKotlin UP-TO-DATE
> Task :expo-gradle-plugin:expo-autolinking-settings-plugin:compileJava NO-SOURCE
> Task :gradle-plugin:settings-plugin:compileJava NO-SOURCE
> Task :expo-gradle-plugin:expo-autolinking-settings-plugin:classes UP-TO-DATE
> Task :gradle-plugin:settings-plugin:classes UP-TO-DATE
> Task :gradle-plugin:settings-plugin:jar UP-TO-DATE
> Task :expo-gradle-plugin:expo-autolinking-settings-plugin:jar UP-TO-DATE
> Task :gradle-plugin:react-native-gradle-plugin:checkKotlinGradlePluginConfigurationErrors SKIPPED
> Task :expo-gradle-plugin:expo-max-sdk-override-plugin:checkKotlinGradlePluginConfigurationErrors SKIPPED
> Task :expo-gradle-plugin:expo-autolinking-plugin:checkKotlinGradlePluginConfigurationErrors SKIPPED
> Task :expo-module-gradle-plugin:checkKotlinGradlePluginConfigurationErrors SKIPPED
> Task :expo-module-gradle-plugin:pluginDescriptors UP-TO-DATE
> Task :expo-module-gradle-plugin:processResources UP-TO-DATE
> Task :expo-gradle-plugin:expo-autolinking-plugin:compileKotlin UP-TO-DATE
> Task :expo-gradle-plugin:expo-max-sdk-override-plugin:compileKotlin UP-TO-DATE
> Task :expo-gradle-plugin:expo-max-sdk-override-plugin:compileJava NO-SOURCE
> Task :gradle-plugin:react-native-gradle-plugin:compileKotlin UP-TO-DATE
> Task :expo-gradle-plugin:expo-autolinking-plugin:compileJava NO-SOURCE
> Task :expo-gradle-plugin:expo-max-sdk-override-plugin:pluginDescriptors UP-TO-DATE
> Task :expo-gradle-plugin:expo-autolinking-plugin:pluginDescriptors UP-TO-DATE
> Task :expo-gradle-plugin:expo-max-sdk-override-plugin:processResources UP-TO-DATE
> Task :gradle-plugin:react-native-gradle-plugin:compileJava NO-SOURCE
> Task :expo-gradle-plugin:expo-max-sdk-override-plugin:classes UP-TO-DATE
> Task :expo-gradle-plugin:expo-autolinking-plugin:processResources UP-TO-DATE
> Task :expo-gradle-plugin:expo-autolinking-plugin:classes UP-TO-DATE
> Task :gradle-plugin:react-native-gradle-plugin:pluginDescriptors UP-TO-DATE
> Task :expo-gradle-plugin:expo-autolinking-plugin:jar UP-TO-DATE
> Task :expo-gradle-plugin:expo-max-sdk-override-plugin:jar UP-TO-DATE
> Task :gradle-plugin:react-native-gradle-plugin:processResources UP-TO-DATE
> Task :gradle-plugin:react-native-gradle-plugin:classes UP-TO-DATE
> Task :gradle-plugin:react-native-gradle-plugin:jar UP-TO-DATE
> Task :expo-module-gradle-plugin:compileKotlin UP-TO-DATE
> Task :expo-module-gradle-plugin:compileJava NO-SOURCE
> Task :expo-module-gradle-plugin:classes UP-TO-DATE
> Task :expo-module-gradle-plugin:jar UP-TO-DATE

> Configure project :app
WARNING: The option setting 'android.builtInKotlin=false' is deprecated.
The current default is 'true'.
It will be removed in version 10.0 of the Android Gradle plugin.
WARNING: The option setting 'android.newDsl=false' is deprecated.
The current default is 'true'.
It will be removed in version 10.0 of the Android Gradle plugin.
 ℹ️  [33mApplying gradle plugin[0m '[32mexpo-max-sdk-override-plugin[0m'
  [expo-max-sdk-override-plugin] This plugin will find all permissions declared with `android:maxSdkVersion`. If there exists a declaration with the `android:maxSdkVersion` annotation and another one without, the plugin will remove the annotation from the final merged manifest. In order to see a log with the changes run a clean build of the app.
WARNING: API 'applicationVariants' is obsolete and has been replaced with 'AndroidComponentsExtension'.
It will be removed in version 10.0 of the Android Gradle plugin.
The legacy variant API is disabled by default in AGP 9.0, but can be re-enabled by adding 
    android.newDsl=false
to this project's gradle.properties file.
For more information, see http://developer.android.com/build/r/new-dsl.

To determine what is calling applicationVariants, use -Pandroid.debug.obsoleteApi=true on the command line to display more information.
WARNING: API 'testVariants' is obsolete and has been replaced with 'AndroidComponentsExtension'.
It will be removed in version 10.0 of the Android Gradle plugin.
The legacy variant API is disabled by default in AGP 9.0, but can be re-enabled by adding 
    android.newDsl=false
to this project's gradle.properties file.
For more information, see http://developer.android.com/build/r/new-dsl.

To determine what is calling testVariants, use -Pandroid.debug.obsoleteApi=true on the command line to display more information.
WARNING: API 'unitTestVariants' is obsolete and has been replaced with 'AndroidComponentsExtension'.
It will be removed in version 10.0 of the Android Gradle plugin.
The legacy variant API is disabled by default in AGP 9.0, but can be re-enabled by adding 
    android.newDsl=false
to this project's gradle.properties file.
For more information, see http://developer.android.com/build/r/new-dsl.

To determine what is calling unitTestVariants, use -Pandroid.debug.obsoleteApi=true on the command line to display more information.

> Configure project :
[32m[ExpoRootProject][0m Using the following versions:
  - buildTools:  [32m37.0.0[0m
  - minSdk:      [32m24[0m
  - compileSdk:  [32m37[0m
  - targetSdk:   [32m36[0m
  - ndk:         [32m27.1.12297006[0m
  - kotlin:      [32m2.2.0[0m
  - ksp:         [32m2.2.0-2.0.2[0m

> Configure project :dr.pogodin_react-native-static-server
WARNING: API 'libraryVariants' is obsolete and has been replaced with 'AndroidComponentsExtension'.
It will be removed in version 10.0 of the Android Gradle plugin.
The legacy variant API is disabled by default in AGP 9.0, but can be re-enabled by adding 
    android.newDsl=false
to this project's gradle.properties file.
For more information, see http://developer.android.com/build/r/new-dsl.

To determine what is calling libraryVariants, use -Pandroid.debug.obsoleteApi=true on the command line to display more information.

> Configure project :expo

Using expo modules
  - [32mexpo-log-box[0m (58.0.0-canary-20260902-26df09e)
  - [32mexpo-constants[0m (58.0.0-canary-20260902-26df09e)
  - [32mexpo-modules-core[0m (58.0.0-canary-20260902-26df09e)
  - [33m[📦][0m [32mexpo-dom-webview[0m (58.0.0-canary-20260902-26df09e)
  - [33m[📦][0m [32mexpo-ui[0m (58.0.0-canary-20260902-26df09e)
  - [33m[📦][0m [32mexpo-asset[0m (58.0.0-canary-20260902-26df09e)
  - [33m[📦][0m [32mexpo-device[0m (58.0.0-canary-20260902-26df09e)
  - [33m[📦][0m [32mexpo-file-system[0m (58.0.0-canary-20260902-26df09e)
  - [33m[📦][0m [32mexpo-font[0m (58.0.0-canary-20260902-26df09e)
  - [33m[📦][0m [32mexpo-image[0m (58.0.0-canary-20260902-26df09e)
  - [33m[📦][0m [32mexpo-keep-awake[0m (58.0.0-canary-20260902-26df09e)
  - [33m[📦][0m [32mexpo-linking[0m (58.0.0-canary-20260902-26df09e)
  - [33m[📦][0m [32mexpo-splash-screen[0m (58.0.0-canary-20260902-26df09e)
  - [33m[📦][0m [32mexpo-status-bar[0m (58.0.0-canary-20260902-26df09e)
  - [33m[📦][0m [32mexpo-system-ui[0m (58.0.0-canary-20260902-26df09e)
  - [33m[📦][0m [32mexpo-web-browser[0m (58.0.0-canary-20260902-26df09e)


> Task :expo-modules-core:preBuild UP-TO-DATE
> Task :expo-modules-core:preDebugBuild UP-TO-DATE
> Task :expo-log-box:preBuild UP-TO-DATE
> Task :expo-log-box:preDebugBuild UP-TO-DATE
> Task :app:generateAutolinkingNewArchitectureFiles
> Task :app:generateAutolinkingPackageList
> Task :app:generateCodegenSchemaFromJavaScript SKIPPED
> Task :app:generateCodegenArtifactsFromSchema SKIPPED
> Task :expo-modules-core:processDebugNavigationResources
> Task :expo-log-box:processDebugNavigationResources
> Task :expo-modules-core:checkKotlinGradlePluginConfigurationErrors SKIPPED
> Task :expo-log-box:checkKotlinGradlePluginConfigurationErrors SKIPPED
> Task :app:generateReactNativeEntryPoint
> Task :app:checkKotlinGradlePluginConfigurationErrors SKIPPED
> Task :app:generateDebugAssets UP-TO-DATE
> Task :expo-modules-core:generateDebugBuildConfig
> Task :expo-log-box:generateDebugBuildConfig
> Task :expo-log-box:generateDebugResources
> Task :expo-modules-core:generateDebugResources
> Task :expo:generateInlineModules
> Task :expo-log-box:packageDebugResources
> Task :expo-modules-core:packageDebugResources
> Task :expo:generatePackagesList
> Task :expo:preBuild
> Task :expo:preDebugBuild
> Task :expo:processDebugNavigationResources
> Task :expo:checkKotlinGradlePluginConfigurationErrors SKIPPED
> Task :expo:generateDebugResources

> Task :expo-constants:createExpoConfig
The NODE_ENV environment variable is required but was not specified. Ensure the project is bundled with Expo CLI or NODE_ENV is set. Using only .env.local and .env

> Task :expo-constants:preBuild
> Task :expo-constants:preDebugBuild
> Task :expo-constants:processDebugNavigationResources
> Task :expo-constants:checkKotlinGradlePluginConfigurationErrors SKIPPED
> Task :expo:packageDebugResources
> Task :expo-constants:generateDebugResources
> Task :dr.pogodin_react-native-static-server:generateCodegenSchemaFromJavaScript
> Task :expo-modules-core:generateDebugAssets UP-TO-DATE
> Task :expo:generateDebugAssets UP-TO-DATE
> Task :expo-log-box:generateDebugAssets UP-TO-DATE
> Task :expo-constants:packageDebugResources
> Task :expo:javaPreCompileDebug
> Task :expo-log-box:javaPreCompileDebug
> Task :expo-modules-core:javaPreCompileDebug
> Task :expo-constants:generateDebugAssets UP-TO-DATE
> Task :expo-constants:javaPreCompileDebug
> Task :expo:mergeDebugAssets
> Task :expo-log-box:mergeDebugAssets
> Task :expo-modules-core:mergeDebugAssets
> Task :expo-constants:mergeDebugAssets
> Task :expo:extractDeepLinksDebug
> Task :expo-constants:writeDebugAarMetadata
> Task :expo-log-box:writeDebugAarMetadata
> Task :expo:writeDebugAarMetadata
> Task :expo-modules-core:writeDebugAarMetadata
> Task :expo-log-box:extractDeepLinksDebug
> Task :expo-constants:extractDeepLinksDebug
> Task :expo-modules-core:extractDeepLinksDebug
> Task :expo:mapDebugSourceSetPaths
> Task :expo-constants:parseDebugLocalResources
> Task :expo-log-box:parseDebugLocalResources
> Task :expo:parseDebugLocalResources
> Task :expo-modules-core:parseDebugLocalResources
> Task :expo-constants:mapDebugSourceSetPaths
> Task :expo-constants:generateDebugRFile
> Task :expo-log-box:generateDebugRFile
> Task :expo-modules-core:generateDebugRFile
> Task :expo-log-box:mapDebugSourceSetPaths
> Task :expo:processDebugManifest
> Task :expo-constants:processDebugManifest

> Task :expo-modules-core:processDebugManifest
/Users/briones/.config/tuft/sessions/1788364493.114729/worktrees/agp-new-dsl/node_modules/expo-modules-core/android/src/main/AndroidManifest.xml:8:9-11:45 Warning:
	meta-data#com.facebook.soloader.enabled@android:value was tagged at AndroidManifest.xml:8 to replace other declarations but no other declaration present

> Task :expo-log-box:processDebugManifest
> Task :dr.pogodin_react-native-static-server:generateCodegenArtifactsFromSchema
> Task :expo-log-box:compileDebugLibraryResources
> Task :dr.pogodin_react-native-static-server:preBuild
> Task :expo-constants:mergeDebugJniLibFolders
> Task :dr.pogodin_react-native-static-server:preDebugBuild
> Task :app:preBuild
> Task :expo-constants:compileDebugLibraryResources
> Task :expo:compileDebugLibraryResources
> Task :expo-log-box:mergeDebugJniLibFolders
> Task :app:preDebugBuild
> Task :expo-constants:mergeDebugNativeLibs NO-SOURCE
> Task :dr.pogodin_react-native-static-server:processDebugNavigationResources
> Task :dr.pogodin_react-native-static-server:checkKotlinGradlePluginConfigurationErrors SKIPPED
> Task :expo-log-box:mergeDebugNativeLibs NO-SOURCE
> Task :app:mergeDebugNativeDebugMetadata NO-SOURCE
> Task :expo:mergeDebugJniLibFolders
> Task :expo:generateDebugRFile
> Task :app:generateDebugBuildConfig UP-TO-DATE
> Task :dr.pogodin_react-native-static-server:generateDebugBuildConfig
> Task :expo:mergeDebugNativeLibs NO-SOURCE
> Task :expo-log-box:copyDebugJniLibsProjectOnly
> Task :expo-constants:copyDebugJniLibsProjectOnly
> Task :app:generateDebugResValues UP-TO-DATE
> Task :expo:copyDebugJniLibsProjectOnly
> Task :dr.pogodin_react-native-static-server:generateDebugResources
> Task :app:generateDebugResources UP-TO-DATE
> Task :dr.pogodin_react-native-static-server:packageDebugResources
> Task :dr.pogodin_react-native-static-server:generateDebugAssets UP-TO-DATE
> Task :app:packageDebugResources UP-TO-DATE
> Task :dr.pogodin_react-native-static-server:javaPreCompileDebug
> Task :dr.pogodin_react-native-static-server:parseDebugLocalResources
> Task :dr.pogodin_react-native-static-server:mergeDebugAssets
> Task :dr.pogodin_react-native-static-server:generateDebugRFile
> Task :dr.pogodin_react-native-static-server:writeDebugAarMetadata
> Task :dr.pogodin_react-native-static-server:extractDeepLinksDebug
> Task :expo-modules-core:mapDebugSourceSetPaths
> Task :expo-modules-core:compileDebugLibraryResources
> Task :dr.pogodin_react-native-static-server:mapDebugSourceSetPaths
> Task :dr.pogodin_react-native-static-server:processDebugManifest
> Task :dr.pogodin_react-native-static-server:compileDebugLibraryResources

> Task :dr.pogodin_react-native-static-server:configureCMakeDebug[arm64-v8a]
C/C++: CMake Warning (dev) at CMakeLists.txt:164:
C/C++:   Syntax Warning in cmake code at column 26
C/C++:   Argument not separated from preceding token by whitespace.
C/C++: This warning is for project developers.  Use -Wno-dev to suppress it.
C/C++: CMake Warning (dev) at CMakeLists.txt:165:
C/C++:   Syntax Warning in cmake code at column 25
C/C++:   Argument not separated from preceding token by whitespace.
C/C++: This warning is for project developers.  Use -Wno-dev to suppress it.
C/C++: CMake Warning (dev) at CMakeLists.txt:166:
C/C++:   Syntax Warning in cmake code at column 30
C/C++:   Argument not separated from preceding token by whitespace.
C/C++: This warning is for project developers.  Use -Wno-dev to suppress it.
C/C++: CMake Warning (dev) at CMakeLists.txt:167:
C/C++:   Syntax Warning in cmake code at column 26
C/C++:   Argument not separated from preceding token by whitespace.
C/C++: This warning is for project developers.  Use -Wno-dev to suppress it.
C/C++: CMake Warning (dev) at CMakeLists.txt:168:
C/C++:   Syntax Warning in cmake code at column 26
C/C++:   Argument not separated from preceding token by whitespace.
C/C++: This warning is for project developers.  Use -Wno-dev to suppress it.
C/C++: CMake Warning (dev) at CMakeLists.txt:169:
C/C++:   Syntax Warning in cmake code at column 27
C/C++:   Argument not separated from preceding token by whitespace.
C/C++: This warning is for project developers.  Use -Wno-dev to suppress it.
C/C++: CMake Warning (dev) at CMakeLists.txt:170:
C/C++:   Syntax Warning in cmake code at column 22
C/C++:   Argument not separated from preceding token by whitespace.
C/C++: This warning is for project developers.  Use -Wno-dev to suppress it.
C/C++: CMake Warning (dev) at CMakeLists.txt:171:
C/C++:   Syntax Warning in cmake code at column 29
C/C++:   Argument not separated from preceding token by whitespace.
C/C++: This warning is for project developers.  Use -Wno-dev to suppress it.
C/C++: CMake Warning (dev) at CMakeLists.txt:172:
C/C++:   Syntax Warning in cmake code at column 28
C/C++:   Argument not separated from preceding token by whitespace.
C/C++: This warning is for project developers.  Use -Wno-dev to suppress it.
C/C++: CMake Warning (dev) at CMakeLists.txt:173:
C/C++:   Syntax Warning in cmake code at column 27
C/C++:   Argument not separated from preceding token by whitespace.
C/C++: This warning is for project developers.  Use -Wno-dev to suppress it.
C/C++: CMake Warning (dev) at CMakeLists.txt:174:
C/C++:   Syntax Warning in cmake code at column 24
C/C++:   Argument not separated from preceding token by whitespace.
C/C++: This warning is for project developers.  Use -Wno-dev to suppress it.
C/C++: CMake Warning (dev) at CMakeLists.txt:175:
C/C++:   Syntax Warning in cmake code at column 26
C/C++:   Argument not separated from preceding token by whitespace.
C/C++: This warning is for project developers.  Use -Wno-dev to suppress it.
C/C++: CMake Warning (dev) at CMakeLists.txt:176:
C/C++:   Syntax Warning in cmake code at column 32
C/C++:   Argument not separated from preceding token by whitespace.
C/C++: This warning is for project developers.  Use -Wno-dev to suppress it.
C/C++: CMake Warning (dev) at CMakeLists.txt:177:
C/C++:   Syntax Warning in cmake code at column 30
C/C++:   Argument not separated from preceding token by whitespace.
C/C++: This warning is for project developers.  Use -Wno-dev to suppress it.

> Task :dr.pogodin_react-native-static-server:compileDebugKotlin
> Task :app:processDebugNavigationResources UP-TO-DATE
> Task :app:parseDebugLocalResources UP-TO-DATE
> Task :app:generateDebugRFile UP-TO-DATE
> Task :app:javaPreCompileDebug UP-TO-DATE
> Task :app:mergeDebugAssets UP-TO-DATE
> Task :app:compressDebugAssets UP-TO-DATE
> Task :app:generateDebugGlobalSynthetics UP-TO-DATE
> Task :app:checkDebugDuplicateClasses UP-TO-DATE
> Task :app:desugarDebugFileDependencies UP-TO-DATE
> Task :expo-modules-core:configureCMakeDebug[arm64-v8a]

> Task :dr.pogodin_react-native-static-server:configureCMakeDebug[arm64-v8a]
C/C++: adding property to lighttpd-angel COMPILE_FLAGS: -DSBIN_DIR=\"/usr/local/sbin\"
C/C++: adding property to lighttpd COMPILE_FLAGS: -I/Users/briones/.config/tuft/sessions/1788364493.114729/worktrees/agp-new-dsl/node_modules/@dr.pogodin/react-native-static-server/android/.cxx/Debug/681m3a4t/arm64-v8a/sysroot/include
C/C++: adding property to test_common COMPILE_FLAGS: -I/Users/briones/.config/tuft/sessions/1788364493.114729/worktrees/agp-new-dsl/node_modules/@dr.pogodin/react-native-static-server/android/.cxx/Debug/681m3a4t/arm64-v8a/sysroot/include
C/C++: adding property to test_configfile COMPILE_FLAGS: -I/Users/briones/.config/tuft/sessions/1788364493.114729/worktrees/agp-new-dsl/node_modules/@dr.pogodin/react-native-static-server/android/.cxx/Debug/681m3a4t/arm64-v8a/sysroot/include
C/C++: adding property to test_mod COMPILE_FLAGS: -I/Users/briones/.config/tuft/sessions/1788364493.114729/worktrees/agp-new-dsl/node_modules/@dr.pogodin/react-native-static-server/android/.cxx/Debug/681m3a4t/arm64-v8a/sysroot/include
C/C++: adding property to lighttpd LINK_FLAGS: -Wl,-export-dynamic

> Task :expo-modules-core:buildCMakeDebug[arm64-v8a]
C/C++: ninja: Entering directory `/Users/briones/.config/tuft/sessions/1788364493.114729/worktrees/agp-new-dsl/node_modules/expo-modules-core/android/.cxx/Debug/2bg4f4z2/arm64-v8a'
C/C++: In file included from /Users/briones/.config/tuft/sessions/1788364493.114729/worktrees/agp-new-dsl/node_modules/expo-modules-core/common/cpp/EventEmitter.cpp:5:
C/C++: /Users/briones/.config/tuft/sessions/1788364493.114729/worktrees/agp-new-dsl/node_modules/react-native/ReactCommon/cxxreact/ErrorUtils.h:10:2: warning: Deprecated: use <jserrorhandler/ErrorUtils.h> instead. [-W#warnings]
C/C++:    10 | #warning Deprecated: use <jserrorhandler/ErrorUtils.h> instead.
C/C++:       |  ^
C/C++: 1 warning generated.

> Task :expo-modules-core:compileDebugKotlin

> Task :expo-modules-core:buildCMakeDebug[arm64-v8a]
C/C++: /Users/briones/.config/tuft/sessions/1788364493.114729/worktrees/agp-new-dsl/node_modules/expo-modules-core/android/src/main/cpp/fabric/ExpoComponentDescriptorFactory.cpp:17:5: warning: 'RawPropsParser' is deprecated [-Wdeprecated-declarations]
C/C++:    17 |     react::RawPropsParser(/*useRawPropsJsiValue=*/true)
C/C++:       |     ^
C/C++: /Users/briones/.config/tuft/sessions/1788364493.114729/worktrees/agp-new-dsl/node_modules/react-native/ReactCommon/react/renderer/core/RawPropsParser.h:31:5: note: 'RawPropsParser' has been explicitly marked deprecated here
C/C++:    31 |   [[deprecated]] explicit RawPropsParser(bool /* ignored */) : RawPropsParser() {}
C/C++:       |     ^
C/C++: 1 warning generated.

> Task :dr.pogodin_react-native-static-server:compileDebugJavaWithJavac
> Task :expo-modules-core:mergeDebugJniLibFolders
> Task :dr.pogodin_react-native-static-server:processDebugJavaRes

> Task :dr.pogodin_react-native-static-server:buildCMakeDebug[arm64-v8a][lighttpd]
C/C++: ninja: Entering directory `/Users/briones/.config/tuft/sessions/1788364493.114729/worktrees/agp-new-dsl/node_modules/@dr.pogodin/react-native-static-server/android/.cxx/Debug/681m3a4t/arm64-v8a'
C/C++: In file included from /Users/briones/.config/tuft/sessions/1788364493.114729/worktrees/agp-new-dsl/node_modules/@dr.pogodin/react-native-static-server/lighttpd1.4/src/server.c:197:
C/C++: /Users/briones/.config/tuft/sessions/1788364493.114729/worktrees/agp-new-dsl/node_modules/@dr.pogodin/react-native-static-server/lighttpd1.4/src/library-wrap.h:38:22: warning: a function declaration without a prototype is deprecated in all versions of C [-Wstrict-prototypes]
C/C++:    38 | void errlog_to_stderr() {
C/C++:       |                      ^
C/C++:       |                       void
C/C++: 1 warning generated.
C/C++: In file included from /Users/briones/.config/tuft/sessions/1788364493.114729/worktrees/agp-new-dsl/node_modules/@dr.pogodin/react-native-static-server/lighttpd1.4/src/configfile.c:32:
C/C++: /Users/briones/.config/tuft/sessions/1788364493.114729/worktrees/agp-new-dsl/node_modules/@dr.pogodin/react-native-static-server/android/.cxx/Debug/681m3a4t/arm64-v8a/sysroot/include/glob.h:52:9: warning: type nullability specifier '_Nullable' is a Clang extension [-Wnullability-extension]
C/C++:    52 |   char* _Nullable * _Nullable gl_pathv;
C/C++:       |         ^
C/C++: /Users/briones/.config/tuft/sessions/1788364493.114729/worktrees/agp-new-dsl/node_modules/@dr.pogodin/react-native-static-server/android/.cxx/Debug/681m3a4t/arm64-v8a/sysroot/include/glob.h:52:21: warning: type nullability specifier '_Nullable' is a Clang extension [-Wnullability-extension]
C/C++:    52 |   char* _Nullable * _Nullable gl_pathv;
C/C++:       |                     ^
C/C++: /Users/briones/.config/tuft/sessions/1788364493.114729/worktrees/agp-new-dsl/node_modules/@dr.pogodin/react-native-static-server/android/.cxx/Debug/681m3a4t/arm64-v8a/sysroot/include/glob.h:55:10: warning: type nullability specifier '_Nullable' is a Clang extension [-Wnullability-extension]
C/C++:    55 |   int (* _Nullable gl_errfunc)(const char* _Nonnull __failure_path, int __failure_errno);
C/C++:       |          ^
C/C++: /Users/briones/.config/tuft/sessions/1788364493.114729/worktrees/agp-new-dsl/node_modules/@dr.pogodin/react-native-static-server/android/.cxx/Debug/681m3a4t/arm64-v8a/sysroot/include/glob.h:55:44: warning: type nullability specifier '_Nonnull' is a Clang extension [-Wnullability-extension]
C/C++:    55 |   int (* _Nullable gl_errfunc)(const char* _Nonnull __failure_path, int __failure_errno);
C/C++:       |                                            ^
C/C++: /Users/briones/.config/tuft/sessions/1788364493.114729/worktrees/agp-new-dsl/node_modules/@dr.pogodin/react-native-static-server/android/.cxx/Debug/681m3a4t/arm64-v8a/sysroot/include/glob.h:58:11: warning: type nullability specifier '_Nullable' is a Clang extension [-Wnullability-extension]
C/C++:    58 |   void (* _Nullable gl_closedir)(void* _Nonnull);
C/C++:       |           ^
C/C++: /Users/briones/.config/tuft/sessions/1788364493.114729/worktrees/agp-new-dsl/node_modules/@dr.pogodin/react-native-static-server/android/.cxx/Debug/681m3a4t/arm64-v8a/sysroot/include/glob.h:58:40: warning: type nullability specifier '_Nonnull' is a Clang extension [-Wnullability-extension]
C/C++:    58 |   void (* _Nullable gl_closedir)(void* _Nonnull);
C/C++:       |                                        ^
C/C++: /Users/briones/.config/tuft/sessions/1788364493.114729/worktrees/agp-new-dsl/node_modules/@dr.pogodin/react-native-static-server/android/.cxx/Debug/681m3a4t/arm64-v8a/sysroot/include/glob.h:60:18: warning: type nullability specifier '_Nullable' is a Clang extension [-Wnullability-extension]
C/C++:    60 |   struct dirent* _Nullable (* _Nonnull gl_readdir)(void* _Nonnull);
C/C++:       |                  ^
C/C++: /Users/briones/.config/tuft/sessions/1788364493.114729/worktrees/agp-new-dsl/node_modules/@dr.pogodin/react-native-static-server/android/.cxx/Debug/681m3a4t/arm64-v8a/sysroot/include/glob.h:60:31: warning: type nullability specifier '_Nonnull' is a Clang extension [-Wnullability-extension]
C/C++:    60 |   struct dirent* _Nullable (* _Nonnull gl_readdir)(void* _Nonnull);
C/C++:       |                               ^
C/C++: /Users/briones/.config/tuft/sessions/1788364493.114729/worktrees/agp-new-dsl/node_modules/@dr.pogodin/react-native-static-server/android/.cxx/Debug/681m3a4t/arm64-v8a/sysroot/include/glob.h:60:58: warning: type nullability specifier '_Nonnull' is a Clang extension [-Wnullability-extension]
C/C++:    60 |   struct dirent* _Nullable (* _Nonnull gl_readdir)(void* _Nonnull);
C/C++:       |                                                          ^
C/C++: /Users/briones/.config/tuft/sessions/1788364493.114729/worktrees/agp-new-dsl/node_modules/@dr.pogodin/react-native-static-server/android/.cxx/Debug/681m3a4t/arm64-v8a/sysroot/include/glob.h:62:9: warning: type nullability specifier '_Nullable' is a Clang extension [-Wnullability-extension]
C/C++:    62 |   void* _Nullable (* _Nonnull gl_opendir)(const char* _Nonnull);
C/C++:       |         ^
C/C++: /Users/briones/.config/tuft/sessions/1788364493.114729/worktrees/agp-new-dsl/node_modules/@dr.pogodin/react-native-static-server/android/.cxx/Debug/681m3a4t/arm64-v8a/sysroot/include/glob.h:62:22: warning: type nullability specifier '_Nonnull' is a Clang extension [-Wnullability-extension]
C/C++:    62 |   void* _Nullable (* _Nonnull gl_opendir)(const char* _Nonnull);
C/C++:       |                      ^
C/C++: /Users/briones/.config/tuft/sessions/1788364493.114729/worktrees/agp-new-dsl/node_modules/@dr.pogodin/react-native-static-server/android/.cxx/Debug/681m3a4t/arm64-v8a/sysroot/include/glob.h:62:55: warning: type nullability specifier '_Nonnull' is a Clang extension [-Wnullability-extension]
C/C++:    62 |   void* _Nullable (* _Nonnull gl_opendir)(const char* _Nonnull);
C/C++:       |                                                       ^
C/C++: /Users/briones/.config/tuft/sessions/1788364493.114729/worktrees/agp-new-dsl/node_modules/@dr.pogodin/react-native-static-server/android/.cxx/Debug/681m3a4t/arm64-v8a/sysroot/include/glob.h:64:10: warning: type nullability specifier '_Nullable' is a Clang extension [-Wnullability-extension]
C/C++:    64 |   int (* _Nullable gl_lstat)(const char* _Nonnull, struct stat* _Nonnull);
C/C++:       |          ^
C/C++: /Users/briones/.config/tuft/sessions/1788364493.114729/worktrees/agp-new-dsl/node_modules/@dr.pogodin/react-native-static-server/android/.cxx/Debug/681m3a4t/arm64-v8a/sysroot/include/glob.h:64:42: warning: type nullability specifier '_Nonnull' is a Clang extension [-Wnullability-extension]
C/C++:    64 |   int (* _Nullable gl_lstat)(const char* _Nonnull, struct stat* _Nonnull);
C/C++:       |                                          ^
C/C++: /Users/briones/.config/tuft/sessions/1788364493.114729/worktrees/agp-new-dsl/node_modules/@dr.pogodin/react-native-static-server/android/.cxx/Debug/681m3a4t/arm64-v8a/sysroot/include/glob.h:64:65: warning: type nullability specifier '_Nonnull' is a Clang extension [-Wnullability-extension]
C/C++:    64 |   int (* _Nullable gl_lstat)(const char* _Nonnull, struct stat* _Nonnull);
C/C++:       |                                                                 ^
C/C++: /Users/briones/.config/tuft/sessions/1788364493.114729/worktrees/agp-new-dsl/node_modules/@dr.pogodin/react-native-static-server/android/.cxx/Debug/681m3a4t/arm64-v8a/sysroot/include/glob.h:66:10: warning: type nullability specifier '_Nullable' is a Clang extension [-Wnullability-extension]
C/C++:    66 |   int (* _Nullable gl_stat)(const char* _Nonnull, struct stat* _Nonnull);
C/C++:       |          ^
C/C++: /Users/briones/.config/tuft/sessions/1788364493.114729/worktrees/agp-new-dsl/node_modules/@dr.pogodin/react-native-static-server/android/.cxx/Debug/681m3a4t/arm64-v8a/sysroot/include/glob.h:66:41: warning: type nullability specifier '_Nonnull' is a Clang extension [-Wnullability-extension]
C/C++:    66 |   int (* _Nullable gl_stat)(const char* _Nonnull, struct stat* _Nonnull);
C/C++:       |                                         ^
C/C++: /Users/briones/.config/tuft/sessions/1788364493.114729/worktrees/agp-new-dsl/node_modules/@dr.pogodin/react-native-static-server/android/.cxx/Debug/681m3a4t/arm64-v8a/sysroot/include/glob.h:66:64: warning: type nullability specifier '_Nonnull' is a Clang extension [-Wnullability-extension]
C/C++:    66 |   int (* _Nullable gl_stat)(const char* _Nonnull, struct stat* _Nonnull);
C/C++:       |                                                                ^
C/C++: /Users/briones/.config/tuft/sessions/1788364493.114729/worktrees/agp-new-dsl/node_modules/@dr.pogodin/react-native-static-server/android/.cxx/Debug/681m3a4t/arm64-v8a/sysroot/include/glob.h:95:22: warning: type nullability specifier '_Nonnull' is a Clang extension [-Wnullability-extension]
C/C++:    95 | int glob(const char* _Nonnull __pattern, int __flags, int (* _Nullable __error_callback)(const char* _Nonnull __failure_path, int __failure_errno), glob_t* _Nonnull __result_ptr);
C/C++:       |                      ^
C/C++: /Users/briones/.config/tuft/sessions/1788364493.114729/worktrees/agp-new-dsl/node_modules/@dr.pogodin/react-native-static-server/android/.cxx/Debug/681m3a4t/arm64-v8a/sysroot/include/glob.h:95:62: warning: type nullability specifier '_Nullable' is a Clang extension [-Wnullability-extension]
C/C++:    95 | int glob(const char* _Nonnull __pattern, int __flags, int (* _Nullable __error_callback)(const char* _Nonnull __failure_path, int __failure_errno), glob_t* _Nonnull __result_ptr);
C/C++:       |                                                              ^
C/C++: /Users/briones/.config/tuft/sessions/1788364493.114729/worktrees/agp-new-dsl/node_modules/@dr.pogodin/react-native-static-server/android/.cxx/Debug/681m3a4t/arm64-v8a/sysroot/include/glob.h:95:102: warning: type nullability specifier '_Nonnull' is a Clang extension [-Wnullability-extension]
C/C++:    95 | int glob(const char* _Nonnull __pattern, int __flags, int (* _Nullable __error_callback)(const char* _Nonnull __failure_path, int __failure_errno), glob_t* _Nonnull __result_ptr);
C/C++:       |                                                                                                      ^
C/C++: /Users/briones/.config/tuft/sessions/1788364493.114729/worktrees/agp-new-dsl/node_modules/@dr.pogodin/react-native-static-server/android/.cxx/Debug/681m3a4t/arm64-v8a/sysroot/include/glob.h:95:157: warning: type nullability specifier '_Nonnull' is a Clang extension [-Wnullability-extension]
C/C++:    95 | int glob(const char* _Nonnull __pattern, int __flags, int (* _Nullable __error_callback)(const char* _Nonnull __failure_path, int __failure_errno), glob_t* _Nonnull __result_ptr);
C/C++:       |                                                                                                                                                             ^
C/C++: /Users/briones/.config/tuft/sessions/1788364493.114729/worktrees/agp-new-dsl/node_modules/@dr.pogodin/react-native-static-server/android/.cxx/Debug/681m3a4t/arm64-v8a/sysroot/include/glob.h:96:23: warning: type nullability specifier '_Nonnull' is a Clang extension [-Wnullability-extension]
C/C++:    96 | void globfree(glob_t* _Nonnull __result_ptr);
C/C++:       |                       ^
C/C++: 23 warnings generated.

> Task :dr.pogodin_react-native-static-server:configureCMakeDebug[armeabi-v7a]
C/C++: CMake Warning (dev) at CMakeLists.txt:164:
C/C++:   Syntax Warning in cmake code at column 26
C/C++:   Argument not separated from preceding token by whitespace.
C/C++: This warning is for project developers.  Use -Wno-dev to suppress it.
C/C++: CMake Warning (dev) at CMakeLists.txt:165:
C/C++:   Syntax Warning in cmake code at column 25
C/C++:   Argument not separated from preceding token by whitespace.
C/C++: This warning is for project developers.  Use -Wno-dev to suppress it.
C/C++: CMake Warning (dev) at CMakeLists.txt:166:
C/C++:   Syntax Warning in cmake code at column 30
C/C++:   Argument not separated from preceding token by whitespace.
C/C++: This warning is for project developers.  Use -Wno-dev to suppress it.
C/C++: CMake Warning (dev) at CMakeLists.txt:167:
C/C++:   Syntax Warning in cmake code at column 26
C/C++:   Argument not separated from preceding token by whitespace.
C/C++: This warning is for project developers.  Use -Wno-dev to suppress it.
C/C++: CMake Warning (dev) at CMakeLists.txt:168:
C/C++:   Syntax Warning in cmake code at column 26
C/C++:   Argument not separated from preceding token by whitespace.
C/C++: This warning is for project developers.  Use -Wno-dev to suppress it.
C/C++: CMake Warning (dev) at CMakeLists.txt:169:
C/C++:   Syntax Warning in cmake code at column 27
C/C++:   Argument not separated from preceding token by whitespace.
C/C++: This warning is for project developers.  Use -Wno-dev to suppress it.
C/C++: CMake Warning (dev) at CMakeLists.txt:170:
C/C++:   Syntax Warning in cmake code at column 22
C/C++:   Argument not separated from preceding token by whitespace.
C/C++: This warning is for project developers.  Use -Wno-dev to suppress it.
C/C++: CMake Warning (dev) at CMakeLists.txt:171:
C/C++:   Syntax Warning in cmake code at column 29
C/C++:   Argument not separated from preceding token by whitespace.
C/C++: This warning is for project developers.  Use -Wno-dev to suppress it.
C/C++: CMake Warning (dev) at CMakeLists.txt:172:
C/C++:   Syntax Warning in cmake code at column 28
C/C++:   Argument not separated from preceding token by whitespace.
C/C++: This warning is for project developers.  Use -Wno-dev to suppress it.
C/C++: CMake Warning (dev) at CMakeLists.txt:173:
C/C++:   Syntax Warning in cmake code at column 27
C/C++:   Argument not separated from preceding token by whitespace.
C/C++: This warning is for project developers.  Use -Wno-dev to suppress it.
C/C++: CMake Warning (dev) at CMakeLists.txt:174:
C/C++:   Syntax Warning in cmake code at column 24
C/C++:   Argument not separated from preceding token by whitespace.
C/C++: This warning is for project developers.  Use -Wno-dev to suppress it.
C/C++: CMake Warning (dev) at CMakeLists.txt:175:
C/C++:   Syntax Warning in cmake code at column 26
C/C++:   Argument not separated from preceding token by whitespace.
C/C++: This warning is for project developers.  Use -Wno-dev to suppress it.
C/C++: CMake Warning (dev) at CMakeLists.txt:176:
C/C++:   Syntax Warning in cmake code at column 32
C/C++:   Argument not separated from preceding token by whitespace.
C/C++: This warning is for project developers.  Use -Wno-dev to suppress it.
C/C++: CMake Warning (dev) at CMakeLists.txt:177:
C/C++:   Syntax Warning in cmake code at column 30
C/C++:   Argument not separated from preceding token by whitespace.
C/C++: This warning is for project developers.  Use -Wno-dev to suppress it.

> Task :app:mergeExtDexDebug
> Task :dr.pogodin_react-native-static-server:bundleLibCompileToJarDebug

> Task :expo-modules-core:compileDebugKotlin
w: file:///Users/briones/.config/tuft/sessions/1788364493.114729/worktrees/agp-new-dsl/node_modules/expo-modules-core/android/src/main/java/expo/modules/kotlin/jni/CppType.kt:42:23 'class NativeArrayBuffer : Destructible' is deprecated. Use ArrayBuffer instead.
w: file:///Users/briones/.config/tuft/sessions/1788364493.114729/worktrees/agp-new-dsl/node_modules/expo-modules-core/android/src/main/java/expo/modules/kotlin/jni/JavaCallback.kt:38:10 'class NativeArrayBuffer : Destructible' is deprecated. Use ArrayBuffer instead.
w: file:///Users/briones/.config/tuft/sessions/1788364493.114729/worktrees/agp-new-dsl/node_modules/expo-modules-core/android/src/main/java/expo/modules/kotlin/jni/JavaCallback.kt:96:45 'class NativeArrayBuffer : Destructible' is deprecated. Use ArrayBuffer instead.
w: file:///Users/briones/.config/tuft/sessions/1788364493.114729/worktrees/agp-new-dsl/node_modules/expo-modules-core/android/src/main/java/expo/modules/kotlin/jni/NativeArrayBuffer.kt:49:15 'class NativeArrayBuffer : Destructible' is deprecated. Use ArrayBuffer instead.
w: file:///Users/briones/.config/tuft/sessions/1788364493.114729/worktrees/agp-new-dsl/node_modules/expo-modules-core/android/src/main/java/expo/modules/kotlin/jni/NativeArrayBuffer.kt:64:30 'class NativeArrayBuffer : Destructible' is deprecated. Use ArrayBuffer instead.
w: file:///Users/briones/.config/tuft/sessions/1788364493.114729/worktrees/agp-new-dsl/node_modules/expo-modules-core/android/src/main/java/expo/modules/kotlin/jni/NativeArrayBuffer.kt:66:14 'constructor(byteBuffer: ByteBuffer): NativeArrayBuffer' is deprecated. Use ArrayBuffer instead.
w: file:///Users/briones/.config/tuft/sessions/1788364493.114729/worktrees/agp-new-dsl/node_modules/expo-modules-core/android/src/main/java/expo/modules/kotlin/jni/NativeArrayBuffer.kt:74:39 'class NativeArrayBuffer : Destructible' is deprecated. Use ArrayBuffer instead.
w: file:///Users/briones/.config/tuft/sessions/1788364493.114729/worktrees/agp-new-dsl/node_modules/expo-modules-core/android/src/main/java/expo/modules/kotlin/jni/NativeArrayBuffer.kt:75:7 'constructor(byteBuffer: ByteBuffer): NativeArrayBuffer' is deprecated. Use ArrayBuffer instead.
w: file:///Users/briones/.config/tuft/sessions/1788364493.114729/worktrees/agp-new-dsl/node_modules/expo-modules-core/android/src/main/java/expo/modules/kotlin/jni/NativeArrayBuffer.kt:80:37 'class NativeArrayBuffer : Destructible' is deprecated. Use ArrayBuffer instead.
w: file:///Users/briones/.config/tuft/sessions/1788364493.114729/worktrees/agp-new-dsl/node_modules/expo-modules-core/android/src/main/java/expo/modules/kotlin/jni/NativeArrayBuffer.kt:86:47 'class NativeArrayBuffer : Destructible' is deprecated. Use ArrayBuffer instead.
w: file:///Users/briones/.config/tuft/sessions/1788364493.114729/worktrees/agp-new-dsl/node_modules/expo-modules-core/android/src/main/java/expo/modules/kotlin/jni/NativeArrayBuffer.kt:92:23 'class NativeArrayBuffer : Destructible' is deprecated. Use ArrayBuffer instead.
w: file:///Users/briones/.config/tuft/sessions/1788364493.114729/worktrees/agp-new-dsl/node_modules/expo-modules-core/android/src/main/java/expo/modules/kotlin/jni/NativeArrayBuffer.kt:92:43 'class NativeArrayBuffer : Destructible' is deprecated. Use ArrayBuffer instead.
w: file:///Users/briones/.config/tuft/sessions/1788364493.114729/worktrees/agp-new-dsl/node_modules/expo-modules-core/android/src/main/java/expo/modules/kotlin/jni/NativeArrayBuffer.kt:95:41 'class NativeArrayBuffer : Destructible' is deprecated. Use ArrayBuffer instead.
w: file:///Users/briones/.config/tuft/sessions/1788364493.114729/worktrees/agp-new-dsl/node_modules/expo-modules-core/android/src/main/java/expo/modules/kotlin/jni/NativeArrayBuffer.kt:105:14 'constructor(byteBuffer: ByteBuffer): NativeArrayBuffer' is deprecated. Use ArrayBuffer instead.
w: file:///Users/briones/.config/tuft/sessions/1788364493.114729/worktrees/agp-new-dsl/node_modules/expo-modules-core/android/src/main/java/expo/modules/kotlin/types/ColorCompat.kt:115:5 This annotation is currently applied to the value parameter only, but in the future it will also be applied to field.
- To opt in to applying to both value parameter and field, add '-Xannotation-default-target=param-property' to your compiler arguments.
- To keep applying to the value parameter only, use the '@param:' annotation target.

See https://youtrack.jetbrains.com/issue/KT-73255 for more details.
w: file:///Users/briones/.config/tuft/sessions/1788364493.114729/worktrees/agp-new-dsl/node_modules/expo-modules-core/android/src/main/java/expo/modules/kotlin/types/JSTypeConverter.kt:7:8 'class NativeArrayBuffer : Destructible' is deprecated. Use ArrayBuffer instead.
w: file:///Users/briones/.config/tuft/sessions/1788364493.114729/worktrees/agp-new-dsl/node_modules/expo-modules-core/android/src/main/java/expo/modules/kotlin/types/JSTypeConverter.kt:245:55 'class NativeArrayBuffer : Destructible' is deprecated. Use ArrayBuffer instead.
w: file:///Users/briones/.config/tuft/sessions/1788364493.114729/worktrees/agp-new-dsl/node_modules/expo-modules-core/android/src/main/java/expo/modules/kotlin/types/JSTypeConverter.kt:247:19 'class NativeArrayBuffer : Destructible' is deprecated. Use ArrayBuffer instead.
w: file:///Users/briones/.config/tuft/sessions/1788364493.114729/worktrees/agp-new-dsl/node_modules/expo-modules-core/android/src/main/java/expo/modules/kotlin/types/ReturnType.kt:6:8 'class NativeArrayBuffer : Destructible' is deprecated. Use ArrayBuffer instead.
w: file:///Users/briones/.config/tuft/sessions/1788364493.114729/worktrees/agp-new-dsl/node_modules/expo-modules-core/android/src/main/java/expo/modules/kotlin/types/ReturnType.kt:45:5 'class NativeArrayBuffer : Destructible' is deprecated. Use ArrayBuffer instead.
w: file:///Users/briones/.config/tuft/sessions/1788364493.114729/worktrees/agp-new-dsl/node_modules/expo-modules-core/android/src/main/java/expo/modules/kotlin/types/TypeConverterProvider.kt:19:8 'class NativeArrayBuffer : Destructible' is deprecated. Use ArrayBuffer instead.
w: file:///Users/briones/.config/tuft/sessions/1788364493.114729/worktrees/agp-new-dsl/node_modules/expo-modules-core/android/src/main/java/expo/modules/kotlin/types/TypeConverterProvider.kt:254:7 'class NativeArrayBuffer : Destructible' is deprecated. Use ArrayBuffer instead.

> Task :dr.pogodin_react-native-static-server:bundleLibRuntimeToDirDebug
> Task :expo-modules-core:mergeDebugNativeLibs

> Task :expo-modules-core:compileDebugJavaWithJavac
Note: Some input files use or override a deprecated API.
Note: Recompile with -Xlint:deprecation for details.

> Task :expo-modules-core:processDebugJavaRes
> Task :expo-modules-core:bundleLibCompileToJarDebug
> Task :expo-modules-core:bundleLibRuntimeToDirDebug
> Task :expo-modules-core:copyDebugJniLibsProjectOnly
> Task :expo-constants:compileDebugKotlin
> Task :expo-constants:compileDebugJavaWithJavac NO-SOURCE
> Task :expo-constants:bundleLibCompileToJarDebug
> Task :expo-constants:processDebugJavaRes
> Task :expo-constants:bundleLibRuntimeToDirDebug
> Task :expo-log-box:compileDebugKotlin
> Task :expo-log-box:compileDebugJavaWithJavac
> Task :expo-log-box:bundleLibCompileToJarDebug
> Task :expo-log-box:processDebugJavaRes
> Task :expo-log-box:bundleLibRuntimeToDirDebug
> Task :app:mergeExtDexDebug UP-TO-DATE
> Task :app:checkDebugAarMetadata UP-TO-DATE
> Task :app:mapDebugSourceSetPaths UP-TO-DATE
> Task :app:compileDebugNavigationResources UP-TO-DATE
> Task :app:mergeDebugResources UP-TO-DATE
> Task :app:createDebugCompatibleScreenManifests UP-TO-DATE
> Task :app:extractDeepLinksDebug UP-TO-DATE

> Task :app:processDebugMainManifest
/Users/briones/.config/tuft/sessions/1788364493.114729/worktrees/agp-new-dsl/android/app/src/debug/AndroidManifest.xml:6:5-162 Warning:
	application@android:usesCleartextTraffic was tagged at AndroidManifest.xml:6 to replace other declarations but no other declaration present
/Users/briones/.config/tuft/sessions/1788364493.114729/worktrees/agp-new-dsl/android/app/src/debug/AndroidManifest.xml Warning:
	provider#expo.modules.filesystem.FileSystemFileProvider@android:authorities was tagged at AndroidManifest.xml:0 to replace other declarations but no other declaration present

> Task :app:expoDebugOverrideMaxSdkConflicts
[33m---------- Expo Max Sdk Override Plugin ----------[0m
[32m>>> No 'android:maxSdkVersion' conflicts found[0m
[33m--------------------------------------------------[0m

> Task :app:processDebugManifest

> Task :expo:compileDebugKotlin
w: file:///Users/briones/.config/tuft/sessions/1788364493.114729/worktrees/agp-new-dsl/node_modules/expo/android/src/main/java/expo/modules/ExpoModulesPackage.kt:34:16 This declaration overrides a deprecated member but is not marked as deprecated itself. Add the '@Deprecated' annotation or suppress the diagnostic.
w: file:///Users/briones/.config/tuft/sessions/1788364493.114729/worktrees/agp-new-dsl/node_modules/expo/android/src/main/java/expo/modules/ReactActivityDelegateWrapper.kt:22:8 'class ReactInstanceManager : Any' is deprecated. Deprecated in Java.
w: file:///Users/briones/.config/tuft/sessions/1788364493.114729/worktrees/agp-new-dsl/node_modules/expo/android/src/main/java/expo/modules/ReactActivityDelegateWrapper.kt:102:16 This declaration overrides a deprecated member but is not marked as deprecated itself. Add the '@Deprecated' annotation or suppress the diagnostic.
w: file:///Users/briones/.config/tuft/sessions/1788364493.114729/worktrees/agp-new-dsl/node_modules/expo/android/src/main/java/expo/modules/ReactActivityDelegateWrapper.kt:102:43 'class ReactInstanceManager : Any' is deprecated. Deprecated in Java.
w: file:///Users/briones/.config/tuft/sessions/1788364493.114729/worktrees/agp-new-dsl/node_modules/expo/android/src/main/java/expo/modules/ReactActivityDelegateWrapper.kt:103:21 'val reactInstanceManager: ReactInstanceManager' is deprecated. Deprecated in Java.
w: file:///Users/briones/.config/tuft/sessions/1788364493.114729/worktrees/agp-new-dsl/node_modules/expo/android/src/main/java/expo/modules/fetch/ExpoFetchModule.kt:15:8 'class NativeArrayBuffer : Destructible' is deprecated. Use ArrayBuffer instead.
w: file:///Users/briones/.config/tuft/sessions/1788364493.114729/worktrees/agp-new-dsl/node_modules/expo/android/src/main/java/expo/modules/fetch/ExpoFetchModule.kt:33:39 'constructor(reactContext: ReactContext): ForwardingCookieHandler' is deprecated. Use the default constructor.
w: file:///Users/briones/.config/tuft/sessions/1788364493.114729/worktrees/agp-new-dsl/node_modules/expo/android/src/main/java/expo/modules/fetch/ExpoFetchModule.kt:111:27 'constructor(byteBuffer: ByteBuffer): NativeArrayBuffer' is deprecated. Use ArrayBuffer instead.
w: file:///Users/briones/.config/tuft/sessions/1788364493.114729/worktrees/agp-new-dsl/node_modules/expo/android/src/main/java/expo/modules/fetch/NativeResponse.kt:44:16 This declaration overrides a deprecated member but is not marked as deprecated itself. Add the '@Deprecated' annotation or suppress the diagnostic.
w: file:///Users/briones/.config/tuft/sessions/1788364493.114729/worktrees/agp-new-dsl/node_modules/expo/android/src/main/java/expo/modules/fetch/NativeResponse.kt:46:11 'fun deallocate(): Unit' is deprecated. Use sharedObjectDidRelease() instead.

> Task :expo:compileDebugJavaWithJavac NO-SOURCE
> Task :expo:bundleLibCompileToJarDebug
> Task :expo:processDebugJavaRes
> Task :expo:bundleLibRuntimeToDirDebug
> Task :app:configureCMakeDebug[arm64-v8a]

> Task :dr.pogodin_react-native-static-server:configureCMakeDebug[armeabi-v7a]
C/C++: adding property to lighttpd-angel COMPILE_FLAGS: -DSBIN_DIR=\"/usr/local/sbin\"
C/C++: adding property to lighttpd COMPILE_FLAGS: -I/Users/briones/.config/tuft/sessions/1788364493.114729/worktrees/agp-new-dsl/node_modules/@dr.pogodin/react-native-static-server/android/.cxx/Debug/681m3a4t/armeabi-v7a/sysroot/include
C/C++: adding property to test_common COMPILE_FLAGS: -I/Users/briones/.config/tuft/sessions/1788364493.114729/worktrees/agp-new-dsl/node_modules/@dr.pogodin/react-native-static-server/android/.cxx/Debug/681m3a4t/armeabi-v7a/sysroot/include
C/C++: adding property to test_configfile COMPILE_FLAGS: -I/Users/briones/.config/tuft/sessions/1788364493.114729/worktrees/agp-new-dsl/node_modules/@dr.pogodin/react-native-static-server/android/.cxx/Debug/681m3a4t/armeabi-v7a/sysroot/include
C/C++: adding property to test_mod COMPILE_FLAGS: -I/Users/briones/.config/tuft/sessions/1788364493.114729/worktrees/agp-new-dsl/node_modules/@dr.pogodin/react-native-static-server/android/.cxx/Debug/681m3a4t/armeabi-v7a/sysroot/include
C/C++: adding property to lighttpd LINK_FLAGS: -Wl,-export-dynamic

> Task :dr.pogodin_react-native-static-server:buildCMakeDebug[armeabi-v7a][lighttpd]
C/C++: ninja: Entering directory `/Users/briones/.config/tuft/sessions/1788364493.114729/worktrees/agp-new-dsl/node_modules/@dr.pogodin/react-native-static-server/android/.cxx/Debug/681m3a4t/armeabi-v7a'
C/C++: In file included from /Users/briones/.config/tuft/sessions/1788364493.114729/worktrees/agp-new-dsl/node_modules/@dr.pogodin/react-native-static-server/lighttpd1.4/src/server.c:197:
C/C++: /Users/briones/.config/tuft/sessions/1788364493.114729/worktrees/agp-new-dsl/node_modules/@dr.pogodin/react-native-static-server/lighttpd1.4/src/library-wrap.h:38:22: warning: a function declaration without a prototype is deprecated in all versions of C [-Wstrict-prototypes]
C/C++:    38 | void errlog_to_stderr() {
C/C++:       |                      ^
C/C++:       |                       void
C/C++: 1 warning generated.
C/C++: In file included from /Users/briones/.config/tuft/sessions/1788364493.114729/worktrees/agp-new-dsl/node_modules/@dr.pogodin/react-native-static-server/lighttpd1.4/src/configfile.c:32:
C/C++: /Users/briones/.config/tuft/sessions/1788364493.114729/worktrees/agp-new-dsl/node_modules/@dr.pogodin/react-native-static-server/android/.cxx/Debug/681m3a4t/armeabi-v7a/sysroot/include/glob.h:52:9: warning: type nullability specifier '_Nullable' is a Clang extension [-Wnullability-extension]
C/C++:    52 |   char* _Nullable * _Nullable gl_pathv;
C/C++:       |         ^
C/C++: /Users/briones/.config/tuft/sessions/1788364493.114729/worktrees/agp-new-dsl/node_modules/@dr.pogodin/react-native-static-server/android/.cxx/Debug/681m3a4t/armeabi-v7a/sysroot/include/glob.h:52:21: warning: type nullability specifier '_Nullable' is a Clang extension [-Wnullability-extension]
C/C++:    52 |   char* _Nullable * _Nullable gl_pathv;
C/C++:       |                     ^
C/C++: /Users/briones/.config/tuft/sessions/1788364493.114729/worktrees/agp-new-dsl/node_modules/@dr.pogodin/react-native-static-server/android/.cxx/Debug/681m3a4t/armeabi-v7a/sysroot/include/glob.h:55:10: warning: type nullability specifier '_Nullable' is a Clang extension [-Wnullability-extension]
C/C++:    55 |   int (* _Nullable gl_errfunc)(const char* _Nonnull __failure_path, int __failure_errno);
C/C++:       |          ^
C/C++: /Users/briones/.config/tuft/sessions/1788364493.114729/worktrees/agp-new-dsl/node_modules/@dr.pogodin/react-native-static-server/android/.cxx/Debug/681m3a4t/armeabi-v7a/sysroot/include/glob.h:55:44: warning: type nullability specifier '_Nonnull' is a Clang extension [-Wnullability-extension]
C/C++:    55 |   int (* _Nullable gl_errfunc)(const char* _Nonnull __failure_path, int __failure_errno);
C/C++:       |                                            ^
C/C++: /Users/briones/.config/tuft/sessions/1788364493.114729/worktrees/agp-new-dsl/node_modules/@dr.pogodin/react-native-static-server/android/.cxx/Debug/681m3a4t/armeabi-v7a/sysroot/include/glob.h:58:11: warning: type nullability specifier '_Nullable' is a Clang extension [-Wnullability-extension]
C/C++:    58 |   void (* _Nullable gl_closedir)(void* _Nonnull);
C/C++:       |           ^
C/C++: /Users/briones/.config/tuft/sessions/1788364493.114729/worktrees/agp-new-dsl/node_modules/@dr.pogodin/react-native-static-server/android/.cxx/Debug/681m3a4t/armeabi-v7a/sysroot/include/glob.h:58:40: warning: type nullability specifier '_Nonnull' is a Clang extension [-Wnullability-extension]
C/C++:    58 |   void (* _Nullable gl_closedir)(void* _Nonnull);
C/C++:       |                                        ^
C/C++: /Users/briones/.config/tuft/sessions/1788364493.114729/worktrees/agp-new-dsl/node_modules/@dr.pogodin/react-native-static-server/android/.cxx/Debug/681m3a4t/armeabi-v7a/sysroot/include/glob.h:60:18: warning: type nullability specifier '_Nullable' is a Clang extension [-Wnullability-extension]
C/C++:    60 |   struct dirent* _Nullable (* _Nonnull gl_readdir)(void* _Nonnull);
C/C++:       |                  ^
C/C++: /Users/briones/.config/tuft/sessions/1788364493.114729/worktrees/agp-new-dsl/node_modules/@dr.pogodin/react-native-static-server/android/.cxx/Debug/681m3a4t/armeabi-v7a/sysroot/include/glob.h:60:31: warning: type nullability specifier '_Nonnull' is a Clang extension [-Wnullability-extension]
C/C++:    60 |   struct dirent* _Nullable (* _Nonnull gl_readdir)(void* _Nonnull);
C/C++:       |                               ^
C/C++: /Users/briones/.config/tuft/sessions/1788364493.114729/worktrees/agp-new-dsl/node_modules/@dr.pogodin/react-native-static-server/android/.cxx/Debug/681m3a4t/armeabi-v7a/sysroot/include/glob.h:60:58: warning: type nullability specifier '_Nonnull' is a Clang extension [-Wnullability-extension]
C/C++:    60 |   struct dirent* _Nullable (* _Nonnull gl_readdir)(void* _Nonnull);
C/C++:       |                                                          ^
C/C++: /Users/briones/.config/tuft/sessions/1788364493.114729/worktrees/agp-new-dsl/node_modules/@dr.pogodin/react-native-static-server/android/.cxx/Debug/681m3a4t/armeabi-v7a/sysroot/include/glob.h:62:9: warning: type nullability specifier '_Nullable' is a Clang extension [-Wnullability-extension]
C/C++:    62 |   void* _Nullable (* _Nonnull gl_opendir)(const char* _Nonnull);
C/C++:       |         ^
C/C++: /Users/briones/.config/tuft/sessions/1788364493.114729/worktrees/agp-new-dsl/node_modules/@dr.pogodin/react-native-static-server/android/.cxx/Debug/681m3a4t/armeabi-v7a/sysroot/include/glob.h:62:22: warning: type nullability specifier '_Nonnull' is a Clang extension [-Wnullability-extension]
C/C++:    62 |   void* _Nullable (* _Nonnull gl_opendir)(const char* _Nonnull);
C/C++:       |                      ^
C/C++: /Users/briones/.config/tuft/sessions/1788364493.114729/worktrees/agp-new-dsl/node_modules/@dr.pogodin/react-native-static-server/android/.cxx/Debug/681m3a4t/armeabi-v7a/sysroot/include/glob.h:62:55: warning: type nullability specifier '_Nonnull' is a Clang extension [-Wnullability-extension]
C/C++:    62 |   void* _Nullable (* _Nonnull gl_opendir)(const char* _Nonnull);
C/C++:       |                                                       ^
C/C++: /Users/briones/.config/tuft/sessions/1788364493.114729/worktrees/agp-new-dsl/node_modules/@dr.pogodin/react-native-static-server/android/.cxx/Debug/681m3a4t/armeabi-v7a/sysroot/include/glob.h:64:10: warning: type nullability specifier '_Nullable' is a Clang extension [-Wnullability-extension]
C/C++:    64 |   int (* _Nullable gl_lstat)(const char* _Nonnull, struct stat* _Nonnull);
C/C++:       |          ^
C/C++: /Users/briones/.config/tuft/sessions/1788364493.114729/worktrees/agp-new-dsl/node_modules/@dr.pogodin/react-native-static-server/android/.cxx/Debug/681m3a4t/armeabi-v7a/sysroot/include/glob.h:64:42: warning: type nullability specifier '_Nonnull' is a Clang extension [-Wnullability-extension]
C/C++:    64 |   int (* _Nullable gl_lstat)(const char* _Nonnull, struct stat* _Nonnull);
C/C++:       |                                          ^
C/C++: /Users/briones/.config/tuft/sessions/1788364493.114729/worktrees/agp-new-dsl/node_modules/@dr.pogodin/react-native-static-server/android/.cxx/Debug/681m3a4t/armeabi-v7a/sysroot/include/glob.h:64:65: warning: type nullability specifier '_Nonnull' is a Clang extension [-Wnullability-extension]
C/C++:    64 |   int (* _Nullable gl_lstat)(const char* _Nonnull, struct stat* _Nonnull);
C/C++:       |                                                                 ^
C/C++: /Users/briones/.config/tuft/sessions/1788364493.114729/worktrees/agp-new-dsl/node_modules/@dr.pogodin/react-native-static-server/android/.cxx/Debug/681m3a4t/armeabi-v7a/sysroot/include/glob.h:66:10: warning: type nullability specifier '_Nullable' is a Clang extension [-Wnullability-extension]
C/C++:    66 |   int (* _Nullable gl_stat)(const char* _Nonnull, struct stat* _Nonnull);
C/C++:       |          ^
C/C++: /Users/briones/.config/tuft/sessions/1788364493.114729/worktrees/agp-new-dsl/node_modules/@dr.pogodin/react-native-static-server/android/.cxx/Debug/681m3a4t/armeabi-v7a/sysroot/include/glob.h:66:41: warning: type nullability specifier '_Nonnull' is a Clang extension [-Wnullability-extension]
C/C++:    66 |   int (* _Nullable gl_stat)(const char* _Nonnull, struct stat* _Nonnull);
C/C++:       |                                         ^
C/C++: /Users/briones/.config/tuft/sessions/1788364493.114729/worktrees/agp-new-dsl/node_modules/@dr.pogodin/react-native-static-server/android/.cxx/Debug/681m3a4t/armeabi-v7a/sysroot/include/glob.h:66:64: warning: type nullability specifier '_Nonnull' is a Clang extension [-Wnullability-extension]
C/C++:    66 |   int (* _Nullable gl_stat)(const char* _Nonnull, struct stat* _Nonnull);
C/C++:       |                                                                ^
C/C++: /Users/briones/.config/tuft/sessions/1788364493.114729/worktrees/agp-new-dsl/node_modules/@dr.pogodin/react-native-static-server/android/.cxx/Debug/681m3a4t/armeabi-v7a/sysroot/include/glob.h:95:22: warning: type nullability specifier '_Nonnull' is a Clang extension [-Wnullability-extension]
C/C++:    95 | int glob(const char* _Nonnull __pattern, int __flags, int (* _Nullable __error_callback)(const char* _Nonnull __failure_path, int __failure_errno), glob_t* _Nonnull __result_ptr);
C/C++:       |                      ^
C/C++: /Users/briones/.config/tuft/sessions/1788364493.114729/worktrees/agp-new-dsl/node_modules/@dr.pogodin/react-native-static-server/android/.cxx/Debug/681m3a4t/armeabi-v7a/sysroot/include/glob.h:95:62: warning: type nullability specifier '_Nullable' is a Clang extension [-Wnullability-extension]
C/C++:    95 | int glob(const char* _Nonnull __pattern, int __flags, int (* _Nullable __error_callback)(const char* _Nonnull __failure_path, int __failure_errno), glob_t* _Nonnull __result_ptr);
C/C++:       |                                                              ^
C/C++: /Users/briones/.config/tuft/sessions/1788364493.114729/worktrees/agp-new-dsl/node_modules/@dr.pogodin/react-native-static-server/android/.cxx/Debug/681m3a4t/armeabi-v7a/sysroot/include/glob.h:95:102: warning: type nullability specifier '_Nonnull' is a Clang extension [-Wnullability-extension]
C/C++:    95 | int glob(const char* _Nonnull __pattern, int __flags, int (* _Nullable __error_callback)(const char* _Nonnull __failure_path, int __failure_errno), glob_t* _Nonnull __result_ptr);
C/C++:       |                                                                                                      ^
C/C++: /Users/briones/.config/tuft/sessions/1788364493.114729/worktrees/agp-new-dsl/node_modules/@dr.pogodin/react-native-static-server/android/.cxx/Debug/681m3a4t/armeabi-v7a/sysroot/include/glob.h:95:157: warning: type nullability specifier '_Nonnull' is a Clang extension [-Wnullability-extension]
C/C++:    95 | int glob(const char* _Nonnull __pattern, int __flags, int (* _Nullable __error_callback)(const char* _Nonnull __failure_path, int __failure_errno), glob_t* _Nonnull __result_ptr);
C/C++:       |                                                                                                                                                             ^
C/C++: /Users/briones/.config/tuft/sessions/1788364493.114729/worktrees/agp-new-dsl/node_modules/@dr.pogodin/react-native-static-server/android/.cxx/Debug/681m3a4t/armeabi-v7a/sysroot/include/glob.h:96:23: warning: type nullability specifier '_Nonnull' is a Clang extension [-Wnullability-extension]
C/C++:    96 | void globfree(glob_t* _Nonnull __result_ptr);
C/C++:       |                       ^
C/C++: 23 warnings generated.

> Task :dr.pogodin_react-native-static-server:configureCMakeDebug[x86]
C/C++: CMake Warning (dev) at CMakeLists.txt:164:
C/C++:   Syntax Warning in cmake code at column 26
C/C++:   Argument not separated from preceding token by whitespace.
C/C++: This warning is for project developers.  Use -Wno-dev to suppress it.
C/C++: CMake Warning (dev) at CMakeLists.txt:165:
C/C++:   Syntax Warning in cmake code at column 25
C/C++:   Argument not separated from preceding token by whitespace.
C/C++: This warning is for project developers.  Use -Wno-dev to suppress it.
C/C++: CMake Warning (dev) at CMakeLists.txt:166:
C/C++:   Syntax Warning in cmake code at column 30
C/C++:   Argument not separated from preceding token by whitespace.
C/C++: This warning is for project developers.  Use -Wno-dev to suppress it.
C/C++: CMake Warning (dev) at CMakeLists.txt:167:
C/C++:   Syntax Warning in cmake code at column 26
C/C++:   Argument not separated from preceding token by whitespace.
C/C++: This warning is for project developers.  Use -Wno-dev to suppress it.
C/C++: CMake Warning (dev) at CMakeLists.txt:168:
C/C++:   Syntax Warning in cmake code at column 26
C/C++:   Argument not separated from preceding token by whitespace.
C/C++: This warning is for project developers.  Use -Wno-dev to suppress it.
C/C++: CMake Warning (dev) at CMakeLists.txt:169:
C/C++:   Syntax Warning in cmake code at column 27
C/C++:   Argument not separated from preceding token by whitespace.
C/C++: This warning is for project developers.  Use -Wno-dev to suppress it.
C/C++: CMake Warning (dev) at CMakeLists.txt:170:
C/C++:   Syntax Warning in cmake code at column 22
C/C++:   Argument not separated from preceding token by whitespace.
C/C++: This warning is for project developers.  Use -Wno-dev to suppress it.
C/C++: CMake Warning (dev) at CMakeLists.txt:171:
C/C++:   Syntax Warning in cmake code at column 29
C/C++:   Argument not separated from preceding token by whitespace.
C/C++: This warning is for project developers.  Use -Wno-dev to suppress it.
C/C++: CMake Warning (dev) at CMakeLists.txt:172:
C/C++:   Syntax Warning in cmake code at column 28
C/C++:   Argument not separated from preceding token by whitespace.
C/C++: This warning is for project developers.  Use -Wno-dev to suppress it.
C/C++: CMake Warning (dev) at CMakeLists.txt:173:
C/C++:   Syntax Warning in cmake code at column 27
C/C++:   Argument not separated from preceding token by whitespace.
C/C++: This warning is for project developers.  Use -Wno-dev to suppress it.
C/C++: CMake Warning (dev) at CMakeLists.txt:174:
C/C++:   Syntax Warning in cmake code at column 24
C/C++:   Argument not separated from preceding token by whitespace.
C/C++: This warning is for project developers.  Use -Wno-dev to suppress it.
C/C++: CMake Warning (dev) at CMakeLists.txt:175:
C/C++:   Syntax Warning in cmake code at column 26
C/C++:   Argument not separated from preceding token by whitespace.
C/C++: This warning is for project developers.  Use -Wno-dev to suppress it.
C/C++: CMake Warning (dev) at CMakeLists.txt:176:
C/C++:   Syntax Warning in cmake code at column 32
C/C++:   Argument not separated from preceding token by whitespace.
C/C++: This warning is for project developers.  Use -Wno-dev to suppress it.
C/C++: CMake Warning (dev) at CMakeLists.txt:177:
C/C++:   Syntax Warning in cmake code at column 30
C/C++:   Argument not separated from preceding token by whitespace.
C/C++: This warning is for project developers.  Use -Wno-dev to suppress it.

> Task :app:buildCMakeDebug[arm64-v8a]
> Task :app:mergeDebugJniLibFolders UP-TO-DATE
> Task :app:validateSigningDebug UP-TO-DATE
> Task :app:writeDebugAppMetadata UP-TO-DATE
> Task :app:writeDebugSigningConfigVersions UP-TO-DATE
> Task :app:processDebugManifestForPackage
> Task :app:mergeLibDexDebug
> Task :app:compileDebugKotlin
> Task :app:compileDebugJavaWithJavac
> Task :app:processDebugJavaRes UP-TO-DATE
> Task :app:processDebugResources
> Task :app:dexBuilderDebug
> Task :app:mergeProjectDexDebug
> Task :app:mergeDebugJavaResource

> Task :dr.pogodin_react-native-static-server:configureCMakeDebug[x86]
C/C++: adding property to lighttpd-angel COMPILE_FLAGS: -DSBIN_DIR=\"/usr/local/sbin\"
C/C++: adding property to lighttpd COMPILE_FLAGS: -I/Users/briones/.config/tuft/sessions/1788364493.114729/worktrees/agp-new-dsl/node_modules/@dr.pogodin/react-native-static-server/android/.cxx/Debug/681m3a4t/x86/sysroot/include
C/C++: adding property to test_common COMPILE_FLAGS: -I/Users/briones/.config/tuft/sessions/1788364493.114729/worktrees/agp-new-dsl/node_modules/@dr.pogodin/react-native-static-server/android/.cxx/Debug/681m3a4t/x86/sysroot/include
C/C++: adding property to test_configfile COMPILE_FLAGS: -I/Users/briones/.config/tuft/sessions/1788364493.114729/worktrees/agp-new-dsl/node_modules/@dr.pogodin/react-native-static-server/android/.cxx/Debug/681m3a4t/x86/sysroot/include
C/C++: adding property to test_mod COMPILE_FLAGS: -I/Users/briones/.config/tuft/sessions/1788364493.114729/worktrees/agp-new-dsl/node_modules/@dr.pogodin/react-native-static-server/android/.cxx/Debug/681m3a4t/x86/sysroot/include
C/C++: adding property to lighttpd LINK_FLAGS: -Wl,-export-dynamic

> Task :dr.pogodin_react-native-static-server:buildCMakeDebug[x86][lighttpd]
C/C++: ninja: Entering directory `/Users/briones/.config/tuft/sessions/1788364493.114729/worktrees/agp-new-dsl/node_modules/@dr.pogodin/react-native-static-server/android/.cxx/Debug/681m3a4t/x86'
C/C++: In file included from /Users/briones/.config/tuft/sessions/1788364493.114729/worktrees/agp-new-dsl/node_modules/@dr.pogodin/react-native-static-server/lighttpd1.4/src/server.c:197:
C/C++: /Users/briones/.config/tuft/sessions/1788364493.114729/worktrees/agp-new-dsl/node_modules/@dr.pogodin/react-native-static-server/lighttpd1.4/src/library-wrap.h:38:22: warning: a function declaration without a prototype is deprecated in all versions of C [-Wstrict-prototypes]
C/C++:    38 | void errlog_to_stderr() {
C/C++:       |                      ^
C/C++:       |                       void
C/C++: 1 warning generated.
C/C++: In file included from /Users/briones/.config/tuft/sessions/1788364493.114729/worktrees/agp-new-dsl/node_modules/@dr.pogodin/react-native-static-server/lighttpd1.4/src/configfile.c:32:
C/C++: /Users/briones/.config/tuft/sessions/1788364493.114729/worktrees/agp-new-dsl/node_modules/@dr.pogodin/react-native-static-server/android/.cxx/Debug/681m3a4t/x86/sysroot/include/glob.h:52:9: warning: type nullability specifier '_Nullable' is a Clang extension [-Wnullability-extension]
C/C++:    52 |   char* _Nullable * _Nullable gl_pathv;
C/C++:       |         ^
C/C++: /Users/briones/.config/tuft/sessions/1788364493.114729/worktrees/agp-new-dsl/node_modules/@dr.pogodin/react-native-static-server/android/.cxx/Debug/681m3a4t/x86/sysroot/include/glob.h:52:21: warning: type nullability specifier '_Nullable' is a Clang extension [-Wnullability-extension]
C/C++:    52 |   char* _Nullable * _Nullable gl_pathv;
C/C++:       |                     ^
C/C++: /Users/briones/.config/tuft/sessions/1788364493.114729/worktrees/agp-new-dsl/node_modules/@dr.pogodin/react-native-static-server/android/.cxx/Debug/681m3a4t/x86/sysroot/include/glob.h:55:10: warning: type nullability specifier '_Nullable' is a Clang extension [-Wnullability-extension]
C/C++:    55 |   int (* _Nullable gl_errfunc)(const char* _Nonnull __failure_path, int __failure_errno);
C/C++:       |          ^
C/C++: /Users/briones/.config/tuft/sessions/1788364493.114729/worktrees/agp-new-dsl/node_modules/@dr.pogodin/react-native-static-server/android/.cxx/Debug/681m3a4t/x86/sysroot/include/glob.h:55:44: warning: type nullability specifier '_Nonnull' is a Clang extension [-Wnullability-extension]
C/C++:    55 |   int (* _Nullable gl_errfunc)(const char* _Nonnull __failure_path, int __failure_errno);
C/C++:       |                                            ^
C/C++: /Users/briones/.config/tuft/sessions/1788364493.114729/worktrees/agp-new-dsl/node_modules/@dr.pogodin/react-native-static-server/android/.cxx/Debug/681m3a4t/x86/sysroot/include/glob.h:58:11: warning: type nullability specifier '_Nullable' is a Clang extension [-Wnullability-extension]
C/C++:    58 |   void (* _Nullable gl_closedir)(void* _Nonnull);
C/C++:       |           ^
C/C++: /Users/briones/.config/tuft/sessions/1788364493.114729/worktrees/agp-new-dsl/node_modules/@dr.pogodin/react-native-static-server/android/.cxx/Debug/681m3a4t/x86/sysroot/include/glob.h:58:40: warning: type nullability specifier '_Nonnull' is a Clang extension [-Wnullability-extension]
C/C++:    58 |   void (* _Nullable gl_closedir)(void* _Nonnull);
C/C++:       |                                        ^
C/C++: /Users/briones/.config/tuft/sessions/1788364493.114729/worktrees/agp-new-dsl/node_modules/@dr.pogodin/react-native-static-server/android/.cxx/Debug/681m3a4t/x86/sysroot/include/glob.h:60:18: warning: type nullability specifier '_Nullable' is a Clang extension [-Wnullability-extension]
C/C++:    60 |   struct dirent* _Nullable (* _Nonnull gl_readdir)(void* _Nonnull);
C/C++:       |                  ^
C/C++: /Users/briones/.config/tuft/sessions/1788364493.114729/worktrees/agp-new-dsl/node_modules/@dr.pogodin/react-native-static-server/android/.cxx/Debug/681m3a4t/x86/sysroot/include/glob.h:60:31: warning: type nullability specifier '_Nonnull' is a Clang extension [-Wnullability-extension]
C/C++:    60 |   struct dirent* _Nullable (* _Nonnull gl_readdir)(void* _Nonnull);
C/C++:       |                               ^
C/C++: /Users/briones/.config/tuft/sessions/1788364493.114729/worktrees/agp-new-dsl/node_modules/@dr.pogodin/react-native-static-server/android/.cxx/Debug/681m3a4t/x86/sysroot/include/glob.h:60:58: warning: type nullability specifier '_Nonnull' is a Clang extension [-Wnullability-extension]
C/C++:    60 |   struct dirent* _Nullable (* _Nonnull gl_readdir)(void* _Nonnull);
C/C++:       |                                                          ^
C/C++: /Users/briones/.config/tuft/sessions/1788364493.114729/worktrees/agp-new-dsl/node_modules/@dr.pogodin/react-native-static-server/android/.cxx/Debug/681m3a4t/x86/sysroot/include/glob.h:62:9: warning: type nullability specifier '_Nullable' is a Clang extension [-Wnullability-extension]
C/C++:    62 |   void* _Nullable (* _Nonnull gl_opendir)(const char* _Nonnull);
C/C++:       |         ^
C/C++: /Users/briones/.config/tuft/sessions/1788364493.114729/worktrees/agp-new-dsl/node_modules/@dr.pogodin/react-native-static-server/android/.cxx/Debug/681m3a4t/x86/sysroot/include/glob.h:62:22: warning: type nullability specifier '_Nonnull' is a Clang extension [-Wnullability-extension]
C/C++:    62 |   void* _Nullable (* _Nonnull gl_opendir)(const char* _Nonnull);
C/C++:       |                      ^
C/C++: /Users/briones/.config/tuft/sessions/1788364493.114729/worktrees/agp-new-dsl/node_modules/@dr.pogodin/react-native-static-server/android/.cxx/Debug/681m3a4t/x86/sysroot/include/glob.h:62:55: warning: type nullability specifier '_Nonnull' is a Clang extension [-Wnullability-extension]
C/C++:    62 |   void* _Nullable (* _Nonnull gl_opendir)(const char* _Nonnull);
C/C++:       |                                                       ^
C/C++: /Users/briones/.config/tuft/sessions/1788364493.114729/worktrees/agp-new-dsl/node_modules/@dr.pogodin/react-native-static-server/android/.cxx/Debug/681m3a4t/x86/sysroot/include/glob.h:64:10: warning: type nullability specifier '_Nullable' is a Clang extension [-Wnullability-extension]
C/C++:    64 |   int (* _Nullable gl_lstat)(const char* _Nonnull, struct stat* _Nonnull);
C/C++:       |          ^
C/C++: /Users/briones/.config/tuft/sessions/1788364493.114729/worktrees/agp-new-dsl/node_modules/@dr.pogodin/react-native-static-server/android/.cxx/Debug/681m3a4t/x86/sysroot/include/glob.h:64:42: warning: type nullability specifier '_Nonnull' is a Clang extension [-Wnullability-extension]
C/C++:    64 |   int (* _Nullable gl_lstat)(const char* _Nonnull, struct stat* _Nonnull);
C/C++:       |                                          ^
C/C++: /Users/briones/.config/tuft/sessions/1788364493.114729/worktrees/agp-new-dsl/node_modules/@dr.pogodin/react-native-static-server/android/.cxx/Debug/681m3a4t/x86/sysroot/include/glob.h:64:65: warning: type nullability specifier '_Nonnull' is a Clang extension [-Wnullability-extension]
C/C++:    64 |   int (* _Nullable gl_lstat)(const char* _Nonnull, struct stat* _Nonnull);
C/C++:       |                                                                 ^
C/C++: /Users/briones/.config/tuft/sessions/1788364493.114729/worktrees/agp-new-dsl/node_modules/@dr.pogodin/react-native-static-server/android/.cxx/Debug/681m3a4t/x86/sysroot/include/glob.h:66:10: warning: type nullability specifier '_Nullable' is a Clang extension [-Wnullability-extension]
C/C++:    66 |   int (* _Nullable gl_stat)(const char* _Nonnull, struct stat* _Nonnull);
C/C++:       |          ^
C/C++: /Users/briones/.config/tuft/sessions/1788364493.114729/worktrees/agp-new-dsl/node_modules/@dr.pogodin/react-native-static-server/android/.cxx/Debug/681m3a4t/x86/sysroot/include/glob.h:66:41: warning: type nullability specifier '_Nonnull' is a Clang extension [-Wnullability-extension]
C/C++:    66 |   int (* _Nullable gl_stat)(const char* _Nonnull, struct stat* _Nonnull);
C/C++:       |                                         ^
C/C++: /Users/briones/.config/tuft/sessions/1788364493.114729/worktrees/agp-new-dsl/node_modules/@dr.pogodin/react-native-static-server/android/.cxx/Debug/681m3a4t/x86/sysroot/include/glob.h:66:64: warning: type nullability specifier '_Nonnull' is a Clang extension [-Wnullability-extension]
C/C++:    66 |   int (* _Nullable gl_stat)(const char* _Nonnull, struct stat* _Nonnull);
C/C++:       |                                                                ^
C/C++: /Users/briones/.config/tuft/sessions/1788364493.114729/worktrees/agp-new-dsl/node_modules/@dr.pogodin/react-native-static-server/android/.cxx/Debug/681m3a4t/x86/sysroot/include/glob.h:95:22: warning: type nullability specifier '_Nonnull' is a Clang extension [-Wnullability-extension]
C/C++:    95 | int glob(const char* _Nonnull __pattern, int __flags, int (* _Nullable __error_callback)(const char* _Nonnull __failure_path, int __failure_errno), glob_t* _Nonnull __result_ptr);
C/C++:       |                      ^
C/C++: /Users/briones/.config/tuft/sessions/1788364493.114729/worktrees/agp-new-dsl/node_modules/@dr.pogodin/react-native-static-server/android/.cxx/Debug/681m3a4t/x86/sysroot/include/glob.h:95:62: warning: type nullability specifier '_Nullable' is a Clang extension [-Wnullability-extension]
C/C++:    95 | int glob(const char* _Nonnull __pattern, int __flags, int (* _Nullable __error_callback)(const char* _Nonnull __failure_path, int __failure_errno), glob_t* _Nonnull __result_ptr);
C/C++:       |                                                              ^
C/C++: /Users/briones/.config/tuft/sessions/1788364493.114729/worktrees/agp-new-dsl/node_modules/@dr.pogodin/react-native-static-server/android/.cxx/Debug/681m3a4t/x86/sysroot/include/glob.h:95:102: warning: type nullability specifier '_Nonnull' is a Clang extension [-Wnullability-extension]
C/C++:    95 | int glob(const char* _Nonnull __pattern, int __flags, int (* _Nullable __error_callback)(const char* _Nonnull __failure_path, int __failure_errno), glob_t* _Nonnull __result_ptr);
C/C++:       |                                                                                                      ^
C/C++: /Users/briones/.config/tuft/sessions/1788364493.114729/worktrees/agp-new-dsl/node_modules/@dr.pogodin/react-native-static-server/android/.cxx/Debug/681m3a4t/x86/sysroot/include/glob.h:95:157: warning: type nullability specifier '_Nonnull' is a Clang extension [-Wnullability-extension]
C/C++:    95 | int glob(const char* _Nonnull __pattern, int __flags, int (* _Nullable __error_callback)(const char* _Nonnull __failure_path, int __failure_errno), glob_t* _Nonnull __result_ptr);
C/C++:       |                                                                                                                                                             ^
C/C++: /Users/briones/.config/tuft/sessions/1788364493.114729/worktrees/agp-new-dsl/node_modules/@dr.pogodin/react-native-static-server/android/.cxx/Debug/681m3a4t/x86/sysroot/include/glob.h:96:23: warning: type nullability specifier '_Nonnull' is a Clang extension [-Wnullability-extension]
C/C++:    96 | void globfree(glob_t* _Nonnull __result_ptr);
C/C++:       |                       ^
C/C++: 23 warnings generated.

> Task :dr.pogodin_react-native-static-server:configureCMakeDebug[x86_64]
C/C++: CMake Warning (dev) at CMakeLists.txt:164:
C/C++:   Syntax Warning in cmake code at column 26
C/C++:   Argument not separated from preceding token by whitespace.
C/C++: This warning is for project developers.  Use -Wno-dev to suppress it.
C/C++: CMake Warning (dev) at CMakeLists.txt:165:
C/C++:   Syntax Warning in cmake code at column 25
C/C++:   Argument not separated from preceding token by whitespace.
C/C++: This warning is for project developers.  Use -Wno-dev to suppress it.
C/C++: CMake Warning (dev) at CMakeLists.txt:166:
C/C++:   Syntax Warning in cmake code at column 30
C/C++:   Argument not separated from preceding token by whitespace.
C/C++: This warning is for project developers.  Use -Wno-dev to suppress it.
C/C++: CMake Warning (dev) at CMakeLists.txt:167:
C/C++:   Syntax Warning in cmake code at column 26
C/C++:   Argument not separated from preceding token by whitespace.
C/C++: This warning is for project developers.  Use -Wno-dev to suppress it.
C/C++: CMake Warning (dev) at CMakeLists.txt:168:
C/C++:   Syntax Warning in cmake code at column 26
C/C++:   Argument not separated from preceding token by whitespace.
C/C++: This warning is for project developers.  Use -Wno-dev to suppress it.
C/C++: CMake Warning (dev) at CMakeLists.txt:169:
C/C++:   Syntax Warning in cmake code at column 27
C/C++:   Argument not separated from preceding token by whitespace.
C/C++: This warning is for project developers.  Use -Wno-dev to suppress it.
C/C++: CMake Warning (dev) at CMakeLists.txt:170:
C/C++:   Syntax Warning in cmake code at column 22
C/C++:   Argument not separated from preceding token by whitespace.
C/C++: This warning is for project developers.  Use -Wno-dev to suppress it.
C/C++: CMake Warning (dev) at CMakeLists.txt:171:
C/C++:   Syntax Warning in cmake code at column 29
C/C++:   Argument not separated from preceding token by whitespace.
C/C++: This warning is for project developers.  Use -Wno-dev to suppress it.
C/C++: CMake Warning (dev) at CMakeLists.txt:172:
C/C++:   Syntax Warning in cmake code at column 28
C/C++:   Argument not separated from preceding token by whitespace.
C/C++: This warning is for project developers.  Use -Wno-dev to suppress it.
C/C++: CMake Warning (dev) at CMakeLists.txt:173:
C/C++:   Syntax Warning in cmake code at column 27
C/C++:   Argument not separated from preceding token by whitespace.
C/C++: This warning is for project developers.  Use -Wno-dev to suppress it.
C/C++: CMake Warning (dev) at CMakeLists.txt:174:
C/C++:   Syntax Warning in cmake code at column 24
C/C++:   Argument not separated from preceding token by whitespace.
C/C++: This warning is for project developers.  Use -Wno-dev to suppress it.
C/C++: CMake Warning (dev) at CMakeLists.txt:175:
C/C++:   Syntax Warning in cmake code at column 26
C/C++:   Argument not separated from preceding token by whitespace.
C/C++: This warning is for project developers.  Use -Wno-dev to suppress it.
C/C++: CMake Warning (dev) at CMakeLists.txt:176:
C/C++:   Syntax Warning in cmake code at column 32
C/C++:   Argument not separated from preceding token by whitespace.
C/C++: This warning is for project developers.  Use -Wno-dev to suppress it.
C/C++: CMake Warning (dev) at CMakeLists.txt:177:
C/C++:   Syntax Warning in cmake code at column 30
C/C++:   Argument not separated from preceding token by whitespace.
C/C++: This warning is for project developers.  Use -Wno-dev to suppress it.
C/C++: adding property to lighttpd-angel COMPILE_FLAGS: -DSBIN_DIR=\"/usr/local/sbin\"
C/C++: adding property to lighttpd COMPILE_FLAGS: -I/Users/briones/.config/tuft/sessions/1788364493.114729/worktrees/agp-new-dsl/node_modules/@dr.pogodin/react-native-static-server/android/.cxx/Debug/681m3a4t/x86_64/sysroot/include
C/C++: adding property to test_common COMPILE_FLAGS: -I/Users/briones/.config/tuft/sessions/1788364493.114729/worktrees/agp-new-dsl/node_modules/@dr.pogodin/react-native-static-server/android/.cxx/Debug/681m3a4t/x86_64/sysroot/include
C/C++: adding property to test_configfile COMPILE_FLAGS: -I/Users/briones/.config/tuft/sessions/1788364493.114729/worktrees/agp-new-dsl/node_modules/@dr.pogodin/react-native-static-server/android/.cxx/Debug/681m3a4t/x86_64/sysroot/include
C/C++: adding property to test_mod COMPILE_FLAGS: -I/Users/briones/.config/tuft/sessions/1788364493.114729/worktrees/agp-new-dsl/node_modules/@dr.pogodin/react-native-static-server/android/.cxx/Debug/681m3a4t/x86_64/sysroot/include
C/C++: adding property to lighttpd LINK_FLAGS: -Wl,-export-dynamic

> Task :dr.pogodin_react-native-static-server:buildCMakeDebug[x86_64][lighttpd]
C/C++: ninja: Entering directory `/Users/briones/.config/tuft/sessions/1788364493.114729/worktrees/agp-new-dsl/node_modules/@dr.pogodin/react-native-static-server/android/.cxx/Debug/681m3a4t/x86_64'
C/C++: In file included from /Users/briones/.config/tuft/sessions/1788364493.114729/worktrees/agp-new-dsl/node_modules/@dr.pogodin/react-native-static-server/lighttpd1.4/src/server.c:197:
C/C++: /Users/briones/.config/tuft/sessions/1788364493.114729/worktrees/agp-new-dsl/node_modules/@dr.pogodin/react-native-static-server/lighttpd1.4/src/library-wrap.h:38:22: warning: a function declaration without a prototype is deprecated in all versions of C [-Wstrict-prototypes]
C/C++:    38 | void errlog_to_stderr() {
C/C++:       |                      ^
C/C++:       |                       void
C/C++: 1 warning generated.
C/C++: In file included from /Users/briones/.config/tuft/sessions/1788364493.114729/worktrees/agp-new-dsl/node_modules/@dr.pogodin/react-native-static-server/lighttpd1.4/src/configfile.c:32:
C/C++: /Users/briones/.config/tuft/sessions/1788364493.114729/worktrees/agp-new-dsl/node_modules/@dr.pogodin/react-native-static-server/android/.cxx/Debug/681m3a4t/x86_64/sysroot/include/glob.h:52:9: warning: type nullability specifier '_Nullable' is a Clang extension [-Wnullability-extension]
C/C++:    52 |   char* _Nullable * _Nullable gl_pathv;
C/C++:       |         ^
C/C++: /Users/briones/.config/tuft/sessions/1788364493.114729/worktrees/agp-new-dsl/node_modules/@dr.pogodin/react-native-static-server/android/.cxx/Debug/681m3a4t/x86_64/sysroot/include/glob.h:52:21: warning: type nullability specifier '_Nullable' is a Clang extension [-Wnullability-extension]
C/C++:    52 |   char* _Nullable * _Nullable gl_pathv;
C/C++:       |                     ^
C/C++: /Users/briones/.config/tuft/sessions/1788364493.114729/worktrees/agp-new-dsl/node_modules/@dr.pogodin/react-native-static-server/android/.cxx/Debug/681m3a4t/x86_64/sysroot/include/glob.h:55:10: warning: type nullability specifier '_Nullable' is a Clang extension [-Wnullability-extension]
C/C++:    55 |   int (* _Nullable gl_errfunc)(const char* _Nonnull __failure_path, int __failure_errno);
C/C++:       |          ^
C/C++: /Users/briones/.config/tuft/sessions/1788364493.114729/worktrees/agp-new-dsl/node_modules/@dr.pogodin/react-native-static-server/android/.cxx/Debug/681m3a4t/x86_64/sysroot/include/glob.h:55:44: warning: type nullability specifier '_Nonnull' is a Clang extension [-Wnullability-extension]
C/C++:    55 |   int (* _Nullable gl_errfunc)(const char* _Nonnull __failure_path, int __failure_errno);
C/C++:       |                                            ^
C/C++: /Users/briones/.config/tuft/sessions/1788364493.114729/worktrees/agp-new-dsl/node_modules/@dr.pogodin/react-native-static-server/android/.cxx/Debug/681m3a4t/x86_64/sysroot/include/glob.h:58:11: warning: type nullability specifier '_Nullable' is a Clang extension [-Wnullability-extension]
C/C++:    58 |   void (* _Nullable gl_closedir)(void* _Nonnull);
C/C++:       |           ^
C/C++: /Users/briones/.config/tuft/sessions/1788364493.114729/worktrees/agp-new-dsl/node_modules/@dr.pogodin/react-native-static-server/android/.cxx/Debug/681m3a4t/x86_64/sysroot/include/glob.h:58:40: warning: type nullability specifier '_Nonnull' is a Clang extension [-Wnullability-extension]
C/C++:    58 |   void (* _Nullable gl_closedir)(void* _Nonnull);
C/C++:       |                                        ^
C/C++: /Users/briones/.config/tuft/sessions/1788364493.114729/worktrees/agp-new-dsl/node_modules/@dr.pogodin/react-native-static-server/android/.cxx/Debug/681m3a4t/x86_64/sysroot/include/glob.h:60:18: warning: type nullability specifier '_Nullable' is a Clang extension [-Wnullability-extension]
C/C++:    60 |   struct dirent* _Nullable (* _Nonnull gl_readdir)(void* _Nonnull);
C/C++:       |                  ^
C/C++: /Users/briones/.config/tuft/sessions/1788364493.114729/worktrees/agp-new-dsl/node_modules/@dr.pogodin/react-native-static-server/android/.cxx/Debug/681m3a4t/x86_64/sysroot/include/glob.h:60:31: warning: type nullability specifier '_Nonnull' is a Clang extension [-Wnullability-extension]
C/C++:    60 |   struct dirent* _Nullable (* _Nonnull gl_readdir)(void* _Nonnull);
C/C++:       |                               ^
C/C++: /Users/briones/.config/tuft/sessions/1788364493.114729/worktrees/agp-new-dsl/node_modules/@dr.pogodin/react-native-static-server/android/.cxx/Debug/681m3a4t/x86_64/sysroot/include/glob.h:60:58: warning: type nullability specifier '_Nonnull' is a Clang extension [-Wnullability-extension]
C/C++:    60 |   struct dirent* _Nullable (* _Nonnull gl_readdir)(void* _Nonnull);
C/C++:       |                                                          ^
C/C++: /Users/briones/.config/tuft/sessions/1788364493.114729/worktrees/agp-new-dsl/node_modules/@dr.pogodin/react-native-static-server/android/.cxx/Debug/681m3a4t/x86_64/sysroot/include/glob.h:62:9: warning: type nullability specifier '_Nullable' is a Clang extension [-Wnullability-extension]
C/C++:    62 |   void* _Nullable (* _Nonnull gl_opendir)(const char* _Nonnull);
C/C++:       |         ^
C/C++: /Users/briones/.config/tuft/sessions/1788364493.114729/worktrees/agp-new-dsl/node_modules/@dr.pogodin/react-native-static-server/android/.cxx/Debug/681m3a4t/x86_64/sysroot/include/glob.h:62:22: warning: type nullability specifier '_Nonnull' is a Clang extension [-Wnullability-extension]
C/C++:    62 |   void* _Nullable (* _Nonnull gl_opendir)(const char* _Nonnull);
C/C++:       |                      ^
C/C++: /Users/briones/.config/tuft/sessions/1788364493.114729/worktrees/agp-new-dsl/node_modules/@dr.pogodin/react-native-static-server/android/.cxx/Debug/681m3a4t/x86_64/sysroot/include/glob.h:62:55: warning: type nullability specifier '_Nonnull' is a Clang extension [-Wnullability-extension]
C/C++:    62 |   void* _Nullable (* _Nonnull gl_opendir)(const char* _Nonnull);
C/C++:       |                                                       ^
C/C++: /Users/briones/.config/tuft/sessions/1788364493.114729/worktrees/agp-new-dsl/node_modules/@dr.pogodin/react-native-static-server/android/.cxx/Debug/681m3a4t/x86_64/sysroot/include/glob.h:64:10: warning: type nullability specifier '_Nullable' is a Clang extension [-Wnullability-extension]
C/C++:    64 |   int (* _Nullable gl_lstat)(const char* _Nonnull, struct stat* _Nonnull);
C/C++:       |          ^
C/C++: /Users/briones/.config/tuft/sessions/1788364493.114729/worktrees/agp-new-dsl/node_modules/@dr.pogodin/react-native-static-server/android/.cxx/Debug/681m3a4t/x86_64/sysroot/include/glob.h:64:42: warning: type nullability specifier '_Nonnull' is a Clang extension [-Wnullability-extension]
C/C++:    64 |   int (* _Nullable gl_lstat)(const char* _Nonnull, struct stat* _Nonnull);
C/C++:       |                                          ^
C/C++: /Users/briones/.config/tuft/sessions/1788364493.114729/worktrees/agp-new-dsl/node_modules/@dr.pogodin/react-native-static-server/android/.cxx/Debug/681m3a4t/x86_64/sysroot/include/glob.h:64:65: warning: type nullability specifier '_Nonnull' is a Clang extension [-Wnullability-extension]
C/C++:    64 |   int (* _Nullable gl_lstat)(const char* _Nonnull, struct stat* _Nonnull);
C/C++:       |                                                                 ^
C/C++: /Users/briones/.config/tuft/sessions/1788364493.114729/worktrees/agp-new-dsl/node_modules/@dr.pogodin/react-native-static-server/android/.cxx/Debug/681m3a4t/x86_64/sysroot/include/glob.h:66:10: warning: type nullability specifier '_Nullable' is a Clang extension [-Wnullability-extension]
C/C++:    66 |   int (* _Nullable gl_stat)(const char* _Nonnull, struct stat* _Nonnull);
C/C++:       |          ^
C/C++: /Users/briones/.config/tuft/sessions/1788364493.114729/worktrees/agp-new-dsl/node_modules/@dr.pogodin/react-native-static-server/android/.cxx/Debug/681m3a4t/x86_64/sysroot/include/glob.h:66:41: warning: type nullability specifier '_Nonnull' is a Clang extension [-Wnullability-extension]
C/C++:    66 |   int (* _Nullable gl_stat)(const char* _Nonnull, struct stat* _Nonnull);
C/C++:       |                                         ^
C/C++: /Users/briones/.config/tuft/sessions/1788364493.114729/worktrees/agp-new-dsl/node_modules/@dr.pogodin/react-native-static-server/android/.cxx/Debug/681m3a4t/x86_64/sysroot/include/glob.h:66:64: warning: type nullability specifier '_Nonnull' is a Clang extension [-Wnullability-extension]
C/C++:    66 |   int (* _Nullable gl_stat)(const char* _Nonnull, struct stat* _Nonnull);
C/C++:       |                                                                ^
C/C++: /Users/briones/.config/tuft/sessions/1788364493.114729/worktrees/agp-new-dsl/node_modules/@dr.pogodin/react-native-static-server/android/.cxx/Debug/681m3a4t/x86_64/sysroot/include/glob.h:95:22: warning: type nullability specifier '_Nonnull' is a Clang extension [-Wnullability-extension]
C/C++:    95 | int glob(const char* _Nonnull __pattern, int __flags, int (* _Nullable __error_callback)(const char* _Nonnull __failure_path, int __failure_errno), glob_t* _Nonnull __result_ptr);
C/C++:       |                      ^
C/C++: /Users/briones/.config/tuft/sessions/1788364493.114729/worktrees/agp-new-dsl/node_modules/@dr.pogodin/react-native-static-server/android/.cxx/Debug/681m3a4t/x86_64/sysroot/include/glob.h:95:62: warning: type nullability specifier '_Nullable' is a Clang extension [-Wnullability-extension]
C/C++:    95 | int glob(const char* _Nonnull __pattern, int __flags, int (* _Nullable __error_callback)(const char* _Nonnull __failure_path, int __failure_errno), glob_t* _Nonnull __result_ptr);
C/C++:       |                                                              ^
C/C++: /Users/briones/.config/tuft/sessions/1788364493.114729/worktrees/agp-new-dsl/node_modules/@dr.pogodin/react-native-static-server/android/.cxx/Debug/681m3a4t/x86_64/sysroot/include/glob.h:95:102: warning: type nullability specifier '_Nonnull' is a Clang extension [-Wnullability-extension]
C/C++:    95 | int glob(const char* _Nonnull __pattern, int __flags, int (* _Nullable __error_callback)(const char* _Nonnull __failure_path, int __failure_errno), glob_t* _Nonnull __result_ptr);
C/C++:       |                                                                                                      ^
C/C++: /Users/briones/.config/tuft/sessions/1788364493.114729/worktrees/agp-new-dsl/node_modules/@dr.pogodin/react-native-static-server/android/.cxx/Debug/681m3a4t/x86_64/sysroot/include/glob.h:95:157: warning: type nullability specifier '_Nonnull' is a Clang extension [-Wnullability-extension]
C/C++:    95 | int glob(const char* _Nonnull __pattern, int __flags, int (* _Nullable __error_callback)(const char* _Nonnull __failure_path, int __failure_errno), glob_t* _Nonnull __result_ptr);
C/C++:       |                                                                                                                                                             ^
C/C++: /Users/briones/.config/tuft/sessions/1788364493.114729/worktrees/agp-new-dsl/node_modules/@dr.pogodin/react-native-static-server/android/.cxx/Debug/681m3a4t/x86_64/sysroot/include/glob.h:96:23: warning: type nullability specifier '_Nonnull' is a Clang extension [-Wnullability-extension]
C/C++:    96 | void globfree(glob_t* _Nonnull __result_ptr);
C/C++:       |                       ^
C/C++: 23 warnings generated.

> Task :dr.pogodin_react-native-static-server:mergeDebugJniLibFolders
> Task :dr.pogodin_react-native-static-server:mergeDebugNativeLibs
> Task :dr.pogodin_react-native-static-server:copyDebugJniLibsProjectOnly
> Task :app:mergeDebugNativeLibs
> Task :app:stripDebugDebugSymbols
> Task :app:packageDebug
> Task :app:createDebugApkListingFileRedirect UP-TO-DATE
> Task :app:assembleDebug

[Incubating] Problems report is available at: file:///Users/briones/.config/tuft/sessions/1788364493.114729/worktrees/agp-new-dsl/android/build/reports/problems/problems-report.html

Deprecated Gradle features were used in this build, making it incompatible with Gradle 10.

You can use '--warning-mode all' to show the individual deprecation warnings and determine if they come from your own scripts or plugins.

For more on this, please refer to https://docs.gradle.org/9.4.1/userguide/command_line_interface.html#sec:command_line_warnings in the Gradle documentation.

BUILD SUCCESSFUL in 1m 24s
186 actionable tasks: 132 executed, 54 up-to-date
yarn remove v1.22.22
[1/2] Removing module @dr.pogodin/react-native-static-server...
[2/2] Regenerating lockfile and installing missing dependencies...
warning "expo > babel-preset-expo > @babel/plugin-proposal-decorators@7.29.7" has unmet peer dependency "@babel/core@^7.0.0-0".
warning "expo > babel-preset-expo > @babel/plugin-proposal-export-default-from@7.29.7" has unmet peer dependency "@babel/core@^7.0.0-0".
warning "expo > babel-preset-expo > @babel/plugin-syntax-dynamic-import@7.8.3" has unmet peer dependency "@babel/core@^7.0.0-0".
warning "expo > babel-preset-expo > @babel/plugin-syntax-export-default-from@7.29.7" has unmet peer dependency "@babel/core@^7.0.0-0".
warning "expo > babel-preset-expo > @babel/plugin-syntax-nullish-coalescing-operator@7.8.3" has unmet peer dependency "@babel/core@^7.0.0-0".
warning "expo > babel-preset-expo > @babel/plugin-syntax-optional-chaining@7.8.3" has unmet peer dependency "@babel/core@^7.0.0-0".
warning "expo > babel-preset-expo > @babel/plugin-transform-async-generator-functions@7.29.7" has unmet peer dependency "@babel/core@^7.0.0-0".
warning "expo > babel-preset-expo > @babel/plugin-transform-async-to-generator@7.29.7" has unmet peer dependency "@babel/core@^7.0.0-0".
warning "expo > babel-preset-expo > @babel/plugin-transform-block-scoping@7.29.7" has unmet peer dependency "@babel/core@^7.0.0-0".
warning "expo > babel-preset-expo > @babel/plugin-transform-class-properties@7.29.7" has unmet peer dependency "@babel/core@^7.0.0-0".
warning "expo > babel-preset-expo > @babel/plugin-transform-class-static-block@7.29.7" has unmet peer dependency "@babel/core@^7.12.0".
warning "expo > babel-preset-expo > @babel/plugin-transform-classes@7.29.7" has unmet peer dependency "@babel/core@^7.0.0-0".
warning "expo > babel-preset-expo > @babel/plugin-transform-destructuring@7.29.7" has unmet peer dependency "@babel/core@^7.0.0-0".
warning "expo > babel-preset-expo > @babel/plugin-transform-export-namespace-from@7.29.7" has unmet peer dependency "@babel/core@^7.0.0-0".
warning "expo > babel-preset-expo > @babel/plugin-transform-flow-strip-types@7.29.7" has unmet peer dependency "@babel/core@^7.0.0-0".
warning "expo > babel-preset-expo > @babel/plugin-transform-for-of@7.29.7" has unmet peer dependency "@babel/core@^7.0.0-0".
warning "expo > babel-preset-expo > @babel/plugin-transform-logical-assignment-operators@7.29.7" has unmet peer dependency "@babel/core@^7.0.0-0".
warning "expo > babel-preset-expo > @babel/plugin-transform-modules-commonjs@7.29.7" has unmet peer dependency "@babel/core@^7.0.0-0".
warning "expo > babel-preset-expo > @babel/plugin-transform-named-capturing-groups-regex@7.29.7" has unmet peer dependency "@babel/core@^7.0.0".
warning "expo > babel-preset-expo > @babel/plugin-transform-nullish-coalescing-operator@7.29.7" has unmet peer dependency "@babel/core@^7.0.0-0".
warning "expo > babel-preset-expo > @babel/plugin-transform-object-rest-spread@7.29.7" has unmet peer dependency "@babel/core@^7.0.0-0".
warning "expo > babel-preset-expo > @babel/plugin-transform-optional-catch-binding@7.29.7" has unmet peer dependency "@babel/core@^7.0.0-0".
warning "expo > babel-preset-expo > @babel/plugin-transform-optional-chaining@7.29.7" has unmet peer dependency "@babel/core@^7.0.0-0".
warning "expo > babel-preset-expo > @babel/plugin-transform-parameters@7.29.7" has unmet peer dependency "@babel/core@^7.0.0-0".
warning "expo > babel-preset-expo > @babel/plugin-transform-private-methods@7.29.7" has unmet peer dependency "@babel/core@^7.0.0-0".
warning "expo > babel-preset-expo > @babel/plugin-transform-private-property-in-object@7.29.7" has unmet peer dependency "@babel/core@^7.0.0-0".
warning "expo > babel-preset-expo > @babel/plugin-transform-react-display-name@7.29.7" has unmet peer dependency "@babel/core@^7.0.0-0".
warning "expo > babel-preset-expo > @babel/plugin-transform-react-jsx@7.29.7" has unmet peer dependency "@babel/core@^7.0.0-0".
warning "expo > babel-preset-expo > @babel/plugin-transform-react-jsx-development@7.29.7" has unmet peer dependency "@babel/core@^7.0.0-0".
warning "expo > babel-preset-expo > @babel/plugin-transform-react-pure-annotations@7.29.7" has unmet peer dependency "@babel/core@^7.0.0-0".
warning "expo > babel-preset-expo > @babel/plugin-transform-runtime@7.29.7" has unmet peer dependency "@babel/core@^7.0.0-0".
warning "expo > babel-preset-expo > @babel/plugin-transform-typescript@7.29.7" has unmet peer dependency "@babel/core@^7.0.0-0".
warning "expo > babel-preset-expo > @babel/plugin-transform-unicode-regex@7.29.7" has unmet peer dependency "@babel/core@^7.0.0-0".
warning "expo > babel-preset-expo > @babel/preset-typescript@7.29.7" has unmet peer dependency "@babel/core@^7.0.0-0".
warning "expo > babel-preset-expo > @babel/plugin-proposal-decorators > @babel/helper-create-class-features-plugin@7.29.7" has unmet peer dependency "@babel/core@^7.0.0".
warning "expo > babel-preset-expo > @babel/plugin-proposal-decorators > @babel/plugin-syntax-decorators@7.29.7" has unmet peer dependency "@babel/core@^7.0.0-0".
warning "expo > babel-preset-expo > @babel/plugin-transform-async-generator-functions > @babel/helper-remap-async-to-generator@7.29.7" has unmet peer dependency "@babel/core@^7.0.0".
warning "expo > babel-preset-expo > @babel/plugin-transform-classes > @babel/helper-replace-supers@7.29.7" has unmet peer dependency "@babel/core@^7.0.0".
warning "expo > babel-preset-expo > @babel/plugin-transform-flow-strip-types > @babel/plugin-syntax-flow@7.29.7" has unmet peer dependency "@babel/core@^7.0.0-0".
warning "expo > babel-preset-expo > @babel/plugin-transform-named-capturing-groups-regex > @babel/helper-create-regexp-features-plugin@7.29.7" has unmet peer dependency "@babel/core@^7.0.0".
warning "expo > babel-preset-expo > @babel/plugin-transform-react-jsx > @babel/plugin-syntax-jsx@7.29.7" has unmet peer dependency "@babel/core@^7.0.0-0".
warning "expo > babel-preset-expo > @babel/plugin-transform-runtime > babel-plugin-polyfill-corejs2@0.4.17" has unmet peer dependency "@babel/core@^7.4.0 || ^8.0.0-0 <8.0.0".
warning "expo > babel-preset-expo > @babel/plugin-transform-runtime > babel-plugin-polyfill-corejs3@0.13.0" has unmet peer dependency "@babel/core@^7.4.0 || ^8.0.0-0 <8.0.0".
warning "expo > babel-preset-expo > @babel/plugin-transform-runtime > babel-plugin-polyfill-regenerator@0.6.8" has unmet peer dependency "@babel/core@^7.4.0 || ^8.0.0-0 <8.0.0".
warning "expo > babel-preset-expo > @babel/plugin-transform-typescript > @babel/plugin-syntax-typescript@7.29.7" has unmet peer dependency "@babel/core@^7.0.0-0".
warning "react-native > @react-native/codegen@0.87.0" has unmet peer dependency "@babel/core@*".
warning "expo > babel-preset-expo > @babel/plugin-transform-runtime > babel-plugin-polyfill-corejs2 > @babel/helper-define-polyfill-provider@0.6.8" has unmet peer dependency "@babel/core@^7.4.0 || ^8.0.0-0 <8.0.0".
success Uninstalled packages.
Done in 1.74s.
