Dependency validation might be unreliable when using canary SDK versions
› Installing 1 other package using yarn
> yarn add expo-barcode-scanner
yarn add v1.22.22
[1/4] Resolving packages...
[2/4] Fetching packages...
[3/4] Linking dependencies...
warning "expo > babel-preset-expo > @babel/plugin-proposal-decorators@7.29.7" has unmet peer dependency "@babel/core@^7.0.0-0".
warning "expo > babel-preset-expo > @babel/plugin-proposal-export-default-from@7.29.7" has unmet peer dependency "@babel/core@^7.0.0-0".
warning "expo > babel-preset-expo > @babel/plugin-syntax-dynamic-import@7.8.3" has unmet peer dependency "@babel/core@^7.0.0-0".
warning "expo > babel-preset-expo > @babel/plugin-syntax-export-default-from@7.29.7" has unmet peer dependency "@babel/core@^7.0.0-0".
warning "expo > babel-preset-expo > @babel/plugin-syntax-nullish-coalescing-operator@7.8.3" has unmet peer dependency "@babel/core@^7.0.0-0".
warning "expo > babel-preset-expo > @babel/plugin-syntax-optional-chaining@7.8.3" has unmet peer dependency "@babel/core@^7.0.0-0".
warning "expo > babel-preset-expo > @babel/plugin-transform-async-generator-functions@7.29.7" has unmet peer dependency "@babel/core@^7.0.0-0".
warning "expo > babel-preset-expo > @babel/plugin-transform-async-to-generator@7.29.7" has unmet peer dependency "@babel/core@^7.0.0-0".
warning "expo > babel-preset-expo > @babel/plugin-transform-block-scoping@7.29.7" has unmet peer dependency "@babel/core@^7.0.0-0".
warning "expo > babel-preset-expo > @babel/plugin-transform-class-properties@7.29.7" has unmet peer dependency "@babel/core@^7.0.0-0".
warning "expo > babel-preset-expo > @babel/plugin-transform-class-static-block@7.29.7" has unmet peer dependency "@babel/core@^7.12.0".
warning "expo > babel-preset-expo > @babel/plugin-transform-classes@7.29.7" has unmet peer dependency "@babel/core@^7.0.0-0".
warning "expo > babel-preset-expo > @babel/plugin-transform-destructuring@7.29.7" has unmet peer dependency "@babel/core@^7.0.0-0".
warning "expo > babel-preset-expo > @babel/plugin-transform-export-namespace-from@7.29.7" has unmet peer dependency "@babel/core@^7.0.0-0".
warning "expo > babel-preset-expo > @babel/plugin-transform-flow-strip-types@7.29.7" has unmet peer dependency "@babel/core@^7.0.0-0".
warning "expo > babel-preset-expo > @babel/plugin-transform-for-of@7.29.7" has unmet peer dependency "@babel/core@^7.0.0-0".
warning "expo > babel-preset-expo > @babel/plugin-transform-logical-assignment-operators@7.29.7" has unmet peer dependency "@babel/core@^7.0.0-0".
warning "expo > babel-preset-expo > @babel/plugin-transform-modules-commonjs@7.29.7" has unmet peer dependency "@babel/core@^7.0.0-0".
warning "expo > babel-preset-expo > @babel/plugin-transform-named-capturing-groups-regex@7.29.7" has unmet peer dependency "@babel/core@^7.0.0".
warning "expo > babel-preset-expo > @babel/plugin-transform-nullish-coalescing-operator@7.29.7" has unmet peer dependency "@babel/core@^7.0.0-0".
warning "expo > babel-preset-expo > @babel/plugin-transform-object-rest-spread@7.29.7" has unmet peer dependency "@babel/core@^7.0.0-0".
warning "expo > babel-preset-expo > @babel/plugin-transform-optional-catch-binding@7.29.7" has unmet peer dependency "@babel/core@^7.0.0-0".
warning "expo > babel-preset-expo > @babel/plugin-transform-optional-chaining@7.29.7" has unmet peer dependency "@babel/core@^7.0.0-0".
warning "expo > babel-preset-expo > @babel/plugin-transform-parameters@7.29.7" has unmet peer dependency "@babel/core@^7.0.0-0".
warning "expo > babel-preset-expo > @babel/plugin-transform-private-methods@7.29.7" has unmet peer dependency "@babel/core@^7.0.0-0".
warning "expo > babel-preset-expo > @babel/plugin-transform-private-property-in-object@7.29.7" has unmet peer dependency "@babel/core@^7.0.0-0".
warning "expo > babel-preset-expo > @babel/plugin-transform-react-display-name@7.29.7" has unmet peer dependency "@babel/core@^7.0.0-0".
warning "expo > babel-preset-expo > @babel/plugin-transform-react-jsx@7.29.7" has unmet peer dependency "@babel/core@^7.0.0-0".
warning "expo > babel-preset-expo > @babel/plugin-transform-react-jsx-development@7.29.7" has unmet peer dependency "@babel/core@^7.0.0-0".
warning "expo > babel-preset-expo > @babel/plugin-transform-react-pure-annotations@7.29.7" has unmet peer dependency "@babel/core@^7.0.0-0".
warning "expo > babel-preset-expo > @babel/plugin-transform-runtime@7.29.7" has unmet peer dependency "@babel/core@^7.0.0-0".
warning "expo > babel-preset-expo > @babel/plugin-transform-typescript@7.29.7" has unmet peer dependency "@babel/core@^7.0.0-0".
warning "expo > babel-preset-expo > @babel/plugin-transform-unicode-regex@7.29.7" has unmet peer dependency "@babel/core@^7.0.0-0".
warning "expo > babel-preset-expo > @babel/preset-typescript@7.29.7" has unmet peer dependency "@babel/core@^7.0.0-0".
warning "expo > babel-preset-expo > @babel/plugin-proposal-decorators > @babel/helper-create-class-features-plugin@7.29.7" has unmet peer dependency "@babel/core@^7.0.0".
warning "expo > babel-preset-expo > @babel/plugin-proposal-decorators > @babel/plugin-syntax-decorators@7.29.7" has unmet peer dependency "@babel/core@^7.0.0-0".
warning "expo > babel-preset-expo > @babel/plugin-transform-async-generator-functions > @babel/helper-remap-async-to-generator@7.29.7" has unmet peer dependency "@babel/core@^7.0.0".
warning "expo > babel-preset-expo > @babel/plugin-transform-classes > @babel/helper-replace-supers@7.29.7" has unmet peer dependency "@babel/core@^7.0.0".
warning "expo > babel-preset-expo > @babel/plugin-transform-flow-strip-types > @babel/plugin-syntax-flow@7.29.7" has unmet peer dependency "@babel/core@^7.0.0-0".
warning "expo > babel-preset-expo > @babel/plugin-transform-named-capturing-groups-regex > @babel/helper-create-regexp-features-plugin@7.29.7" has unmet peer dependency "@babel/core@^7.0.0".
warning "expo > babel-preset-expo > @babel/plugin-transform-react-jsx > @babel/plugin-syntax-jsx@7.29.7" has unmet peer dependency "@babel/core@^7.0.0-0".
warning "expo > babel-preset-expo > @babel/plugin-transform-runtime > babel-plugin-polyfill-corejs2@0.4.17" has unmet peer dependency "@babel/core@^7.4.0 || ^8.0.0-0 <8.0.0".
warning "expo > babel-preset-expo > @babel/plugin-transform-runtime > babel-plugin-polyfill-corejs3@0.13.0" has unmet peer dependency "@babel/core@^7.4.0 || ^8.0.0-0 <8.0.0".
warning "expo > babel-preset-expo > @babel/plugin-transform-runtime > babel-plugin-polyfill-regenerator@0.6.8" has unmet peer dependency "@babel/core@^7.4.0 || ^8.0.0-0 <8.0.0".
warning "expo > babel-preset-expo > @babel/plugin-transform-typescript > @babel/plugin-syntax-typescript@7.29.7" has unmet peer dependency "@babel/core@^7.0.0-0".
warning "react-native > @react-native/codegen@0.87.0" has unmet peer dependency "@babel/core@*".
warning "expo > babel-preset-expo > @babel/plugin-transform-runtime > babel-plugin-polyfill-corejs2 > @babel/helper-define-polyfill-provider@0.6.8" has unmet peer dependency "@babel/core@^7.4.0 || ^8.0.0-0 <8.0.0".
[4/4] Building fresh packages...
success Saved lockfile.
success Saved 2 new dependencies.
info Direct dependencies
└─ expo-barcode-scanner@13.0.1
info All dependencies
├─ expo-barcode-scanner@13.0.1
└─ expo-image-loader@4.7.0
Done in 0.88s.
› Added config plugin: expo-barcode-scanner
> Task :expo-gradle-plugin:expo-autolinking-plugin-shared:checkKotlinGradlePluginConfigurationErrors SKIPPED
> Task :gradle-plugin:shared:checkKotlinGradlePluginConfigurationErrors SKIPPED
> Task :gradle-plugin:settings-plugin:checkKotlinGradlePluginConfigurationErrors SKIPPED
> Task :expo-gradle-plugin:expo-autolinking-settings-plugin:checkKotlinGradlePluginConfigurationErrors SKIPPED
> Task :gradle-plugin:settings-plugin:pluginDescriptors
> Task :expo-gradle-plugin:expo-autolinking-settings-plugin:pluginDescriptors
> Task :gradle-plugin:settings-plugin:processResources
> Task :expo-gradle-plugin:expo-autolinking-settings-plugin:processResources
> Task :gradle-plugin:shared:processResources NO-SOURCE
> Task :expo-gradle-plugin:expo-autolinking-plugin-shared:processResources NO-SOURCE
> Task :gradle-plugin:shared:compileKotlin
> Task :gradle-plugin:shared:compileJava NO-SOURCE
> Task :gradle-plugin:shared:classes UP-TO-DATE
> Task :gradle-plugin:shared:jar
> Task :expo-gradle-plugin:expo-autolinking-plugin-shared:compileKotlin
> Task :expo-gradle-plugin:expo-autolinking-plugin-shared:compileJava NO-SOURCE
> Task :expo-gradle-plugin:expo-autolinking-plugin-shared:classes UP-TO-DATE
> Task :expo-gradle-plugin:expo-autolinking-plugin-shared:jar
> Task :gradle-plugin:settings-plugin:compileKotlin
> Task :gradle-plugin:settings-plugin:compileJava NO-SOURCE
> Task :gradle-plugin:settings-plugin:classes
> Task :gradle-plugin:settings-plugin:jar
> Task :expo-gradle-plugin:expo-autolinking-settings-plugin:compileKotlin
> Task :expo-gradle-plugin:expo-autolinking-settings-plugin:compileJava NO-SOURCE
> Task :expo-gradle-plugin:expo-autolinking-settings-plugin:classes
> Task :expo-gradle-plugin:expo-autolinking-settings-plugin:jar
> Task :gradle-plugin:react-native-gradle-plugin:checkKotlinGradlePluginConfigurationErrors SKIPPED
> Task :expo-gradle-plugin:expo-max-sdk-override-plugin:checkKotlinGradlePluginConfigurationErrors SKIPPED
> Task :expo-gradle-plugin:expo-autolinking-plugin:checkKotlinGradlePluginConfigurationErrors SKIPPED
> Task :expo-module-gradle-plugin:checkKotlinGradlePluginConfigurationErrors SKIPPED
> Task :expo-module-gradle-plugin:pluginDescriptors
> Task :expo-module-gradle-plugin:processResources
> Task :expo-gradle-plugin:expo-max-sdk-override-plugin:pluginDescriptors
> Task :expo-gradle-plugin:expo-autolinking-plugin:pluginDescriptors
> Task :gradle-plugin:react-native-gradle-plugin:pluginDescriptors
> Task :expo-gradle-plugin:expo-max-sdk-override-plugin:processResources
> Task :expo-gradle-plugin:expo-autolinking-plugin:processResources
> Task :gradle-plugin:react-native-gradle-plugin:processResources
> Task :expo-gradle-plugin:expo-autolinking-plugin:compileKotlin
> Task :expo-gradle-plugin:expo-autolinking-plugin:compileJava NO-SOURCE
> Task :expo-gradle-plugin:expo-autolinking-plugin:classes
> Task :expo-gradle-plugin:expo-autolinking-plugin:jar
> Task :expo-gradle-plugin:expo-max-sdk-override-plugin:compileKotlin
> Task :expo-gradle-plugin:expo-max-sdk-override-plugin:compileJava NO-SOURCE
> Task :expo-gradle-plugin:expo-max-sdk-override-plugin:classes
> Task :expo-gradle-plugin:expo-max-sdk-override-plugin:jar
> Task :gradle-plugin:react-native-gradle-plugin:compileKotlin
> Task :gradle-plugin:react-native-gradle-plugin:compileJava NO-SOURCE
> Task :gradle-plugin:react-native-gradle-plugin:classes
> Task :gradle-plugin:react-native-gradle-plugin:jar
> Task :expo-module-gradle-plugin:compileKotlin
> Task :expo-module-gradle-plugin:compileJava NO-SOURCE
> Task :expo-module-gradle-plugin:classes
> Task :expo-module-gradle-plugin:jar

> Configure project :app
 ℹ️  [33mApplying gradle plugin[0m '[32mexpo-max-sdk-override-plugin[0m'
  [expo-max-sdk-override-plugin] This plugin will find all permissions declared with `android:maxSdkVersion`. If there exists a declaration with the `android:maxSdkVersion` annotation and another one without, the plugin will remove the annotation from the final merged manifest. In order to see a log with the changes run a clean build of the app.

> Configure project :
[32m[ExpoRootProject][0m Using the following versions:
  - buildTools:  [32m37.0.0[0m
  - minSdk:      [32m24[0m
  - compileSdk:  [32m37[0m
  - targetSdk:   [32m36[0m
  - ndk:         [32m27.1.12297006[0m
  - kotlin:      [32m2.2.0[0m
  - ksp:         [32m2.2.0-2.0.2[0m

> Configure project :expo

Using expo modules
  - [32mexpo-log-box[0m (58.0.0-canary-20260902-26df09e)
  - [32mexpo-barcode-scanner[0m (13.0.1)
  - [32mexpo-constants[0m (58.0.0-canary-20260902-26df09e)
  - [32mexpo-image-loader[0m (4.7.0)
  - [32mexpo-modules-core[0m (58.0.0-canary-20260902-26df09e)
  - [33m[📦][0m [32mexpo-dom-webview[0m (58.0.0-canary-20260902-26df09e)
  - [33m[📦][0m [32mexpo-ui[0m (58.0.0-canary-20260902-26df09e)
  - [33m[📦][0m [32mexpo-asset[0m (58.0.0-canary-20260902-26df09e)
  - [33m[📦][0m [32mexpo-device[0m (58.0.0-canary-20260902-26df09e)
  - [33m[📦][0m [32mexpo-file-system[0m (58.0.0-canary-20260902-26df09e)
  - [33m[📦][0m [32mexpo-font[0m (58.0.0-canary-20260902-26df09e)
  - [33m[📦][0m [32mexpo-image[0m (58.0.0-canary-20260902-26df09e)
  - [33m[📦][0m [32mexpo-keep-awake[0m (58.0.0-canary-20260902-26df09e)
  - [33m[📦][0m [32mexpo-linking[0m (58.0.0-canary-20260902-26df09e)
  - [33m[📦][0m [32mexpo-splash-screen[0m (58.0.0-canary-20260902-26df09e)
  - [33m[📦][0m [32mexpo-status-bar[0m (58.0.0-canary-20260902-26df09e)
  - [33m[📦][0m [32mexpo-system-ui[0m (58.0.0-canary-20260902-26df09e)
  - [33m[📦][0m [32mexpo-web-browser[0m (58.0.0-canary-20260902-26df09e)


> Task :expo-modules-core:preBuild UP-TO-DATE
> Task :expo-image-loader:preBuild UP-TO-DATE
> Task :expo-log-box:preBuild UP-TO-DATE
> Task :expo-modules-core:preDebugBuild UP-TO-DATE
> Task :expo-barcode-scanner:preBuild UP-TO-DATE
> Task :expo-barcode-scanner:preDebugBuild UP-TO-DATE
> Task :expo-log-box:preDebugBuild UP-TO-DATE
> Task :expo-image-loader:preDebugBuild UP-TO-DATE
> Task :app:generateAutolinkingNewArchitectureFiles UP-TO-DATE
> Task :app:generateAutolinkingPackageList UP-TO-DATE
> Task :app:generateCodegenSchemaFromJavaScript SKIPPED
> Task :app:generateCodegenArtifactsFromSchema SKIPPED
> Task :app:generateReactNativeEntryPoint UP-TO-DATE
> Task :app:generateDebugAssets UP-TO-DATE
> Task :expo-modules-core:processDebugNavigationResources
> Task :expo-log-box:processDebugNavigationResources
> Task :expo-barcode-scanner:processDebugNavigationResources
> Task :expo-image-loader:processDebugNavigationResources
> Task :expo-modules-core:generateDebugBuildConfig
> Task :expo-log-box:generateDebugBuildConfig
> Task :expo-modules-core:generateDebugResources
> Task :expo-log-box:generateDebugResources
> Task :expo-barcode-scanner:generateDebugResources
> Task :expo-image-loader:generateDebugResources
> Task :expo-modules-core:packageDebugResources
> Task :expo-log-box:packageDebugResources
> Task :expo-modules-core:generateDebugAssets UP-TO-DATE
> Task :expo-modules-core:javaPreCompileDebug
> Task :expo-log-box:generateDebugAssets UP-TO-DATE
> Task :expo-log-box:javaPreCompileDebug
> Task :expo-barcode-scanner:packageDebugResources
> Task :expo-modules-core:mergeDebugAssets
> Task :expo-log-box:parseDebugLocalResources
> Task :expo-modules-core:parseDebugLocalResources
> Task :expo-log-box:mergeDebugAssets
> Task :expo-modules-core:writeDebugAarMetadata
> Task :expo-image-loader:packageDebugResources
> Task :expo-log-box:writeDebugAarMetadata
> Task :expo-barcode-scanner:generateDebugAssets UP-TO-DATE
> Task :expo-barcode-scanner:parseDebugLocalResources
> Task :expo-log-box:extractDeepLinksDebug
> Task :expo-modules-core:extractDeepLinksDebug
> Task :expo-barcode-scanner:javaPreCompileDebug
> Task :expo-log-box:generateDebugRFile
> Task :expo-modules-core:generateDebugRFile
> Task :expo-image-loader:parseDebugLocalResources
> Task :expo-log-box:mapDebugSourceSetPaths
> Task :expo-modules-core:mapDebugSourceSetPaths
> Task :expo-image-loader:javaPreCompileDebug

> Task :expo-modules-core:processDebugManifest
/Users/briones/.config/tuft/sessions/1788364493.114729/worktrees/agp-new-dsl/node_modules/expo-modules-core/android/src/main/AndroidManifest.xml:8:9-11:45 Warning:
	meta-data#com.facebook.soloader.enabled@android:value was tagged at AndroidManifest.xml:8 to replace other declarations but no other declaration present

> Task :expo-log-box:processDebugManifest
> Task :expo-log-box:compileDebugLibraryResources
> Task :expo-image-loader:generateDebugAssets UP-TO-DATE
> Task :expo-barcode-scanner:mergeDebugAssets
> Task :expo-barcode-scanner:generateDebugRFile
> Task :expo-log-box:mergeDebugJniLibFolders
> Task :expo-log-box:mergeDebugNativeLibs NO-SOURCE
> Task :expo-image-loader:generateDebugRFile
> Task :expo-image-loader:mergeDebugAssets
> Task :expo-barcode-scanner:writeDebugAarMetadata
> Task :expo-log-box:copyDebugJniLibsProjectOnly
> Task :expo-barcode-scanner:extractDeepLinksDebug
> Task :expo-image-loader:writeDebugAarMetadata
> Task :expo-image-loader:extractDeepLinksDebug
> Task :expo-barcode-scanner:mapDebugSourceSetPaths
> Task :expo-barcode-scanner:processDebugManifest
> Task :expo-image-loader:processDebugManifest
> Task :expo-image-loader:mapDebugSourceSetPaths
> Task :expo-barcode-scanner:compileDebugLibraryResources
> Task :expo-image-loader:compileDebugLibraryResources
> Task :expo-barcode-scanner:mergeDebugJniLibFolders
> Task :expo-image-loader:mergeDebugJniLibFolders
> Task :expo-barcode-scanner:mergeDebugNativeLibs NO-SOURCE
> Task :expo-image-loader:mergeDebugNativeLibs NO-SOURCE
> Task :expo-barcode-scanner:copyDebugJniLibsProjectOnly
> Task :expo-image-loader:copyDebugJniLibsProjectOnly
> Task :expo:generateInlineModules
> Task :expo:generatePackagesList
> Task :expo:preBuild
> Task :expo:preDebugBuild
> Task :expo:processDebugNavigationResources
> Task :expo:generateDebugResources
> Task :expo:packageDebugResources
> Task :expo:generateDebugAssets UP-TO-DATE
> Task :expo:javaPreCompileDebug
> Task :expo:parseDebugLocalResources
> Task :expo:mergeDebugAssets
> Task :expo:writeDebugAarMetadata
> Task :expo:extractDeepLinksDebug
> Task :expo:generateDebugRFile
> Task :expo:mapDebugSourceSetPaths
> Task :expo:processDebugManifest
> Task :expo:compileDebugLibraryResources
> Task :expo:mergeDebugJniLibFolders
> Task :expo:mergeDebugNativeLibs NO-SOURCE
> Task :expo:copyDebugJniLibsProjectOnly

> Task :expo-constants:createExpoConfig
The NODE_ENV environment variable is required but was not specified. Ensure the project is bundled with Expo CLI or NODE_ENV is set. Using only .env.local and .env

> Task :expo-constants:preBuild
> Task :app:preBuild
> Task :app:preDebugBuild
> Task :expo-constants:preDebugBuild
> Task :app:mergeDebugNativeDebugMetadata NO-SOURCE
> Task :app:generateDebugBuildConfig UP-TO-DATE
> Task :app:generateDebugResValues UP-TO-DATE
> Task :expo-constants:processDebugNavigationResources
> Task :app:generateDebugResources UP-TO-DATE
> Task :app:packageDebugResources UP-TO-DATE
> Task :expo-constants:generateDebugResources
> Task :expo-constants:packageDebugResources
> Task :expo-constants:generateDebugAssets UP-TO-DATE
> Task :expo-constants:javaPreCompileDebug
> Task :expo-constants:mergeDebugAssets
> Task :expo-constants:parseDebugLocalResources
> Task :expo-constants:writeDebugAarMetadata
> Task :expo-constants:extractDeepLinksDebug
> Task :expo-constants:generateDebugRFile
> Task :expo-constants:mapDebugSourceSetPaths
> Task :expo-constants:mergeDebugJniLibFolders
> Task :expo-constants:mergeDebugNativeLibs NO-SOURCE
> Task :expo-constants:processDebugManifest
> Task :expo-constants:compileDebugLibraryResources
> Task :expo-constants:copyDebugJniLibsProjectOnly
> Task :expo-modules-core:compileDebugLibraryResources
> Task :expo-modules-core:configureCMakeDebug[arm64-v8a]
> Task :app:processDebugNavigationResources UP-TO-DATE
> Task :app:parseDebugLocalResources UP-TO-DATE
> Task :app:generateDebugRFile UP-TO-DATE
> Task :app:javaPreCompileDebug UP-TO-DATE
> Task :app:mergeDebugAssets
> Task :app:generateDebugGlobalSynthetics UP-TO-DATE
> Task :app:compressDebugAssets
> Task :app:desugarDebugFileDependencies UP-TO-DATE
> Task :app:mapDebugSourceSetPaths UP-TO-DATE
> Task :app:compileDebugNavigationResources UP-TO-DATE
> Task :app:checkDebugAarMetadata
> Task :app:checkDebugDuplicateClasses
> Task :app:mergeDebugResources
> Task :app:createDebugCompatibleScreenManifests UP-TO-DATE
> Task :app:extractDeepLinksDebug UP-TO-DATE

> Task :app:processDebugMainManifest
/Users/briones/.config/tuft/sessions/1788364493.114729/worktrees/agp-new-dsl/android/app/src/debug/AndroidManifest.xml:6:5-162 Warning:
	application@android:usesCleartextTraffic was tagged at AndroidManifest.xml:6 to replace other declarations but no other declaration present
/Users/briones/.config/tuft/sessions/1788364493.114729/worktrees/agp-new-dsl/android/app/src/debug/AndroidManifest.xml Warning:
	provider#expo.modules.filesystem.FileSystemFileProvider@android:authorities was tagged at AndroidManifest.xml:0 to replace other declarations but no other declaration present

> Task :app:expoDebugOverrideMaxSdkConflicts
[33m---------- Expo Max Sdk Override Plugin ----------[0m
[32m>>> No 'android:maxSdkVersion' conflicts found[0m
[33m--------------------------------------------------[0m

> Task :app:processDebugManifest
> Task :app:configureCMakeDebug[arm64-v8a]

> Task :expo-modules-core:buildCMakeDebug[arm64-v8a]
C/C++: ninja: Entering directory `/Users/briones/.config/tuft/sessions/1788364493.114729/worktrees/agp-new-dsl/node_modules/expo-modules-core/android/.cxx/Debug/2bg4f4z2/arm64-v8a'
C/C++: In file included from /Users/briones/.config/tuft/sessions/1788364493.114729/worktrees/agp-new-dsl/node_modules/expo-modules-core/common/cpp/EventEmitter.cpp:5:
C/C++: /Users/briones/.config/tuft/sessions/1788364493.114729/worktrees/agp-new-dsl/node_modules/react-native/ReactCommon/cxxreact/ErrorUtils.h:10:2: warning: Deprecated: use <jserrorhandler/ErrorUtils.h> instead. [-W#warnings]
C/C++:    10 | #warning Deprecated: use <jserrorhandler/ErrorUtils.h> instead.
C/C++:       |  ^
C/C++: 1 warning generated.

> Task :expo-modules-core:compileDebugKotlin
w: file:///Users/briones/.config/tuft/sessions/1788364493.114729/worktrees/agp-new-dsl/node_modules/expo-modules-core/android/src/main/java/expo/modules/kotlin/jni/CppType.kt:42:23 'class NativeArrayBuffer : Destructible' is deprecated. Use ArrayBuffer instead.
w: file:///Users/briones/.config/tuft/sessions/1788364493.114729/worktrees/agp-new-dsl/node_modules/expo-modules-core/android/src/main/java/expo/modules/kotlin/jni/JavaCallback.kt:38:10 'class NativeArrayBuffer : Destructible' is deprecated. Use ArrayBuffer instead.
w: file:///Users/briones/.config/tuft/sessions/1788364493.114729/worktrees/agp-new-dsl/node_modules/expo-modules-core/android/src/main/java/expo/modules/kotlin/jni/JavaCallback.kt:96:45 'class NativeArrayBuffer : Destructible' is deprecated. Use ArrayBuffer instead.
w: file:///Users/briones/.config/tuft/sessions/1788364493.114729/worktrees/agp-new-dsl/node_modules/expo-modules-core/android/src/main/java/expo/modules/kotlin/jni/NativeArrayBuffer.kt:49:15 'class NativeArrayBuffer : Destructible' is deprecated. Use ArrayBuffer instead.
w: file:///Users/briones/.config/tuft/sessions/1788364493.114729/worktrees/agp-new-dsl/node_modules/expo-modules-core/android/src/main/java/expo/modules/kotlin/jni/NativeArrayBuffer.kt:64:30 'class NativeArrayBuffer : Destructible' is deprecated. Use ArrayBuffer instead.
w: file:///Users/briones/.config/tuft/sessions/1788364493.114729/worktrees/agp-new-dsl/node_modules/expo-modules-core/android/src/main/java/expo/modules/kotlin/jni/NativeArrayBuffer.kt:66:14 'constructor(byteBuffer: ByteBuffer): NativeArrayBuffer' is deprecated. Use ArrayBuffer instead.
w: file:///Users/briones/.config/tuft/sessions/1788364493.114729/worktrees/agp-new-dsl/node_modules/expo-modules-core/android/src/main/java/expo/modules/kotlin/jni/NativeArrayBuffer.kt:74:39 'class NativeArrayBuffer : Destructible' is deprecated. Use ArrayBuffer instead.
w: file:///Users/briones/.config/tuft/sessions/1788364493.114729/worktrees/agp-new-dsl/node_modules/expo-modules-core/android/src/main/java/expo/modules/kotlin/jni/NativeArrayBuffer.kt:75:7 'constructor(byteBuffer: ByteBuffer): NativeArrayBuffer' is deprecated. Use ArrayBuffer instead.
w: file:///Users/briones/.config/tuft/sessions/1788364493.114729/worktrees/agp-new-dsl/node_modules/expo-modules-core/android/src/main/java/expo/modules/kotlin/jni/NativeArrayBuffer.kt:80:37 'class NativeArrayBuffer : Destructible' is deprecated. Use ArrayBuffer instead.
w: file:///Users/briones/.config/tuft/sessions/1788364493.114729/worktrees/agp-new-dsl/node_modules/expo-modules-core/android/src/main/java/expo/modules/kotlin/jni/NativeArrayBuffer.kt:86:47 'class NativeArrayBuffer : Destructible' is deprecated. Use ArrayBuffer instead.
w: file:///Users/briones/.config/tuft/sessions/1788364493.114729/worktrees/agp-new-dsl/node_modules/expo-modules-core/android/src/main/java/expo/modules/kotlin/jni/NativeArrayBuffer.kt:92:23 'class NativeArrayBuffer : Destructible' is deprecated. Use ArrayBuffer instead.
w: file:///Users/briones/.config/tuft/sessions/1788364493.114729/worktrees/agp-new-dsl/node_modules/expo-modules-core/android/src/main/java/expo/modules/kotlin/jni/NativeArrayBuffer.kt:92:43 'class NativeArrayBuffer : Destructible' is deprecated. Use ArrayBuffer instead.
w: file:///Users/briones/.config/tuft/sessions/1788364493.114729/worktrees/agp-new-dsl/node_modules/expo-modules-core/android/src/main/java/expo/modules/kotlin/jni/NativeArrayBuffer.kt:95:41 'class NativeArrayBuffer : Destructible' is deprecated. Use ArrayBuffer instead.
w: file:///Users/briones/.config/tuft/sessions/1788364493.114729/worktrees/agp-new-dsl/node_modules/expo-modules-core/android/src/main/java/expo/modules/kotlin/jni/NativeArrayBuffer.kt:105:14 'constructor(byteBuffer: ByteBuffer): NativeArrayBuffer' is deprecated. Use ArrayBuffer instead.
w: file:///Users/briones/.config/tuft/sessions/1788364493.114729/worktrees/agp-new-dsl/node_modules/expo-modules-core/android/src/main/java/expo/modules/kotlin/types/ColorCompat.kt:115:5 This annotation is currently applied to the value parameter only, but in the future it will also be applied to field.
- To opt in to applying to both value parameter and field, add '-Xannotation-default-target=param-property' to your compiler arguments.
- To keep applying to the value parameter only, use the '@param:' annotation target.

See https://youtrack.jetbrains.com/issue/KT-73255 for more details.
w: file:///Users/briones/.config/tuft/sessions/1788364493.114729/worktrees/agp-new-dsl/node_modules/expo-modules-core/android/src/main/java/expo/modules/kotlin/types/JSTypeConverter.kt:7:8 'class NativeArrayBuffer : Destructible' is deprecated. Use ArrayBuffer instead.
w: file:///Users/briones/.config/tuft/sessions/1788364493.114729/worktrees/agp-new-dsl/node_modules/expo-modules-core/android/src/main/java/expo/modules/kotlin/types/JSTypeConverter.kt:245:55 'class NativeArrayBuffer : Destructible' is deprecated. Use ArrayBuffer instead.
w: file:///Users/briones/.config/tuft/sessions/1788364493.114729/worktrees/agp-new-dsl/node_modules/expo-modules-core/android/src/main/java/expo/modules/kotlin/types/JSTypeConverter.kt:247:19 'class NativeArrayBuffer : Destructible' is deprecated. Use ArrayBuffer instead.
w: file:///Users/briones/.config/tuft/sessions/1788364493.114729/worktrees/agp-new-dsl/node_modules/expo-modules-core/android/src/main/java/expo/modules/kotlin/types/ReturnType.kt:6:8 'class NativeArrayBuffer : Destructible' is deprecated. Use ArrayBuffer instead.
w: file:///Users/briones/.config/tuft/sessions/1788364493.114729/worktrees/agp-new-dsl/node_modules/expo-modules-core/android/src/main/java/expo/modules/kotlin/types/ReturnType.kt:45:5 'class NativeArrayBuffer : Destructible' is deprecated. Use ArrayBuffer instead.
w: file:///Users/briones/.config/tuft/sessions/1788364493.114729/worktrees/agp-new-dsl/node_modules/expo-modules-core/android/src/main/java/expo/modules/kotlin/types/TypeConverterProvider.kt:19:8 'class NativeArrayBuffer : Destructible' is deprecated. Use ArrayBuffer instead.
w: file:///Users/briones/.config/tuft/sessions/1788364493.114729/worktrees/agp-new-dsl/node_modules/expo-modules-core/android/src/main/java/expo/modules/kotlin/types/TypeConverterProvider.kt:254:7 'class NativeArrayBuffer : Destructible' is deprecated. Use ArrayBuffer instead.

> Task :app:buildCMakeDebug[arm64-v8a]
> Task :app:mergeDebugJniLibFolders UP-TO-DATE
> Task :app:validateSigningDebug UP-TO-DATE
> Task :app:writeDebugAppMetadata UP-TO-DATE
> Task :app:writeDebugSigningConfigVersions UP-TO-DATE
> Task :app:processDebugManifestForPackage
> Task :app:processDebugResources
> Task :app:mergeExtDexDebug

> Task :expo-modules-core:buildCMakeDebug[arm64-v8a]
C/C++: /Users/briones/.config/tuft/sessions/1788364493.114729/worktrees/agp-new-dsl/node_modules/expo-modules-core/android/src/main/cpp/fabric/ExpoComponentDescriptorFactory.cpp:17:5: warning: 'RawPropsParser' is deprecated [-Wdeprecated-declarations]
C/C++:    17 |     react::RawPropsParser(/*useRawPropsJsiValue=*/true)
C/C++:       |     ^
C/C++: /Users/briones/.config/tuft/sessions/1788364493.114729/worktrees/agp-new-dsl/node_modules/react-native/ReactCommon/react/renderer/core/RawPropsParser.h:31:5: note: 'RawPropsParser' has been explicitly marked deprecated here
C/C++:    31 |   [[deprecated]] explicit RawPropsParser(bool /* ignored */) : RawPropsParser() {}
C/C++:       |     ^
C/C++: 1 warning generated.

> Task :expo-modules-core:compileDebugJavaWithJavac
Note: Some input files use or override a deprecated API.
Note: Recompile with -Xlint:deprecation for details.

> Task :expo-modules-core:processDebugJavaRes
> Task :expo-modules-core:mergeDebugJniLibFolders
> Task :expo-modules-core:bundleLibCompileToJarDebug
> Task :expo-modules-core:mergeDebugNativeLibs
> Task :expo-modules-core:copyDebugJniLibsProjectOnly
> Task :expo-constants:compileDebugKotlin
> Task :expo-constants:compileDebugJavaWithJavac NO-SOURCE
> Task :expo-constants:bundleLibCompileToJarDebug
> Task :expo-constants:processDebugJavaRes
> Task :expo-constants:bundleLibRuntimeToDirDebug
> Task :expo-log-box:compileDebugKotlin
> Task :expo-modules-core:bundleLibRuntimeToDirDebug
> Task :expo-log-box:compileDebugJavaWithJavac
> Task :expo-log-box:bundleLibCompileToJarDebug
> Task :expo-log-box:processDebugJavaRes
> Task :expo-log-box:bundleLibRuntimeToDirDebug
> Task :expo-image-loader:compileDebugKotlin

> Task :expo-barcode-scanner:compileDebugKotlin FAILED
e: file:///Users/briones/.config/tuft/sessions/1788364493.114729/worktrees/agp-new-dsl/node_modules/expo-barcode-scanner/android/src/main/java/expo/modules/barcodescanner/BarCodeScannerModule.kt:10:32 Unresolved reference 'barcodescanner'.
e: file:///Users/briones/.config/tuft/sessions/1788364493.114729/worktrees/agp-new-dsl/node_modules/expo-barcode-scanner/android/src/main/java/expo/modules/barcodescanner/BarCodeScannerModule.kt:71:5 Cannot infer type for this parameter. Specify it explicitly.
e: file:///Users/briones/.config/tuft/sessions/1788364493.114729/worktrees/agp-new-dsl/node_modules/expo-barcode-scanner/android/src/main/java/expo/modules/barcodescanner/BarCodeScannerModule.kt:72:18 Unresolved reference 'imageLoader'.
e: file:///Users/briones/.config/tuft/sessions/1788364493.114729/worktrees/agp-new-dsl/node_modules/expo-barcode-scanner/android/src/main/java/expo/modules/barcodescanner/BarCodeScannerModule.kt:77:21 Unresolved reference 'setSettings'.
e: file:///Users/briones/.config/tuft/sessions/1788364493.114729/worktrees/agp-new-dsl/node_modules/expo-barcode-scanner/android/src/main/java/expo/modules/barcodescanner/BarCodeScannerModule.kt:78:15 Unresolved reference 'BarCodeScannerSettings'.
e: file:///Users/briones/.config/tuft/sessions/1788364493.114729/worktrees/agp-new-dsl/node_modules/expo-barcode-scanner/android/src/main/java/expo/modules/barcodescanner/BarCodeScannerModule.kt:78:40 Cannot infer type for this parameter. Specify it explicitly.
e: file:///Users/briones/.config/tuft/sessions/1788364493.114729/worktrees/agp-new-dsl/node_modules/expo-barcode-scanner/android/src/main/java/expo/modules/barcodescanner/BarCodeScannerModule.kt:78:46 Cannot infer type for this parameter. Specify it explicitly.
e: file:///Users/briones/.config/tuft/sessions/1788364493.114729/worktrees/agp-new-dsl/node_modules/expo-barcode-scanner/android/src/main/java/expo/modules/barcodescanner/BarCodeScannerModule.kt:79:17 Unresolved reference 'putTypes'.
e: file:///Users/briones/.config/tuft/sessions/1788364493.114729/worktrees/agp-new-dsl/node_modules/expo-barcode-scanner/android/src/main/java/expo/modules/barcodescanner/BarCodeScannerModule.kt:84:38 Unresolved reference 'scanMultiple'.
e: file:///Users/briones/.config/tuft/sessions/1788364493.114729/worktrees/agp-new-dsl/node_modules/expo-barcode-scanner/android/src/main/java/expo/modules/barcodescanner/BarCodeScannerModule.kt:85:49 Unresolved reference 'it'.
e: file:///Users/briones/.config/tuft/sessions/1788364493.114729/worktrees/agp-new-dsl/node_modules/expo-barcode-scanner/android/src/main/java/expo/modules/barcodescanner/BarCodeScannerModule.kt:86:64 Unresolved reference 'it'.
e: file:///Users/briones/.config/tuft/sessions/1788364493.114729/worktrees/agp-new-dsl/node_modules/expo-barcode-scanner/android/src/main/java/expo/modules/barcodescanner/BarCodeScannerModule.kt:115:26 Unresolved reference 'BarCodeScannerSettings'.
e: file:///Users/briones/.config/tuft/sessions/1788364493.114729/worktrees/agp-new-dsl/node_modules/expo-barcode-scanner/android/src/main/java/expo/modules/barcodescanner/BarCodeScannerModule.kt:115:51 Cannot infer type for this parameter. Specify it explicitly.
e: file:///Users/briones/.config/tuft/sessions/1788364493.114729/worktrees/agp-new-dsl/node_modules/expo-barcode-scanner/android/src/main/java/expo/modules/barcodescanner/BarCodeScannerModule.kt:115:57 Cannot infer type for this parameter. Specify it explicitly.
e: file:///Users/briones/.config/tuft/sessions/1788364493.114729/worktrees/agp-new-dsl/node_modules/expo-barcode-scanner/android/src/main/java/expo/modules/barcodescanner/BarCodeScannerModule.kt:116:13 Unresolved reference 'putTypes'.
e: file:///Users/briones/.config/tuft/sessions/1788364493.114729/worktrees/agp-new-dsl/node_modules/expo-barcode-scanner/android/src/main/java/expo/modules/barcodescanner/BarCodeScannerProvider.kt:5:32 Unresolved reference 'barcodescanner'.
e: file:///Users/briones/.config/tuft/sessions/1788364493.114729/worktrees/agp-new-dsl/node_modules/expo-barcode-scanner/android/src/main/java/expo/modules/barcodescanner/BarCodeScannerProvider.kt:6:32 Unresolved reference 'barcodescanner'.
e: file:///Users/briones/.config/tuft/sessions/1788364493.114729/worktrees/agp-new-dsl/node_modules/expo-barcode-scanner/android/src/main/java/expo/modules/barcodescanner/BarCodeScannerProvider.kt:9:48 Unresolved reference 'BarCodeScannerProviderInterface'.
e: file:///Users/briones/.config/tuft/sessions/1788364493.114729/worktrees/agp-new-dsl/node_modules/expo-barcode-scanner/android/src/main/java/expo/modules/barcodescanner/BarCodeScannerProvider.kt:10:16 Return type of 'getExportedInterfaces' is not a subtype of the return type of the overridden member 'fun getExportedInterfaces(): (Mutable)List<out (Class<Any!>..Class<*>?)>!' defined in 'expo/modules/core/interfaces/InternalModule'.
e: file:///Users/briones/.config/tuft/sessions/1788364493.114729/worktrees/agp-new-dsl/node_modules/expo-barcode-scanner/android/src/main/java/expo/modules/barcodescanner/BarCodeScannerProvider.kt:11:5 Cannot infer type for this parameter. Specify it explicitly.
e: file:///Users/briones/.config/tuft/sessions/1788364493.114729/worktrees/agp-new-dsl/node_modules/expo-barcode-scanner/android/src/main/java/expo/modules/barcodescanner/BarCodeScannerProvider.kt:11:12 Unresolved reference 'BarCodeScannerProviderInterface'.
e: file:///Users/briones/.config/tuft/sessions/1788364493.114729/worktrees/agp-new-dsl/node_modules/expo-barcode-scanner/android/src/main/java/expo/modules/barcodescanner/BarCodeScannerProvider.kt:11:12 Argument type mismatch: actual type is 'Class<uninferred T (of val <T> KClass<T>.java)>', but 'T#2 (of fun <T> listOf)' was expected.
e: file:///Users/briones/.config/tuft/sessions/1788364493.114729/worktrees/agp-new-dsl/node_modules/expo-barcode-scanner/android/src/main/java/expo/modules/barcodescanner/BarCodeScannerProvider.kt:11:51 Cannot infer type for this parameter. Specify it explicitly.
e: file:///Users/briones/.config/tuft/sessions/1788364493.114729/worktrees/agp-new-dsl/node_modules/expo-barcode-scanner/android/src/main/java/expo/modules/barcodescanner/BarCodeScannerProvider.kt:11:51 Unresolved reference. None of the following candidates is applicable because of a receiver type mismatch:
val <T> KClass<T>.java: Class<T>
e: file:///Users/briones/.config/tuft/sessions/1788364493.114729/worktrees/agp-new-dsl/node_modules/expo-barcode-scanner/android/src/main/java/expo/modules/barcodescanner/BarCodeScannerProvider.kt:13:3 'createBarCodeDetectorWithContext' overrides nothing.
e: file:///Users/briones/.config/tuft/sessions/1788364493.114729/worktrees/agp-new-dsl/node_modules/expo-barcode-scanner/android/src/main/java/expo/modules/barcodescanner/BarCodeScannerProvider.kt:13:68 Unresolved reference 'BarCodeScannerInterface'.
e: file:///Users/briones/.config/tuft/sessions/1788364493.114729/worktrees/agp-new-dsl/node_modules/expo-barcode-scanner/android/src/main/java/expo/modules/barcodescanner/BarCodeScannerView.kt:14:32 Unresolved reference 'barcodescanner'.
e: file:///Users/briones/.config/tuft/sessions/1788364493.114729/worktrees/agp-new-dsl/node_modules/expo-barcode-scanner/android/src/main/java/expo/modules/barcodescanner/BarCodeScannerView.kt:15:32 Unresolved reference 'barcodescanner'.
e: file:///Users/briones/.config/tuft/sessions/1788364493.114729/worktrees/agp-new-dsl/node_modules/expo-barcode-scanner/android/src/main/java/expo/modules/barcodescanner/BarCodeScannerView.kt:65:33 Unresolved reference 'BarCodeScannerResult'.
e: file:///Users/briones/.config/tuft/sessions/1788364493.114729/worktrees/agp-new-dsl/node_modules/expo-barcode-scanner/android/src/main/java/expo/modules/barcodescanner/BarCodeScannerView.kt:67:77 Unresolved reference 'cornerPoints'.
e: file:///Users/briones/.config/tuft/sessions/1788364493.114729/worktrees/agp-new-dsl/node_modules/expo-barcode-scanner/android/src/main/java/expo/modules/barcodescanner/BarCodeScannerView.kt:67:99 Unresolved reference 'boundingBox'.
e: file:///Users/briones/.config/tuft/sessions/1788364493.114729/worktrees/agp-new-dsl/node_modules/expo-barcode-scanner/android/src/main/java/expo/modules/barcodescanner/BarCodeScannerView.kt:71:24 Unresolved reference 'value'.
e: file:///Users/briones/.config/tuft/sessions/1788364493.114729/worktrees/agp-new-dsl/node_modules/expo-barcode-scanner/android/src/main/java/expo/modules/barcodescanner/BarCodeScannerView.kt:72:23 Unresolved reference 'raw'.
e: file:///Users/briones/.config/tuft/sessions/1788364493.114729/worktrees/agp-new-dsl/node_modules/expo-barcode-scanner/android/src/main/java/expo/modules/barcodescanner/BarCodeScannerView.kt:73:24 Unresolved reference 'type'.
e: file:///Users/briones/.config/tuft/sessions/1788364493.114729/worktrees/agp-new-dsl/node_modules/expo-barcode-scanner/android/src/main/java/expo/modules/barcodescanner/BarCodeScannerView.kt:83:71 Unresolved reference 'BarCodeScannerResult'.
e: file:///Users/briones/.config/tuft/sessions/1788364493.114729/worktrees/agp-new-dsl/node_modules/expo-barcode-scanner/android/src/main/java/expo/modules/barcodescanner/BarCodeScannerView.kt:84:32 Unresolved reference 'cornerPoints'.
e: file:///Users/briones/.config/tuft/sessions/1788364493.114729/worktrees/agp-new-dsl/node_modules/expo-barcode-scanner/android/src/main/java/expo/modules/barcodescanner/BarCodeScannerView.kt:90:35 Unresolved reference 'referenceImageHeight'.
e: file:///Users/briones/.config/tuft/sessions/1788364493.114729/worktrees/agp-new-dsl/node_modules/expo-barcode-scanner/android/src/main/java/expo/modules/barcodescanner/BarCodeScannerView.kt:90:58 Cannot infer type for this parameter. Specify it explicitly.
e: file:///Users/briones/.config/tuft/sessions/1788364493.114729/worktrees/agp-new-dsl/node_modules/expo-barcode-scanner/android/src/main/java/expo/modules/barcodescanner/BarCodeScannerView.kt:93:35 Unresolved reference 'referenceImageWidth'.
e: file:///Users/briones/.config/tuft/sessions/1788364493.114729/worktrees/agp-new-dsl/node_modules/expo-barcode-scanner/android/src/main/java/expo/modules/barcodescanner/BarCodeScannerView.kt:93:57 Cannot infer type for this parameter. Specify it explicitly.
e: file:///Users/briones/.config/tuft/sessions/1788364493.114729/worktrees/agp-new-dsl/node_modules/expo-barcode-scanner/android/src/main/java/expo/modules/barcodescanner/BarCodeScannerView.kt:97:8 Cannot infer type for this parameter. Specify it explicitly.
e: file:///Users/briones/.config/tuft/sessions/1788364493.114729/worktrees/agp-new-dsl/node_modules/expo-barcode-scanner/android/src/main/java/expo/modules/barcodescanner/BarCodeScannerView.kt:97:50 Unresolved reference 'referenceImageWidth'.
e: file:///Users/briones/.config/tuft/sessions/1788364493.114729/worktrees/agp-new-dsl/node_modules/expo-barcode-scanner/android/src/main/java/expo/modules/barcodescanner/BarCodeScannerView.kt:101:8 Cannot infer type for this parameter. Specify it explicitly.
e: file:///Users/briones/.config/tuft/sessions/1788364493.114729/worktrees/agp-new-dsl/node_modules/expo-barcode-scanner/android/src/main/java/expo/modules/barcodescanner/BarCodeScannerView.kt:101:51 Unresolved reference 'referenceImageHeight'.
e: file:///Users/briones/.config/tuft/sessions/1788364493.114729/worktrees/agp-new-dsl/node_modules/expo-barcode-scanner/android/src/main/java/expo/modules/barcodescanner/BarCodeScannerView.kt:104:13 Unresolved reference 'referenceImageHeight'.
e: file:///Users/briones/.config/tuft/sessions/1788364493.114729/worktrees/agp-new-dsl/node_modules/expo-barcode-scanner/android/src/main/java/expo/modules/barcodescanner/BarCodeScannerView.kt:105:13 Unresolved reference 'referenceImageWidth'.
e: file:///Users/briones/.config/tuft/sessions/1788364493.114729/worktrees/agp-new-dsl/node_modules/expo-barcode-scanner/android/src/main/java/expo/modules/barcodescanner/BarCodeScannerView.kt:106:13 Unresolved reference 'cornerPoints'.
e: file:///Users/briones/.config/tuft/sessions/1788364493.114729/worktrees/agp-new-dsl/node_modules/expo-barcode-scanner/android/src/main/java/expo/modules/barcodescanner/BarCodeScannerView.kt:111:18 Unresolved reference 'BarCodeScannerResult'.
e: file:///Users/briones/.config/tuft/sessions/1788364493.114729/worktrees/agp-new-dsl/node_modules/expo-barcode-scanner/android/src/main/java/expo/modules/barcodescanner/BarCodeScannerView.kt:129:37 Unresolved reference 'x'.
e: file:///Users/briones/.config/tuft/sessions/1788364493.114729/worktrees/agp-new-dsl/node_modules/expo-barcode-scanner/android/src/main/java/expo/modules/barcodescanner/BarCodeScannerView.kt:130:37 Unresolved reference 'y'.
e: file:///Users/briones/.config/tuft/sessions/1788364493.114729/worktrees/agp-new-dsl/node_modules/expo-barcode-scanner/android/src/main/java/expo/modules/barcodescanner/BarCodeScannerView.kt:136:41 Unresolved reference 'width'.
e: file:///Users/briones/.config/tuft/sessions/1788364493.114729/worktrees/agp-new-dsl/node_modules/expo-barcode-scanner/android/src/main/java/expo/modules/barcodescanner/BarCodeScannerView.kt:137:42 Unresolved reference 'height'.
e: file:///Users/briones/.config/tuft/sessions/1788364493.114729/worktrees/agp-new-dsl/node_modules/expo-barcode-scanner/android/src/main/java/expo/modules/barcodescanner/BarCodeScannerView.kt:150:43 Unresolved reference 'BarCodeScannerSettings'.
e: file:///Users/briones/.config/tuft/sessions/1788364493.114729/worktrees/agp-new-dsl/node_modules/expo-barcode-scanner/android/src/main/java/expo/modules/barcodescanner/BarCodeScannerViewFinder.kt:12:32 Unresolved reference 'barcodescanner'.
e: file:///Users/briones/.config/tuft/sessions/1788364493.114729/worktrees/agp-new-dsl/node_modules/expo-barcode-scanner/android/src/main/java/expo/modules/barcodescanner/BarCodeScannerViewFinder.kt:13:32 Unresolved reference 'barcodescanner'.
e: file:///Users/briones/.config/tuft/sessions/1788364493.114729/worktrees/agp-new-dsl/node_modules/expo-barcode-scanner/android/src/main/java/expo/modules/barcodescanner/BarCodeScannerViewFinder.kt:14:32 Unresolved reference 'barcodescanner'.
e: file:///Users/briones/.config/tuft/sessions/1788364493.114729/worktrees/agp-new-dsl/node_modules/expo-barcode-scanner/android/src/main/java/expo/modules/barcodescanner/BarCodeScannerViewFinder.kt:44:31 Unresolved reference 'BarCodeScannerInterface'.
e: file:///Users/briones/.config/tuft/sessions/1788364493.114729/worktrees/agp-new-dsl/node_modules/expo-barcode-scanner/android/src/main/java/expo/modules/barcodescanner/BarCodeScannerViewFinder.kt:166:58 Unresolved reference 'BarCodeScannerProviderInterface'.
e: file:///Users/briones/.config/tuft/sessions/1788364493.114729/worktrees/agp-new-dsl/node_modules/expo-barcode-scanner/android/src/main/java/expo/modules/barcodescanner/BarCodeScannerViewFinder.kt:167:46 Unresolved reference 'createBarCodeDetectorWithContext'.
e: file:///Users/briones/.config/tuft/sessions/1788364493.114729/worktrees/agp-new-dsl/node_modules/expo-barcode-scanner/android/src/main/java/expo/modules/barcodescanner/BarCodeScannerViewFinder.kt:177:43 Unresolved reference 'BarCodeScannerSettings'.
e: file:///Users/briones/.config/tuft/sessions/1788364493.114729/worktrees/agp-new-dsl/node_modules/expo-barcode-scanner/android/src/main/java/expo/modules/barcodescanner/BarCodeScannerViewFinder.kt:178:21 Unresolved reference 'setSettings'.
e: file:///Users/briones/.config/tuft/sessions/1788364493.114729/worktrees/agp-new-dsl/node_modules/expo-barcode-scanner/android/src/main/java/expo/modules/barcodescanner/scanners/ExpoBarCodeScanner.kt:4:32 Unresolved reference 'barcodescanner'.
e: file:///Users/briones/.config/tuft/sessions/1788364493.114729/worktrees/agp-new-dsl/node_modules/expo-barcode-scanner/android/src/main/java/expo/modules/barcodescanner/scanners/ExpoBarCodeScanner.kt:5:32 Unresolved reference 'barcodescanner'.
e: file:///Users/briones/.config/tuft/sessions/1788364493.114729/worktrees/agp-new-dsl/node_modules/expo-barcode-scanner/android/src/main/java/expo/modules/barcodescanner/scanners/ExpoBarCodeScanner.kt:7:91 Unresolved reference 'BarCodeScannerInterface'.
e: file:///Users/briones/.config/tuft/sessions/1788364493.114729/worktrees/agp-new-dsl/node_modules/expo-barcode-scanner/android/src/main/java/expo/modules/barcodescanner/scanners/ExpoBarCodeScanner.kt:25:47 Unresolved reference 'BarCodeScannerSettings'.
e: file:///Users/briones/.config/tuft/sessions/1788364493.114729/worktrees/agp-new-dsl/node_modules/expo-barcode-scanner/android/src/main/java/expo/modules/barcodescanner/scanners/ExpoBarCodeScanner.kt:26:42 Unresolved reference 'types'.
e: file:///Users/briones/.config/tuft/sessions/1788364493.114729/worktrees/agp-new-dsl/node_modules/expo-barcode-scanner/android/src/main/java/expo/modules/barcodescanner/scanners/MLKitBarCodeScanner.kt:11:32 Unresolved reference 'barcodescanner'.
e: file:///Users/briones/.config/tuft/sessions/1788364493.114729/worktrees/agp-new-dsl/node_modules/expo-barcode-scanner/android/src/main/java/expo/modules/barcodescanner/scanners/MLKitBarCodeScanner.kt:12:32 Unresolved reference 'barcodescanner'.
e: file:///Users/briones/.config/tuft/sessions/1788364493.114729/worktrees/agp-new-dsl/node_modules/expo-barcode-scanner/android/src/main/java/expo/modules/barcodescanner/scanners/MLKitBarCodeScanner.kt:27:3 'scan' overrides nothing.
e: file:///Users/briones/.config/tuft/sessions/1788364493.114729/worktrees/agp-new-dsl/node_modules/expo-barcode-scanner/android/src/main/java/expo/modules/barcodescanner/scanners/MLKitBarCodeScanner.kt:30:17 Cannot infer type for this parameter. Specify it explicitly.
e: file:///Users/briones/.config/tuft/sessions/1788364493.114729/worktrees/agp-new-dsl/node_modules/expo-barcode-scanner/android/src/main/java/expo/modules/barcodescanner/scanners/MLKitBarCodeScanner.kt:30:17 Unresolved reference. None of the following candidates is applicable because of a receiver type mismatch:
fun <T> Collection<T>.isNotEmpty(): Boolean
e: file:///Users/briones/.config/tuft/sessions/1788364493.114729/worktrees/agp-new-dsl/node_modules/expo-barcode-scanner/android/src/main/java/expo/modules/barcodescanner/scanners/MLKitBarCodeScanner.kt:36:3 'scanMultiple' overrides nothing.
e: file:///Users/briones/.config/tuft/sessions/1788364493.114729/worktrees/agp-new-dsl/node_modules/expo-barcode-scanner/android/src/main/java/expo/modules/barcodescanner/scanners/MLKitBarCodeScanner.kt:36:51 Unresolved reference 'BarCodeScannerResult'.
e: file:///Users/briones/.config/tuft/sessions/1788364493.114729/worktrees/agp-new-dsl/node_modules/expo-barcode-scanner/android/src/main/java/expo/modules/barcodescanner/scanners/MLKitBarCodeScanner.kt:41:58 Unresolved reference 'BarCodeScannerResult'.
e: file:///Users/briones/.config/tuft/sessions/1788364493.114729/worktrees/agp-new-dsl/node_modules/expo-barcode-scanner/android/src/main/java/expo/modules/barcodescanner/scanners/MLKitBarCodeScanner.kt:41:82 Cannot infer type for this parameter. Specify it explicitly.
e: file:///Users/briones/.config/tuft/sessions/1788364493.114729/worktrees/agp-new-dsl/node_modules/expo-barcode-scanner/android/src/main/java/expo/modules/barcodescanner/scanners/MLKitBarCodeScanner.kt:44:35 Unresolved reference 'BarCodeScannerResult'.
e: file:///Users/briones/.config/tuft/sessions/1788364493.114729/worktrees/agp-new-dsl/node_modules/expo-barcode-scanner/android/src/main/java/expo/modules/barcodescanner/scanners/MLKitBarCodeScanner.kt:62:21 Unresolved reference 'BarCodeScannerResult'.
e: file:///Users/briones/.config/tuft/sessions/1788364493.114729/worktrees/agp-new-dsl/node_modules/expo-barcode-scanner/android/src/main/java/expo/modules/barcodescanner/scanners/MLKitBarCodeScanner.kt:67:26 Cannot infer type for this parameter. Specify it explicitly.
e: file:///Users/briones/.config/tuft/sessions/1788364493.114729/worktrees/agp-new-dsl/node_modules/expo-barcode-scanner/android/src/main/java/expo/modules/barcodescanner/scanners/MLKitBarCodeScanner.kt:67:26 Return type mismatch: expected 'MutableList<uninferred ERROR CLASS: Cannot infer argument for type parameter T>', actual 'List<uninferred T (of fun <T> emptyList)>'.
e: file:///Users/briones/.config/tuft/sessions/1788364493.114729/worktrees/agp-new-dsl/node_modules/expo-barcode-scanner/android/src/main/java/expo/modules/barcodescanner/scanners/MLKitBarCodeScanner.kt:71:3 'setSettings' overrides nothing.
e: file:///Users/briones/.config/tuft/sessions/1788364493.114729/worktrees/agp-new-dsl/node_modules/expo-barcode-scanner/android/src/main/java/expo/modules/barcodescanner/scanners/MLKitBarCodeScanner.kt:71:38 Unresolved reference 'BarCodeScannerSettings'.
e: file:///Users/briones/.config/tuft/sessions/1788364493.114729/worktrees/agp-new-dsl/node_modules/expo-barcode-scanner/android/src/main/java/expo/modules/barcodescanner/utils/BarCodeScannerResultSerializer.kt:5:32 Unresolved reference 'barcodescanner'.
e: file:///Users/briones/.config/tuft/sessions/1788364493.114729/worktrees/agp-new-dsl/node_modules/expo-barcode-scanner/android/src/main/java/expo/modules/barcodescanner/utils/BarCodeScannerResultSerializer.kt:6:32 Unresolved reference 'barcodescanner'.
e: file:///Users/briones/.config/tuft/sessions/1788364493.114729/worktrees/agp-new-dsl/node_modules/expo-barcode-scanner/android/src/main/java/expo/modules/barcodescanner/utils/BarCodeScannerResultSerializer.kt:9:24 Unresolved reference 'BarCodeScannerResult'.
e: file:///Users/briones/.config/tuft/sessions/1788364493.114729/worktrees/agp-new-dsl/node_modules/expo-barcode-scanner/android/src/main/java/expo/modules/barcodescanner/utils/BarCodeScannerResultSerializer.kt:11:32 Unresolved reference 'value'.
e: file:///Users/briones/.config/tuft/sessions/1788364493.114729/worktrees/agp-new-dsl/node_modules/expo-barcode-scanner/android/src/main/java/expo/modules/barcodescanner/utils/BarCodeScannerResultSerializer.kt:12:31 Unresolved reference 'raw'.
e: file:///Users/briones/.config/tuft/sessions/1788364493.114729/worktrees/agp-new-dsl/node_modules/expo-barcode-scanner/android/src/main/java/expo/modules/barcodescanner/utils/BarCodeScannerResultSerializer.kt:13:29 Unresolved reference 'type'.
e: file:///Users/briones/.config/tuft/sessions/1788364493.114729/worktrees/agp-new-dsl/node_modules/expo-barcode-scanner/android/src/main/java/expo/modules/barcodescanner/utils/BarCodeScannerResultSerializer.kt:14:77 Unresolved reference 'cornerPoints'.
e: file:///Users/briones/.config/tuft/sessions/1788364493.114729/worktrees/agp-new-dsl/node_modules/expo-barcode-scanner/android/src/main/java/expo/modules/barcodescanner/utils/BarCodeScannerResultSerializer.kt:14:98 Unresolved reference 'boundingBox'.
e: file:///Users/briones/.config/tuft/sessions/1788364493.114729/worktrees/agp-new-dsl/node_modules/expo-barcode-scanner/android/src/main/java/expo/modules/barcodescanner/utils/BarCodeScannerResultSerializer.kt:21:18 Unresolved reference 'BoundingBox'.
e: file:///Users/briones/.config/tuft/sessions/1788364493.114729/worktrees/agp-new-dsl/node_modules/expo-barcode-scanner/android/src/main/java/expo/modules/barcodescanner/utils/BarCodeScannerResultSerializer.kt:32:52 Unresolved reference 'x'.
e: file:///Users/briones/.config/tuft/sessions/1788364493.114729/worktrees/agp-new-dsl/node_modules/expo-barcode-scanner/android/src/main/java/expo/modules/barcodescanner/utils/BarCodeScannerResultSerializer.kt:32:87 Unresolved reference 'y'.
e: file:///Users/briones/.config/tuft/sessions/1788364493.114729/worktrees/agp-new-dsl/node_modules/expo-barcode-scanner/android/src/main/java/expo/modules/barcodescanner/utils/BarCodeScannerResultSerializer.kt:33:49 Unresolved reference 'width'.
e: file:///Users/briones/.config/tuft/sessions/1788364493.114729/worktrees/agp-new-dsl/node_modules/expo-barcode-scanner/android/src/main/java/expo/modules/barcodescanner/utils/BarCodeScannerResultSerializer.kt:33:88 Unresolved reference 'height'.

> Task :expo-image-loader:compileDebugJavaWithJavac
> Task :app:mergeDebugNativeLibs

[Incubating] Problems report is available at: file:///Users/briones/.config/tuft/sessions/1788364493.114729/worktrees/agp-new-dsl/android/build/reports/problems/problems-report.html

FAILURE: Build failed with an exception.

* What went wrong:
Execution failed for task ':expo-barcode-scanner:compileDebugKotlin'.
> A failure occurred while executing org.jetbrains.kotlin.compilerRunner.GradleCompilerRunnerWithWorkers$GradleKotlinCompilerWorkAction
   > Compilation error. See log for more details

* Try:
> Run with --stacktrace option to get the stack trace.
> Run with --info or --debug option to get more log output.
> Run with --scan to get full insights from a Build Scan (powered by Develocity).
> Get more help at https://help.gradle.org.

Deprecated Gradle features were used in this build, making it incompatible with Gradle 10.

You can use '--warning-mode all' to show the individual deprecation warnings and determine if they come from your own scripts or plugins.

For more on this, please refer to https://docs.gradle.org/9.4.1/userguide/command_line_interface.html#sec:command_line_warnings in the Gradle documentation.

BUILD FAILED in 18s
172 actionable tasks: 151 executed, 21 up-to-date
== retry without new DSL flags
> Task :gradle-plugin:shared:checkKotlinGradlePluginConfigurationErrors SKIPPED
> Task :gradle-plugin:settings-plugin:checkKotlinGradlePluginConfigurationErrors SKIPPED
> Task :expo-gradle-plugin:expo-autolinking-plugin-shared:checkKotlinGradlePluginConfigurationErrors SKIPPED
> Task :expo-gradle-plugin:expo-autolinking-settings-plugin:checkKotlinGradlePluginConfigurationErrors SKIPPED
> Task :gradle-plugin:settings-plugin:pluginDescriptors UP-TO-DATE
> Task :expo-gradle-plugin:expo-autolinking-settings-plugin:pluginDescriptors UP-TO-DATE
> Task :expo-gradle-plugin:expo-autolinking-settings-plugin:processResources UP-TO-DATE
> Task :gradle-plugin:settings-plugin:processResources UP-TO-DATE
> Task :gradle-plugin:shared:compileKotlin UP-TO-DATE
> Task :gradle-plugin:shared:compileJava NO-SOURCE
> Task :gradle-plugin:shared:processResources NO-SOURCE
> Task :gradle-plugin:shared:classes UP-TO-DATE
> Task :expo-gradle-plugin:expo-autolinking-plugin-shared:compileKotlin UP-TO-DATE
> Task :expo-gradle-plugin:expo-autolinking-plugin-shared:compileJava NO-SOURCE
> Task :gradle-plugin:shared:jar UP-TO-DATE
> Task :expo-gradle-plugin:expo-autolinking-plugin-shared:processResources NO-SOURCE
> Task :expo-gradle-plugin:expo-autolinking-plugin-shared:classes UP-TO-DATE
> Task :expo-gradle-plugin:expo-autolinking-plugin-shared:jar UP-TO-DATE
> Task :gradle-plugin:settings-plugin:compileKotlin UP-TO-DATE
> Task :gradle-plugin:settings-plugin:compileJava NO-SOURCE
> Task :gradle-plugin:settings-plugin:classes UP-TO-DATE
> Task :gradle-plugin:settings-plugin:jar UP-TO-DATE
> Task :expo-gradle-plugin:expo-autolinking-settings-plugin:compileKotlin UP-TO-DATE
> Task :expo-gradle-plugin:expo-autolinking-settings-plugin:compileJava NO-SOURCE
> Task :expo-gradle-plugin:expo-autolinking-settings-plugin:classes UP-TO-DATE
> Task :expo-gradle-plugin:expo-autolinking-settings-plugin:jar UP-TO-DATE
> Task :gradle-plugin:react-native-gradle-plugin:checkKotlinGradlePluginConfigurationErrors SKIPPED
> Task :expo-gradle-plugin:expo-autolinking-plugin:checkKotlinGradlePluginConfigurationErrors SKIPPED
> Task :expo-gradle-plugin:expo-max-sdk-override-plugin:checkKotlinGradlePluginConfigurationErrors SKIPPED
> Task :expo-module-gradle-plugin:checkKotlinGradlePluginConfigurationErrors SKIPPED
> Task :expo-module-gradle-plugin:pluginDescriptors UP-TO-DATE
> Task :expo-module-gradle-plugin:processResources UP-TO-DATE
> Task :expo-gradle-plugin:expo-autolinking-plugin:compileKotlin UP-TO-DATE
> Task :expo-gradle-plugin:expo-max-sdk-override-plugin:compileKotlin UP-TO-DATE
> Task :expo-gradle-plugin:expo-autolinking-plugin:compileJava NO-SOURCE
> Task :expo-gradle-plugin:expo-max-sdk-override-plugin:compileJava NO-SOURCE
> Task :expo-gradle-plugin:expo-autolinking-plugin:pluginDescriptors UP-TO-DATE
> Task :expo-gradle-plugin:expo-max-sdk-override-plugin:pluginDescriptors UP-TO-DATE
> Task :expo-gradle-plugin:expo-autolinking-plugin:processResources UP-TO-DATE
> Task :expo-gradle-plugin:expo-autolinking-plugin:classes UP-TO-DATE
> Task :expo-gradle-plugin:expo-max-sdk-override-plugin:processResources UP-TO-DATE
> Task :expo-gradle-plugin:expo-max-sdk-override-plugin:classes UP-TO-DATE
> Task :gradle-plugin:react-native-gradle-plugin:compileKotlin UP-TO-DATE
> Task :gradle-plugin:react-native-gradle-plugin:compileJava NO-SOURCE
> Task :gradle-plugin:react-native-gradle-plugin:pluginDescriptors UP-TO-DATE
> Task :expo-gradle-plugin:expo-autolinking-plugin:jar UP-TO-DATE
> Task :expo-gradle-plugin:expo-max-sdk-override-plugin:jar UP-TO-DATE
> Task :gradle-plugin:react-native-gradle-plugin:processResources UP-TO-DATE
> Task :gradle-plugin:react-native-gradle-plugin:classes UP-TO-DATE
> Task :gradle-plugin:react-native-gradle-plugin:jar UP-TO-DATE
> Task :expo-module-gradle-plugin:compileKotlin UP-TO-DATE
> Task :expo-module-gradle-plugin:compileJava NO-SOURCE
> Task :expo-module-gradle-plugin:classes UP-TO-DATE
> Task :expo-module-gradle-plugin:jar UP-TO-DATE

> Configure project :app
WARNING: The option setting 'android.builtInKotlin=false' is deprecated.
The current default is 'true'.
It will be removed in version 10.0 of the Android Gradle plugin.
WARNING: The option setting 'android.newDsl=false' is deprecated.
The current default is 'true'.
It will be removed in version 10.0 of the Android Gradle plugin.
 ℹ️  [33mApplying gradle plugin[0m '[32mexpo-max-sdk-override-plugin[0m'
  [expo-max-sdk-override-plugin] This plugin will find all permissions declared with `android:maxSdkVersion`. If there exists a declaration with the `android:maxSdkVersion` annotation and another one without, the plugin will remove the annotation from the final merged manifest. In order to see a log with the changes run a clean build of the app.
WARNING: API 'applicationVariants' is obsolete and has been replaced with 'AndroidComponentsExtension'.
It will be removed in version 10.0 of the Android Gradle plugin.
The legacy variant API is disabled by default in AGP 9.0, but can be re-enabled by adding 
    android.newDsl=false
to this project's gradle.properties file.
For more information, see http://developer.android.com/build/r/new-dsl.

To determine what is calling applicationVariants, use -Pandroid.debug.obsoleteApi=true on the command line to display more information.
WARNING: API 'testVariants' is obsolete and has been replaced with 'AndroidComponentsExtension'.
It will be removed in version 10.0 of the Android Gradle plugin.
The legacy variant API is disabled by default in AGP 9.0, but can be re-enabled by adding 
    android.newDsl=false
to this project's gradle.properties file.
For more information, see http://developer.android.com/build/r/new-dsl.

To determine what is calling testVariants, use -Pandroid.debug.obsoleteApi=true on the command line to display more information.
WARNING: API 'unitTestVariants' is obsolete and has been replaced with 'AndroidComponentsExtension'.
It will be removed in version 10.0 of the Android Gradle plugin.
The legacy variant API is disabled by default in AGP 9.0, but can be re-enabled by adding 
    android.newDsl=false
to this project's gradle.properties file.
For more information, see http://developer.android.com/build/r/new-dsl.

To determine what is calling unitTestVariants, use -Pandroid.debug.obsoleteApi=true on the command line to display more information.

> Configure project :
[32m[ExpoRootProject][0m Using the following versions:
  - buildTools:  [32m37.0.0[0m
  - minSdk:      [32m24[0m
  - compileSdk:  [32m37[0m
  - targetSdk:   [32m36[0m
  - ndk:         [32m27.1.12297006[0m
  - kotlin:      [32m2.2.0[0m
  - ksp:         [32m2.2.0-2.0.2[0m

> Configure project :expo
WARNING: API 'libraryVariants' is obsolete and has been replaced with 'AndroidComponentsExtension'.
It will be removed in version 10.0 of the Android Gradle plugin.
The legacy variant API is disabled by default in AGP 9.0, but can be re-enabled by adding 
    android.newDsl=false
to this project's gradle.properties file.
For more information, see http://developer.android.com/build/r/new-dsl.

To determine what is calling libraryVariants, use -Pandroid.debug.obsoleteApi=true on the command line to display more information.

Using expo modules
  - [32mexpo-log-box[0m (58.0.0-canary-20260902-26df09e)
  - [32mexpo-barcode-scanner[0m (13.0.1)
  - [32mexpo-constants[0m (58.0.0-canary-20260902-26df09e)
  - [32mexpo-image-loader[0m (4.7.0)
  - [32mexpo-modules-core[0m (58.0.0-canary-20260902-26df09e)
  - [33m[📦][0m [32mexpo-dom-webview[0m (58.0.0-canary-20260902-26df09e)
  - [33m[📦][0m [32mexpo-ui[0m (58.0.0-canary-20260902-26df09e)
  - [33m[📦][0m [32mexpo-asset[0m (58.0.0-canary-20260902-26df09e)
  - [33m[📦][0m [32mexpo-device[0m (58.0.0-canary-20260902-26df09e)
  - [33m[📦][0m [32mexpo-file-system[0m (58.0.0-canary-20260902-26df09e)
  - [33m[📦][0m [32mexpo-font[0m (58.0.0-canary-20260902-26df09e)
  - [33m[📦][0m [32mexpo-image[0m (58.0.0-canary-20260902-26df09e)
  - [33m[📦][0m [32mexpo-keep-awake[0m (58.0.0-canary-20260902-26df09e)
  - [33m[📦][0m [32mexpo-linking[0m (58.0.0-canary-20260902-26df09e)
  - [33m[📦][0m [32mexpo-splash-screen[0m (58.0.0-canary-20260902-26df09e)
  - [33m[📦][0m [32mexpo-status-bar[0m (58.0.0-canary-20260902-26df09e)
  - [33m[📦][0m [32mexpo-system-ui[0m (58.0.0-canary-20260902-26df09e)
  - [33m[📦][0m [32mexpo-web-browser[0m (58.0.0-canary-20260902-26df09e)


> Task :expo-modules-core:preBuild UP-TO-DATE
> Task :expo-barcode-scanner:preBuild UP-TO-DATE
> Task :expo-barcode-scanner:preDebugBuild UP-TO-DATE
> Task :expo-modules-core:preDebugBuild UP-TO-DATE
> Task :expo-log-box:preBuild UP-TO-DATE
> Task :expo-image-loader:preBuild UP-TO-DATE
> Task :app:generateAutolinkingNewArchitectureFiles UP-TO-DATE
> Task :expo-image-loader:preDebugBuild UP-TO-DATE
> Task :expo-log-box:preDebugBuild UP-TO-DATE
> Task :expo-barcode-scanner:processDebugNavigationResources UP-TO-DATE
> Task :app:generateAutolinkingPackageList UP-TO-DATE
> Task :expo-barcode-scanner:checkKotlinGradlePluginConfigurationErrors SKIPPED
> Task :app:generateCodegenSchemaFromJavaScript SKIPPED
> Task :expo-log-box:processDebugNavigationResources UP-TO-DATE
> Task :expo-modules-core:processDebugNavigationResources UP-TO-DATE
> Task :expo-modules-core:checkKotlinGradlePluginConfigurationErrors SKIPPED
> Task :expo-barcode-scanner:generateDebugResources UP-TO-DATE
> Task :expo-image-loader:processDebugNavigationResources UP-TO-DATE
> Task :expo-log-box:checkKotlinGradlePluginConfigurationErrors SKIPPED
> Task :expo-image-loader:checkKotlinGradlePluginConfigurationErrors SKIPPED
> Task :expo-image-loader:generateDebugResources UP-TO-DATE
> Task :app:generateCodegenArtifactsFromSchema SKIPPED
> Task :app:generateReactNativeEntryPoint UP-TO-DATE
> Task :app:checkKotlinGradlePluginConfigurationErrors SKIPPED
> Task :app:generateDebugAssets UP-TO-DATE
> Task :expo-modules-core:generateDebugBuildConfig UP-TO-DATE
> Task :expo-modules-core:generateDebugResources UP-TO-DATE
> Task :expo-log-box:generateDebugBuildConfig UP-TO-DATE
> Task :expo-image-loader:packageDebugResources UP-TO-DATE
> Task :expo-log-box:generateDebugResources UP-TO-DATE
> Task :expo-image-loader:parseDebugLocalResources UP-TO-DATE
> Task :expo-modules-core:packageDebugResources UP-TO-DATE
> Task :expo-barcode-scanner:packageDebugResources UP-TO-DATE
> Task :expo-image-loader:generateDebugRFile UP-TO-DATE
> Task :expo-barcode-scanner:parseDebugLocalResources UP-TO-DATE
> Task :expo-image-loader:javaPreCompileDebug UP-TO-DATE
> Task :expo-image-loader:generateDebugAssets UP-TO-DATE
> Task :expo-log-box:packageDebugResources UP-TO-DATE
> Task :expo-barcode-scanner:generateDebugRFile UP-TO-DATE
> Task :expo-modules-core:parseDebugLocalResources UP-TO-DATE
> Task :expo-barcode-scanner:javaPreCompileDebug UP-TO-DATE
> Task :expo-barcode-scanner:generateDebugAssets UP-TO-DATE
> Task :expo-image-loader:mergeDebugAssets UP-TO-DATE
> Task :expo-modules-core:generateDebugRFile UP-TO-DATE
> Task :expo-log-box:parseDebugLocalResources UP-TO-DATE
> Task :expo-barcode-scanner:mergeDebugAssets UP-TO-DATE
> Task :expo-image-loader:writeDebugAarMetadata UP-TO-DATE
> Task :expo-log-box:generateDebugRFile UP-TO-DATE
> Task :expo-barcode-scanner:writeDebugAarMetadata UP-TO-DATE
> Task :expo-image-loader:extractDeepLinksDebug UP-TO-DATE
> Task :expo-log-box:javaPreCompileDebug UP-TO-DATE
> Task :expo-barcode-scanner:extractDeepLinksDebug UP-TO-DATE
> Task :expo-log-box:generateDebugAssets UP-TO-DATE
> Task :expo-image-loader:processDebugManifest UP-TO-DATE
> Task :expo-barcode-scanner:processDebugManifest UP-TO-DATE
> Task :expo-barcode-scanner:mapDebugSourceSetPaths UP-TO-DATE
> Task :expo-image-loader:mapDebugSourceSetPaths UP-TO-DATE
> Task :expo-log-box:mergeDebugAssets UP-TO-DATE
> Task :expo-image-loader:compileDebugLibraryResources UP-TO-DATE
> Task :expo-log-box:writeDebugAarMetadata UP-TO-DATE
> Task :expo-image-loader:mergeDebugJniLibFolders UP-TO-DATE
> Task :expo-barcode-scanner:compileDebugLibraryResources UP-TO-DATE
> Task :expo-image-loader:mergeDebugNativeLibs NO-SOURCE
> Task :expo-log-box:extractDeepLinksDebug UP-TO-DATE
> Task :expo-image-loader:copyDebugJniLibsProjectOnly UP-TO-DATE
> Task :expo-barcode-scanner:mergeDebugJniLibFolders UP-TO-DATE
> Task :expo-log-box:processDebugManifest UP-TO-DATE
> Task :expo-barcode-scanner:mergeDebugNativeLibs NO-SOURCE
> Task :expo-barcode-scanner:copyDebugJniLibsProjectOnly UP-TO-DATE
> Task :expo-log-box:mapDebugSourceSetPaths UP-TO-DATE
> Task :expo-log-box:compileDebugLibraryResources UP-TO-DATE
> Task :expo-log-box:mergeDebugJniLibFolders UP-TO-DATE
> Task :expo-log-box:mergeDebugNativeLibs NO-SOURCE
> Task :expo-log-box:copyDebugJniLibsProjectOnly UP-TO-DATE
> Task :expo:generateInlineModules
> Task :expo:generatePackagesList UP-TO-DATE
> Task :expo:preBuild
> Task :expo:preDebugBuild
> Task :expo:processDebugNavigationResources UP-TO-DATE
> Task :expo:checkKotlinGradlePluginConfigurationErrors SKIPPED
> Task :expo:generateDebugResources UP-TO-DATE
> Task :expo:packageDebugResources UP-TO-DATE
> Task :expo:parseDebugLocalResources UP-TO-DATE
> Task :expo:generateDebugRFile UP-TO-DATE
> Task :expo:javaPreCompileDebug UP-TO-DATE
> Task :expo:generateDebugAssets UP-TO-DATE
> Task :expo:mergeDebugAssets UP-TO-DATE
> Task :expo:writeDebugAarMetadata UP-TO-DATE
> Task :expo:extractDeepLinksDebug UP-TO-DATE
> Task :expo:processDebugManifest UP-TO-DATE
> Task :expo:mapDebugSourceSetPaths UP-TO-DATE
> Task :expo:compileDebugLibraryResources UP-TO-DATE
> Task :expo:mergeDebugJniLibFolders UP-TO-DATE
> Task :expo:mergeDebugNativeLibs NO-SOURCE
> Task :expo:copyDebugJniLibsProjectOnly UP-TO-DATE

> Task :expo-constants:createExpoConfig
The NODE_ENV environment variable is required but was not specified. Ensure the project is bundled with Expo CLI or NODE_ENV is set. Using only .env.local and .env

> Task :expo-constants:preBuild
> Task :app:preBuild
> Task :expo-constants:preDebugBuild
> Task :app:preDebugBuild
> Task :app:mergeDebugNativeDebugMetadata NO-SOURCE
> Task :expo-constants:processDebugNavigationResources UP-TO-DATE
> Task :expo-constants:checkKotlinGradlePluginConfigurationErrors SKIPPED
> Task :app:generateDebugBuildConfig UP-TO-DATE
> Task :expo-constants:generateDebugResources UP-TO-DATE
> Task :app:generateDebugResValues UP-TO-DATE
> Task :app:generateDebugResources UP-TO-DATE
> Task :app:packageDebugResources UP-TO-DATE
> Task :expo-constants:packageDebugResources UP-TO-DATE
> Task :expo-constants:parseDebugLocalResources UP-TO-DATE
> Task :expo-constants:generateDebugRFile UP-TO-DATE
> Task :expo-constants:javaPreCompileDebug UP-TO-DATE
> Task :expo-constants:generateDebugAssets UP-TO-DATE
> Task :expo-constants:mergeDebugAssets UP-TO-DATE
> Task :expo-constants:writeDebugAarMetadata UP-TO-DATE
> Task :expo-constants:extractDeepLinksDebug UP-TO-DATE
> Task :expo-constants:processDebugManifest UP-TO-DATE
> Task :expo-constants:mapDebugSourceSetPaths UP-TO-DATE
> Task :expo-constants:compileDebugLibraryResources UP-TO-DATE
> Task :expo-constants:mergeDebugJniLibFolders UP-TO-DATE
> Task :expo-constants:mergeDebugNativeLibs NO-SOURCE
> Task :expo-constants:copyDebugJniLibsProjectOnly UP-TO-DATE
> Task :app:processDebugNavigationResources UP-TO-DATE
> Task :app:parseDebugLocalResources UP-TO-DATE
> Task :app:generateDebugRFile UP-TO-DATE
> Task :app:javaPreCompileDebug UP-TO-DATE
> Task :app:generateDebugGlobalSynthetics UP-TO-DATE
> Task :app:checkDebugDuplicateClasses UP-TO-DATE
> Task :app:desugarDebugFileDependencies UP-TO-DATE
> Task :expo-modules-core:javaPreCompileDebug UP-TO-DATE
> Task :expo-modules-core:generateDebugAssets UP-TO-DATE
> Task :expo-modules-core:mergeDebugAssets UP-TO-DATE
> Task :expo-modules-core:writeDebugAarMetadata UP-TO-DATE
> Task :expo-modules-core:extractDeepLinksDebug UP-TO-DATE
> Task :expo-modules-core:processDebugManifest UP-TO-DATE
> Task :expo-modules-core:mapDebugSourceSetPaths UP-TO-DATE
> Task :expo-modules-core:compileDebugLibraryResources UP-TO-DATE
> Task :app:mergeExtDexDebug UP-TO-DATE
> Task :app:mergeDebugAssets UP-TO-DATE
> Task :app:compressDebugAssets UP-TO-DATE
> Task :expo-modules-core:configureCMakeDebug[arm64-v8a]
> Task :app:checkDebugAarMetadata UP-TO-DATE
> Task :app:mapDebugSourceSetPaths UP-TO-DATE
> Task :app:compileDebugNavigationResources UP-TO-DATE
> Task :app:mergeDebugResources UP-TO-DATE
> Task :app:createDebugCompatibleScreenManifests UP-TO-DATE
> Task :expo-modules-core:buildCMakeDebug[arm64-v8a]
> Task :app:extractDeepLinksDebug UP-TO-DATE
> Task :expo-modules-core:mergeDebugJniLibFolders UP-TO-DATE
> Task :expo-modules-core:mergeDebugNativeLibs UP-TO-DATE
> Task :expo-modules-core:copyDebugJniLibsProjectOnly UP-TO-DATE
> Task :app:processDebugMainManifest UP-TO-DATE
> Task :app:expoDebugOverrideMaxSdkConflicts UP-TO-DATE
> Task :app:processDebugManifest UP-TO-DATE
> Task :app:processDebugManifestForPackage UP-TO-DATE
> Task :app:processDebugResources UP-TO-DATE
> Task :app:configureCMakeDebug[arm64-v8a]
> Task :app:buildCMakeDebug[arm64-v8a]
> Task :app:mergeDebugJniLibFolders UP-TO-DATE
> Task :app:mergeDebugNativeLibs UP-TO-DATE
> Task :app:validateSigningDebug UP-TO-DATE
> Task :app:writeDebugAppMetadata UP-TO-DATE
> Task :app:writeDebugSigningConfigVersions UP-TO-DATE
> Task :app:stripDebugDebugSymbols

> Task :expo-modules-core:compileDebugKotlin
w: file:///Users/briones/.config/tuft/sessions/1788364493.114729/worktrees/agp-new-dsl/node_modules/expo-modules-core/android/src/main/java/expo/modules/kotlin/jni/CppType.kt:42:23 'class NativeArrayBuffer : Destructible' is deprecated. Use ArrayBuffer instead.
w: file:///Users/briones/.config/tuft/sessions/1788364493.114729/worktrees/agp-new-dsl/node_modules/expo-modules-core/android/src/main/java/expo/modules/kotlin/jni/JavaCallback.kt:38:10 'class NativeArrayBuffer : Destructible' is deprecated. Use ArrayBuffer instead.
w: file:///Users/briones/.config/tuft/sessions/1788364493.114729/worktrees/agp-new-dsl/node_modules/expo-modules-core/android/src/main/java/expo/modules/kotlin/jni/JavaCallback.kt:96:45 'class NativeArrayBuffer : Destructible' is deprecated. Use ArrayBuffer instead.
w: file:///Users/briones/.config/tuft/sessions/1788364493.114729/worktrees/agp-new-dsl/node_modules/expo-modules-core/android/src/main/java/expo/modules/kotlin/jni/NativeArrayBuffer.kt:49:15 'class NativeArrayBuffer : Destructible' is deprecated. Use ArrayBuffer instead.
w: file:///Users/briones/.config/tuft/sessions/1788364493.114729/worktrees/agp-new-dsl/node_modules/expo-modules-core/android/src/main/java/expo/modules/kotlin/jni/NativeArrayBuffer.kt:64:30 'class NativeArrayBuffer : Destructible' is deprecated. Use ArrayBuffer instead.
w: file:///Users/briones/.config/tuft/sessions/1788364493.114729/worktrees/agp-new-dsl/node_modules/expo-modules-core/android/src/main/java/expo/modules/kotlin/jni/NativeArrayBuffer.kt:66:14 'constructor(byteBuffer: ByteBuffer): NativeArrayBuffer' is deprecated. Use ArrayBuffer instead.
w: file:///Users/briones/.config/tuft/sessions/1788364493.114729/worktrees/agp-new-dsl/node_modules/expo-modules-core/android/src/main/java/expo/modules/kotlin/jni/NativeArrayBuffer.kt:74:39 'class NativeArrayBuffer : Destructible' is deprecated. Use ArrayBuffer instead.
w: file:///Users/briones/.config/tuft/sessions/1788364493.114729/worktrees/agp-new-dsl/node_modules/expo-modules-core/android/src/main/java/expo/modules/kotlin/jni/NativeArrayBuffer.kt:75:7 'constructor(byteBuffer: ByteBuffer): NativeArrayBuffer' is deprecated. Use ArrayBuffer instead.
w: file:///Users/briones/.config/tuft/sessions/1788364493.114729/worktrees/agp-new-dsl/node_modules/expo-modules-core/android/src/main/java/expo/modules/kotlin/jni/NativeArrayBuffer.kt:80:37 'class NativeArrayBuffer : Destructible' is deprecated. Use ArrayBuffer instead.
w: file:///Users/briones/.config/tuft/sessions/1788364493.114729/worktrees/agp-new-dsl/node_modules/expo-modules-core/android/src/main/java/expo/modules/kotlin/jni/NativeArrayBuffer.kt:86:47 'class NativeArrayBuffer : Destructible' is deprecated. Use ArrayBuffer instead.
w: file:///Users/briones/.config/tuft/sessions/1788364493.114729/worktrees/agp-new-dsl/node_modules/expo-modules-core/android/src/main/java/expo/modules/kotlin/jni/NativeArrayBuffer.kt:92:23 'class NativeArrayBuffer : Destructible' is deprecated. Use ArrayBuffer instead.
w: file:///Users/briones/.config/tuft/sessions/1788364493.114729/worktrees/agp-new-dsl/node_modules/expo-modules-core/android/src/main/java/expo/modules/kotlin/jni/NativeArrayBuffer.kt:92:43 'class NativeArrayBuffer : Destructible' is deprecated. Use ArrayBuffer instead.
w: file:///Users/briones/.config/tuft/sessions/1788364493.114729/worktrees/agp-new-dsl/node_modules/expo-modules-core/android/src/main/java/expo/modules/kotlin/jni/NativeArrayBuffer.kt:95:41 'class NativeArrayBuffer : Destructible' is deprecated. Use ArrayBuffer instead.
w: file:///Users/briones/.config/tuft/sessions/1788364493.114729/worktrees/agp-new-dsl/node_modules/expo-modules-core/android/src/main/java/expo/modules/kotlin/jni/NativeArrayBuffer.kt:105:14 'constructor(byteBuffer: ByteBuffer): NativeArrayBuffer' is deprecated. Use ArrayBuffer instead.
w: file:///Users/briones/.config/tuft/sessions/1788364493.114729/worktrees/agp-new-dsl/node_modules/expo-modules-core/android/src/main/java/expo/modules/kotlin/types/ColorCompat.kt:115:5 This annotation is currently applied to the value parameter only, but in the future it will also be applied to field.
- To opt in to applying to both value parameter and field, add '-Xannotation-default-target=param-property' to your compiler arguments.
- To keep applying to the value parameter only, use the '@param:' annotation target.

See https://youtrack.jetbrains.com/issue/KT-73255 for more details.
w: file:///Users/briones/.config/tuft/sessions/1788364493.114729/worktrees/agp-new-dsl/node_modules/expo-modules-core/android/src/main/java/expo/modules/kotlin/types/JSTypeConverter.kt:7:8 'class NativeArrayBuffer : Destructible' is deprecated. Use ArrayBuffer instead.
w: file:///Users/briones/.config/tuft/sessions/1788364493.114729/worktrees/agp-new-dsl/node_modules/expo-modules-core/android/src/main/java/expo/modules/kotlin/types/JSTypeConverter.kt:245:55 'class NativeArrayBuffer : Destructible' is deprecated. Use ArrayBuffer instead.
w: file:///Users/briones/.config/tuft/sessions/1788364493.114729/worktrees/agp-new-dsl/node_modules/expo-modules-core/android/src/main/java/expo/modules/kotlin/types/JSTypeConverter.kt:247:19 'class NativeArrayBuffer : Destructible' is deprecated. Use ArrayBuffer instead.
w: file:///Users/briones/.config/tuft/sessions/1788364493.114729/worktrees/agp-new-dsl/node_modules/expo-modules-core/android/src/main/java/expo/modules/kotlin/types/ReturnType.kt:6:8 'class NativeArrayBuffer : Destructible' is deprecated. Use ArrayBuffer instead.
w: file:///Users/briones/.config/tuft/sessions/1788364493.114729/worktrees/agp-new-dsl/node_modules/expo-modules-core/android/src/main/java/expo/modules/kotlin/types/ReturnType.kt:45:5 'class NativeArrayBuffer : Destructible' is deprecated. Use ArrayBuffer instead.
w: file:///Users/briones/.config/tuft/sessions/1788364493.114729/worktrees/agp-new-dsl/node_modules/expo-modules-core/android/src/main/java/expo/modules/kotlin/types/TypeConverterProvider.kt:19:8 'class NativeArrayBuffer : Destructible' is deprecated. Use ArrayBuffer instead.
w: file:///Users/briones/.config/tuft/sessions/1788364493.114729/worktrees/agp-new-dsl/node_modules/expo-modules-core/android/src/main/java/expo/modules/kotlin/types/TypeConverterProvider.kt:254:7 'class NativeArrayBuffer : Destructible' is deprecated. Use ArrayBuffer instead.

> Task :expo-modules-core:compileDebugJavaWithJavac
Note: Some input files use or override a deprecated API.
Note: Recompile with -Xlint:deprecation for details.

> Task :expo-modules-core:processDebugJavaRes
> Task :expo-modules-core:bundleLibCompileToJarDebug
> Task :expo-modules-core:bundleLibRuntimeToDirDebug
> Task :expo-image-loader:compileDebugKotlin
> Task :expo-image-loader:compileDebugJavaWithJavac UP-TO-DATE
> Task :expo-image-loader:bundleLibCompileToJarDebug
> Task :expo-image-loader:processDebugJavaRes
> Task :expo-image-loader:bundleLibRuntimeToDirDebug
> Task :expo-constants:compileDebugKotlin
> Task :expo-constants:compileDebugJavaWithJavac NO-SOURCE
> Task :expo-constants:bundleLibCompileToJarDebug
> Task :expo-log-box:compileDebugKotlin
> Task :expo-constants:processDebugJavaRes
> Task :expo-constants:bundleLibRuntimeToDirDebug
> Task :expo-log-box:compileDebugJavaWithJavac UP-TO-DATE
> Task :expo-log-box:processDebugJavaRes
> Task :expo-log-box:bundleLibCompileToJarDebug
> Task :expo-log-box:bundleLibRuntimeToDirDebug

> Task :expo-barcode-scanner:compileDebugKotlin FAILED
e: file:///Users/briones/.config/tuft/sessions/1788364493.114729/worktrees/agp-new-dsl/node_modules/expo-barcode-scanner/android/src/main/java/expo/modules/barcodescanner/BarCodeScannerModule.kt:10:32 Unresolved reference 'barcodescanner'.
e: file:///Users/briones/.config/tuft/sessions/1788364493.114729/worktrees/agp-new-dsl/node_modules/expo-barcode-scanner/android/src/main/java/expo/modules/barcodescanner/BarCodeScannerModule.kt:71:5 Cannot infer type for this parameter. Specify it explicitly.
e: file:///Users/briones/.config/tuft/sessions/1788364493.114729/worktrees/agp-new-dsl/node_modules/expo-barcode-scanner/android/src/main/java/expo/modules/barcodescanner/BarCodeScannerModule.kt:72:18 Unresolved reference 'imageLoader'.
e: file:///Users/briones/.config/tuft/sessions/1788364493.114729/worktrees/agp-new-dsl/node_modules/expo-barcode-scanner/android/src/main/java/expo/modules/barcodescanner/BarCodeScannerModule.kt:77:21 Unresolved reference 'setSettings'.
e: file:///Users/briones/.config/tuft/sessions/1788364493.114729/worktrees/agp-new-dsl/node_modules/expo-barcode-scanner/android/src/main/java/expo/modules/barcodescanner/BarCodeScannerModule.kt:78:15 Unresolved reference 'BarCodeScannerSettings'.
e: file:///Users/briones/.config/tuft/sessions/1788364493.114729/worktrees/agp-new-dsl/node_modules/expo-barcode-scanner/android/src/main/java/expo/modules/barcodescanner/BarCodeScannerModule.kt:78:40 Cannot infer type for this parameter. Specify it explicitly.
e: file:///Users/briones/.config/tuft/sessions/1788364493.114729/worktrees/agp-new-dsl/node_modules/expo-barcode-scanner/android/src/main/java/expo/modules/barcodescanner/BarCodeScannerModule.kt:78:46 Cannot infer type for this parameter. Specify it explicitly.
e: file:///Users/briones/.config/tuft/sessions/1788364493.114729/worktrees/agp-new-dsl/node_modules/expo-barcode-scanner/android/src/main/java/expo/modules/barcodescanner/BarCodeScannerModule.kt:79:17 Unresolved reference 'putTypes'.
e: file:///Users/briones/.config/tuft/sessions/1788364493.114729/worktrees/agp-new-dsl/node_modules/expo-barcode-scanner/android/src/main/java/expo/modules/barcodescanner/BarCodeScannerModule.kt:84:38 Unresolved reference 'scanMultiple'.
e: file:///Users/briones/.config/tuft/sessions/1788364493.114729/worktrees/agp-new-dsl/node_modules/expo-barcode-scanner/android/src/main/java/expo/modules/barcodescanner/BarCodeScannerModule.kt:85:49 Unresolved reference 'it'.
e: file:///Users/briones/.config/tuft/sessions/1788364493.114729/worktrees/agp-new-dsl/node_modules/expo-barcode-scanner/android/src/main/java/expo/modules/barcodescanner/BarCodeScannerModule.kt:86:64 Unresolved reference 'it'.
e: file:///Users/briones/.config/tuft/sessions/1788364493.114729/worktrees/agp-new-dsl/node_modules/expo-barcode-scanner/android/src/main/java/expo/modules/barcodescanner/BarCodeScannerModule.kt:115:26 Unresolved reference 'BarCodeScannerSettings'.
e: file:///Users/briones/.config/tuft/sessions/1788364493.114729/worktrees/agp-new-dsl/node_modules/expo-barcode-scanner/android/src/main/java/expo/modules/barcodescanner/BarCodeScannerModule.kt:115:51 Cannot infer type for this parameter. Specify it explicitly.
e: file:///Users/briones/.config/tuft/sessions/1788364493.114729/worktrees/agp-new-dsl/node_modules/expo-barcode-scanner/android/src/main/java/expo/modules/barcodescanner/BarCodeScannerModule.kt:115:57 Cannot infer type for this parameter. Specify it explicitly.
e: file:///Users/briones/.config/tuft/sessions/1788364493.114729/worktrees/agp-new-dsl/node_modules/expo-barcode-scanner/android/src/main/java/expo/modules/barcodescanner/BarCodeScannerModule.kt:116:13 Unresolved reference 'putTypes'.
e: file:///Users/briones/.config/tuft/sessions/1788364493.114729/worktrees/agp-new-dsl/node_modules/expo-barcode-scanner/android/src/main/java/expo/modules/barcodescanner/BarCodeScannerProvider.kt:5:32 Unresolved reference 'barcodescanner'.
e: file:///Users/briones/.config/tuft/sessions/1788364493.114729/worktrees/agp-new-dsl/node_modules/expo-barcode-scanner/android/src/main/java/expo/modules/barcodescanner/BarCodeScannerProvider.kt:6:32 Unresolved reference 'barcodescanner'.
e: file:///Users/briones/.config/tuft/sessions/1788364493.114729/worktrees/agp-new-dsl/node_modules/expo-barcode-scanner/android/src/main/java/expo/modules/barcodescanner/BarCodeScannerProvider.kt:9:48 Unresolved reference 'BarCodeScannerProviderInterface'.
e: file:///Users/briones/.config/tuft/sessions/1788364493.114729/worktrees/agp-new-dsl/node_modules/expo-barcode-scanner/android/src/main/java/expo/modules/barcodescanner/BarCodeScannerProvider.kt:10:16 Return type of 'getExportedInterfaces' is not a subtype of the return type of the overridden member 'fun getExportedInterfaces(): (Mutable)List<out (Class<Any!>..Class<*>?)>!' defined in 'expo/modules/core/interfaces/InternalModule'.
e: file:///Users/briones/.config/tuft/sessions/1788364493.114729/worktrees/agp-new-dsl/node_modules/expo-barcode-scanner/android/src/main/java/expo/modules/barcodescanner/BarCodeScannerProvider.kt:11:5 Cannot infer type for this parameter. Specify it explicitly.
e: file:///Users/briones/.config/tuft/sessions/1788364493.114729/worktrees/agp-new-dsl/node_modules/expo-barcode-scanner/android/src/main/java/expo/modules/barcodescanner/BarCodeScannerProvider.kt:11:12 Unresolved reference 'BarCodeScannerProviderInterface'.
e: file:///Users/briones/.config/tuft/sessions/1788364493.114729/worktrees/agp-new-dsl/node_modules/expo-barcode-scanner/android/src/main/java/expo/modules/barcodescanner/BarCodeScannerProvider.kt:11:12 Argument type mismatch: actual type is 'Class<uninferred T (of val <T> KClass<T>.java)>', but 'T#2 (of fun <T> listOf)' was expected.
e: file:///Users/briones/.config/tuft/sessions/1788364493.114729/worktrees/agp-new-dsl/node_modules/expo-barcode-scanner/android/src/main/java/expo/modules/barcodescanner/BarCodeScannerProvider.kt:11:51 Cannot infer type for this parameter. Specify it explicitly.
e: file:///Users/briones/.config/tuft/sessions/1788364493.114729/worktrees/agp-new-dsl/node_modules/expo-barcode-scanner/android/src/main/java/expo/modules/barcodescanner/BarCodeScannerProvider.kt:11:51 Unresolved reference. None of the following candidates is applicable because of a receiver type mismatch:
val <T> KClass<T>.java: Class<T>
e: file:///Users/briones/.config/tuft/sessions/1788364493.114729/worktrees/agp-new-dsl/node_modules/expo-barcode-scanner/android/src/main/java/expo/modules/barcodescanner/BarCodeScannerProvider.kt:13:3 'createBarCodeDetectorWithContext' overrides nothing.
e: file:///Users/briones/.config/tuft/sessions/1788364493.114729/worktrees/agp-new-dsl/node_modules/expo-barcode-scanner/android/src/main/java/expo/modules/barcodescanner/BarCodeScannerProvider.kt:13:68 Unresolved reference 'BarCodeScannerInterface'.
e: file:///Users/briones/.config/tuft/sessions/1788364493.114729/worktrees/agp-new-dsl/node_modules/expo-barcode-scanner/android/src/main/java/expo/modules/barcodescanner/BarCodeScannerView.kt:14:32 Unresolved reference 'barcodescanner'.
e: file:///Users/briones/.config/tuft/sessions/1788364493.114729/worktrees/agp-new-dsl/node_modules/expo-barcode-scanner/android/src/main/java/expo/modules/barcodescanner/BarCodeScannerView.kt:15:32 Unresolved reference 'barcodescanner'.
e: file:///Users/briones/.config/tuft/sessions/1788364493.114729/worktrees/agp-new-dsl/node_modules/expo-barcode-scanner/android/src/main/java/expo/modules/barcodescanner/BarCodeScannerView.kt:65:33 Unresolved reference 'BarCodeScannerResult'.
e: file:///Users/briones/.config/tuft/sessions/1788364493.114729/worktrees/agp-new-dsl/node_modules/expo-barcode-scanner/android/src/main/java/expo/modules/barcodescanner/BarCodeScannerView.kt:67:77 Unresolved reference 'cornerPoints'.
e: file:///Users/briones/.config/tuft/sessions/1788364493.114729/worktrees/agp-new-dsl/node_modules/expo-barcode-scanner/android/src/main/java/expo/modules/barcodescanner/BarCodeScannerView.kt:67:99 Unresolved reference 'boundingBox'.
e: file:///Users/briones/.config/tuft/sessions/1788364493.114729/worktrees/agp-new-dsl/node_modules/expo-barcode-scanner/android/src/main/java/expo/modules/barcodescanner/BarCodeScannerView.kt:71:24 Unresolved reference 'value'.
e: file:///Users/briones/.config/tuft/sessions/1788364493.114729/worktrees/agp-new-dsl/node_modules/expo-barcode-scanner/android/src/main/java/expo/modules/barcodescanner/BarCodeScannerView.kt:72:23 Unresolved reference 'raw'.
e: file:///Users/briones/.config/tuft/sessions/1788364493.114729/worktrees/agp-new-dsl/node_modules/expo-barcode-scanner/android/src/main/java/expo/modules/barcodescanner/BarCodeScannerView.kt:73:24 Unresolved reference 'type'.
e: file:///Users/briones/.config/tuft/sessions/1788364493.114729/worktrees/agp-new-dsl/node_modules/expo-barcode-scanner/android/src/main/java/expo/modules/barcodescanner/BarCodeScannerView.kt:83:71 Unresolved reference 'BarCodeScannerResult'.
e: file:///Users/briones/.config/tuft/sessions/1788364493.114729/worktrees/agp-new-dsl/node_modules/expo-barcode-scanner/android/src/main/java/expo/modules/barcodescanner/BarCodeScannerView.kt:84:32 Unresolved reference 'cornerPoints'.
e: file:///Users/briones/.config/tuft/sessions/1788364493.114729/worktrees/agp-new-dsl/node_modules/expo-barcode-scanner/android/src/main/java/expo/modules/barcodescanner/BarCodeScannerView.kt:90:35 Unresolved reference 'referenceImageHeight'.
e: file:///Users/briones/.config/tuft/sessions/1788364493.114729/worktrees/agp-new-dsl/node_modules/expo-barcode-scanner/android/src/main/java/expo/modules/barcodescanner/BarCodeScannerView.kt:90:58 Cannot infer type for this parameter. Specify it explicitly.
e: file:///Users/briones/.config/tuft/sessions/1788364493.114729/worktrees/agp-new-dsl/node_modules/expo-barcode-scanner/android/src/main/java/expo/modules/barcodescanner/BarCodeScannerView.kt:93:35 Unresolved reference 'referenceImageWidth'.
e: file:///Users/briones/.config/tuft/sessions/1788364493.114729/worktrees/agp-new-dsl/node_modules/expo-barcode-scanner/android/src/main/java/expo/modules/barcodescanner/BarCodeScannerView.kt:93:57 Cannot infer type for this parameter. Specify it explicitly.
e: file:///Users/briones/.config/tuft/sessions/1788364493.114729/worktrees/agp-new-dsl/node_modules/expo-barcode-scanner/android/src/main/java/expo/modules/barcodescanner/BarCodeScannerView.kt:97:8 Cannot infer type for this parameter. Specify it explicitly.
e: file:///Users/briones/.config/tuft/sessions/1788364493.114729/worktrees/agp-new-dsl/node_modules/expo-barcode-scanner/android/src/main/java/expo/modules/barcodescanner/BarCodeScannerView.kt:97:50 Unresolved reference 'referenceImageWidth'.
e: file:///Users/briones/.config/tuft/sessions/1788364493.114729/worktrees/agp-new-dsl/node_modules/expo-barcode-scanner/android/src/main/java/expo/modules/barcodescanner/BarCodeScannerView.kt:101:8 Cannot infer type for this parameter. Specify it explicitly.
e: file:///Users/briones/.config/tuft/sessions/1788364493.114729/worktrees/agp-new-dsl/node_modules/expo-barcode-scanner/android/src/main/java/expo/modules/barcodescanner/BarCodeScannerView.kt:101:51 Unresolved reference 'referenceImageHeight'.
e: file:///Users/briones/.config/tuft/sessions/1788364493.114729/worktrees/agp-new-dsl/node_modules/expo-barcode-scanner/android/src/main/java/expo/modules/barcodescanner/BarCodeScannerView.kt:104:13 Unresolved reference 'referenceImageHeight'.
e: file:///Users/briones/.config/tuft/sessions/1788364493.114729/worktrees/agp-new-dsl/node_modules/expo-barcode-scanner/android/src/main/java/expo/modules/barcodescanner/BarCodeScannerView.kt:105:13 Unresolved reference 'referenceImageWidth'.
e: file:///Users/briones/.config/tuft/sessions/1788364493.114729/worktrees/agp-new-dsl/node_modules/expo-barcode-scanner/android/src/main/java/expo/modules/barcodescanner/BarCodeScannerView.kt:106:13 Unresolved reference 'cornerPoints'.
e: file:///Users/briones/.config/tuft/sessions/1788364493.114729/worktrees/agp-new-dsl/node_modules/expo-barcode-scanner/android/src/main/java/expo/modules/barcodescanner/BarCodeScannerView.kt:111:18 Unresolved reference 'BarCodeScannerResult'.
e: file:///Users/briones/.config/tuft/sessions/1788364493.114729/worktrees/agp-new-dsl/node_modules/expo-barcode-scanner/android/src/main/java/expo/modules/barcodescanner/BarCodeScannerView.kt:129:37 Unresolved reference 'x'.
e: file:///Users/briones/.config/tuft/sessions/1788364493.114729/worktrees/agp-new-dsl/node_modules/expo-barcode-scanner/android/src/main/java/expo/modules/barcodescanner/BarCodeScannerView.kt:130:37 Unresolved reference 'y'.
e: file:///Users/briones/.config/tuft/sessions/1788364493.114729/worktrees/agp-new-dsl/node_modules/expo-barcode-scanner/android/src/main/java/expo/modules/barcodescanner/BarCodeScannerView.kt:136:41 Unresolved reference 'width'.
e: file:///Users/briones/.config/tuft/sessions/1788364493.114729/worktrees/agp-new-dsl/node_modules/expo-barcode-scanner/android/src/main/java/expo/modules/barcodescanner/BarCodeScannerView.kt:137:42 Unresolved reference 'height'.
e: file:///Users/briones/.config/tuft/sessions/1788364493.114729/worktrees/agp-new-dsl/node_modules/expo-barcode-scanner/android/src/main/java/expo/modules/barcodescanner/BarCodeScannerView.kt:150:43 Unresolved reference 'BarCodeScannerSettings'.
e: file:///Users/briones/.config/tuft/sessions/1788364493.114729/worktrees/agp-new-dsl/node_modules/expo-barcode-scanner/android/src/main/java/expo/modules/barcodescanner/BarCodeScannerViewFinder.kt:12:32 Unresolved reference 'barcodescanner'.
e: file:///Users/briones/.config/tuft/sessions/1788364493.114729/worktrees/agp-new-dsl/node_modules/expo-barcode-scanner/android/src/main/java/expo/modules/barcodescanner/BarCodeScannerViewFinder.kt:13:32 Unresolved reference 'barcodescanner'.
e: file:///Users/briones/.config/tuft/sessions/1788364493.114729/worktrees/agp-new-dsl/node_modules/expo-barcode-scanner/android/src/main/java/expo/modules/barcodescanner/BarCodeScannerViewFinder.kt:14:32 Unresolved reference 'barcodescanner'.
e: file:///Users/briones/.config/tuft/sessions/1788364493.114729/worktrees/agp-new-dsl/node_modules/expo-barcode-scanner/android/src/main/java/expo/modules/barcodescanner/BarCodeScannerViewFinder.kt:44:31 Unresolved reference 'BarCodeScannerInterface'.
e: file:///Users/briones/.config/tuft/sessions/1788364493.114729/worktrees/agp-new-dsl/node_modules/expo-barcode-scanner/android/src/main/java/expo/modules/barcodescanner/BarCodeScannerViewFinder.kt:166:58 Unresolved reference 'BarCodeScannerProviderInterface'.
e: file:///Users/briones/.config/tuft/sessions/1788364493.114729/worktrees/agp-new-dsl/node_modules/expo-barcode-scanner/android/src/main/java/expo/modules/barcodescanner/BarCodeScannerViewFinder.kt:167:46 Unresolved reference 'createBarCodeDetectorWithContext'.
e: file:///Users/briones/.config/tuft/sessions/1788364493.114729/worktrees/agp-new-dsl/node_modules/expo-barcode-scanner/android/src/main/java/expo/modules/barcodescanner/BarCodeScannerViewFinder.kt:177:43 Unresolved reference 'BarCodeScannerSettings'.
e: file:///Users/briones/.config/tuft/sessions/1788364493.114729/worktrees/agp-new-dsl/node_modules/expo-barcode-scanner/android/src/main/java/expo/modules/barcodescanner/BarCodeScannerViewFinder.kt:178:21 Unresolved reference 'setSettings'.
e: file:///Users/briones/.config/tuft/sessions/1788364493.114729/worktrees/agp-new-dsl/node_modules/expo-barcode-scanner/android/src/main/java/expo/modules/barcodescanner/scanners/ExpoBarCodeScanner.kt:4:32 Unresolved reference 'barcodescanner'.
e: file:///Users/briones/.config/tuft/sessions/1788364493.114729/worktrees/agp-new-dsl/node_modules/expo-barcode-scanner/android/src/main/java/expo/modules/barcodescanner/scanners/ExpoBarCodeScanner.kt:5:32 Unresolved reference 'barcodescanner'.
e: file:///Users/briones/.config/tuft/sessions/1788364493.114729/worktrees/agp-new-dsl/node_modules/expo-barcode-scanner/android/src/main/java/expo/modules/barcodescanner/scanners/ExpoBarCodeScanner.kt:7:91 Unresolved reference 'BarCodeScannerInterface'.
e: file:///Users/briones/.config/tuft/sessions/1788364493.114729/worktrees/agp-new-dsl/node_modules/expo-barcode-scanner/android/src/main/java/expo/modules/barcodescanner/scanners/ExpoBarCodeScanner.kt:25:47 Unresolved reference 'BarCodeScannerSettings'.
e: file:///Users/briones/.config/tuft/sessions/1788364493.114729/worktrees/agp-new-dsl/node_modules/expo-barcode-scanner/android/src/main/java/expo/modules/barcodescanner/scanners/ExpoBarCodeScanner.kt:26:42 Unresolved reference 'types'.
e: file:///Users/briones/.config/tuft/sessions/1788364493.114729/worktrees/agp-new-dsl/node_modules/expo-barcode-scanner/android/src/main/java/expo/modules/barcodescanner/scanners/MLKitBarCodeScanner.kt:11:32 Unresolved reference 'barcodescanner'.
e: file:///Users/briones/.config/tuft/sessions/1788364493.114729/worktrees/agp-new-dsl/node_modules/expo-barcode-scanner/android/src/main/java/expo/modules/barcodescanner/scanners/MLKitBarCodeScanner.kt:12:32 Unresolved reference 'barcodescanner'.
e: file:///Users/briones/.config/tuft/sessions/1788364493.114729/worktrees/agp-new-dsl/node_modules/expo-barcode-scanner/android/src/main/java/expo/modules/barcodescanner/scanners/MLKitBarCodeScanner.kt:27:3 'scan' overrides nothing.
e: file:///Users/briones/.config/tuft/sessions/1788364493.114729/worktrees/agp-new-dsl/node_modules/expo-barcode-scanner/android/src/main/java/expo/modules/barcodescanner/scanners/MLKitBarCodeScanner.kt:30:17 Cannot infer type for this parameter. Specify it explicitly.
e: file:///Users/briones/.config/tuft/sessions/1788364493.114729/worktrees/agp-new-dsl/node_modules/expo-barcode-scanner/android/src/main/java/expo/modules/barcodescanner/scanners/MLKitBarCodeScanner.kt:30:17 Unresolved reference. None of the following candidates is applicable because of a receiver type mismatch:
fun <T> Collection<T>.isNotEmpty(): Boolean
e: file:///Users/briones/.config/tuft/sessions/1788364493.114729/worktrees/agp-new-dsl/node_modules/expo-barcode-scanner/android/src/main/java/expo/modules/barcodescanner/scanners/MLKitBarCodeScanner.kt:36:3 'scanMultiple' overrides nothing.
e: file:///Users/briones/.config/tuft/sessions/1788364493.114729/worktrees/agp-new-dsl/node_modules/expo-barcode-scanner/android/src/main/java/expo/modules/barcodescanner/scanners/MLKitBarCodeScanner.kt:36:51 Unresolved reference 'BarCodeScannerResult'.
e: file:///Users/briones/.config/tuft/sessions/1788364493.114729/worktrees/agp-new-dsl/node_modules/expo-barcode-scanner/android/src/main/java/expo/modules/barcodescanner/scanners/MLKitBarCodeScanner.kt:41:58 Unresolved reference 'BarCodeScannerResult'.
e: file:///Users/briones/.config/tuft/sessions/1788364493.114729/worktrees/agp-new-dsl/node_modules/expo-barcode-scanner/android/src/main/java/expo/modules/barcodescanner/scanners/MLKitBarCodeScanner.kt:41:82 Cannot infer type for this parameter. Specify it explicitly.
e: file:///Users/briones/.config/tuft/sessions/1788364493.114729/worktrees/agp-new-dsl/node_modules/expo-barcode-scanner/android/src/main/java/expo/modules/barcodescanner/scanners/MLKitBarCodeScanner.kt:44:35 Unresolved reference 'BarCodeScannerResult'.
e: file:///Users/briones/.config/tuft/sessions/1788364493.114729/worktrees/agp-new-dsl/node_modules/expo-barcode-scanner/android/src/main/java/expo/modules/barcodescanner/scanners/MLKitBarCodeScanner.kt:62:21 Unresolved reference 'BarCodeScannerResult'.
e: file:///Users/briones/.config/tuft/sessions/1788364493.114729/worktrees/agp-new-dsl/node_modules/expo-barcode-scanner/android/src/main/java/expo/modules/barcodescanner/scanners/MLKitBarCodeScanner.kt:67:26 Cannot infer type for this parameter. Specify it explicitly.
e: file:///Users/briones/.config/tuft/sessions/1788364493.114729/worktrees/agp-new-dsl/node_modules/expo-barcode-scanner/android/src/main/java/expo/modules/barcodescanner/scanners/MLKitBarCodeScanner.kt:67:26 Return type mismatch: expected 'MutableList<uninferred ERROR CLASS: Cannot infer argument for type parameter T>', actual 'List<uninferred T (of fun <T> emptyList)>'.
e: file:///Users/briones/.config/tuft/sessions/1788364493.114729/worktrees/agp-new-dsl/node_modules/expo-barcode-scanner/android/src/main/java/expo/modules/barcodescanner/scanners/MLKitBarCodeScanner.kt:71:3 'setSettings' overrides nothing.
e: file:///Users/briones/.config/tuft/sessions/1788364493.114729/worktrees/agp-new-dsl/node_modules/expo-barcode-scanner/android/src/main/java/expo/modules/barcodescanner/scanners/MLKitBarCodeScanner.kt:71:38 Unresolved reference 'BarCodeScannerSettings'.
e: file:///Users/briones/.config/tuft/sessions/1788364493.114729/worktrees/agp-new-dsl/node_modules/expo-barcode-scanner/android/src/main/java/expo/modules/barcodescanner/utils/BarCodeScannerResultSerializer.kt:5:32 Unresolved reference 'barcodescanner'.
e: file:///Users/briones/.config/tuft/sessions/1788364493.114729/worktrees/agp-new-dsl/node_modules/expo-barcode-scanner/android/src/main/java/expo/modules/barcodescanner/utils/BarCodeScannerResultSerializer.kt:6:32 Unresolved reference 'barcodescanner'.
e: file:///Users/briones/.config/tuft/sessions/1788364493.114729/worktrees/agp-new-dsl/node_modules/expo-barcode-scanner/android/src/main/java/expo/modules/barcodescanner/utils/BarCodeScannerResultSerializer.kt:9:24 Unresolved reference 'BarCodeScannerResult'.
e: file:///Users/briones/.config/tuft/sessions/1788364493.114729/worktrees/agp-new-dsl/node_modules/expo-barcode-scanner/android/src/main/java/expo/modules/barcodescanner/utils/BarCodeScannerResultSerializer.kt:11:32 Unresolved reference 'value'.
e: file:///Users/briones/.config/tuft/sessions/1788364493.114729/worktrees/agp-new-dsl/node_modules/expo-barcode-scanner/android/src/main/java/expo/modules/barcodescanner/utils/BarCodeScannerResultSerializer.kt:12:31 Unresolved reference 'raw'.
e: file:///Users/briones/.config/tuft/sessions/1788364493.114729/worktrees/agp-new-dsl/node_modules/expo-barcode-scanner/android/src/main/java/expo/modules/barcodescanner/utils/BarCodeScannerResultSerializer.kt:13:29 Unresolved reference 'type'.
e: file:///Users/briones/.config/tuft/sessions/1788364493.114729/worktrees/agp-new-dsl/node_modules/expo-barcode-scanner/android/src/main/java/expo/modules/barcodescanner/utils/BarCodeScannerResultSerializer.kt:14:77 Unresolved reference 'cornerPoints'.
e: file:///Users/briones/.config/tuft/sessions/1788364493.114729/worktrees/agp-new-dsl/node_modules/expo-barcode-scanner/android/src/main/java/expo/modules/barcodescanner/utils/BarCodeScannerResultSerializer.kt:14:98 Unresolved reference 'boundingBox'.
e: file:///Users/briones/.config/tuft/sessions/1788364493.114729/worktrees/agp-new-dsl/node_modules/expo-barcode-scanner/android/src/main/java/expo/modules/barcodescanner/utils/BarCodeScannerResultSerializer.kt:21:18 Unresolved reference 'BoundingBox'.
e: file:///Users/briones/.config/tuft/sessions/1788364493.114729/worktrees/agp-new-dsl/node_modules/expo-barcode-scanner/android/src/main/java/expo/modules/barcodescanner/utils/BarCodeScannerResultSerializer.kt:32:52 Unresolved reference 'x'.
e: file:///Users/briones/.config/tuft/sessions/1788364493.114729/worktrees/agp-new-dsl/node_modules/expo-barcode-scanner/android/src/main/java/expo/modules/barcodescanner/utils/BarCodeScannerResultSerializer.kt:32:87 Unresolved reference 'y'.
e: file:///Users/briones/.config/tuft/sessions/1788364493.114729/worktrees/agp-new-dsl/node_modules/expo-barcode-scanner/android/src/main/java/expo/modules/barcodescanner/utils/BarCodeScannerResultSerializer.kt:33:49 Unresolved reference 'width'.
e: file:///Users/briones/.config/tuft/sessions/1788364493.114729/worktrees/agp-new-dsl/node_modules/expo-barcode-scanner/android/src/main/java/expo/modules/barcodescanner/utils/BarCodeScannerResultSerializer.kt:33:88 Unresolved reference 'height'.

[Incubating] Problems report is available at: file:///Users/briones/.config/tuft/sessions/1788364493.114729/worktrees/agp-new-dsl/android/build/reports/problems/problems-report.html

FAILURE: Build failed with an exception.

* What went wrong:
Execution failed for task ':expo-barcode-scanner:compileDebugKotlin'.
> A failure occurred while executing org.jetbrains.kotlin.compilerRunner.GradleCompilerRunnerWithWorkers$GradleKotlinCompilerWorkAction
   > Compilation error. See log for more details

* Try:
> Run with --stacktrace option to get the stack trace.
> Run with --info or --debug option to get more log output.
> Run with --scan to get full insights from a Build Scan (powered by Develocity).
> Get more help at https://help.gradle.org.

Deprecated Gradle features were used in this build, making it incompatible with Gradle 10.

You can use '--warning-mode all' to show the individual deprecation warnings and determine if they come from your own scripts or plugins.

For more on this, please refer to https://docs.gradle.org/9.4.1/userguide/command_line_interface.html#sec:command_line_warnings in the Gradle documentation.

BUILD FAILED in 6s
176 actionable tasks: 25 executed, 151 up-to-date
yarn remove v1.22.22
[1/2] Removing module expo-barcode-scanner...
[2/2] Regenerating lockfile and installing missing dependencies...
warning "expo > babel-preset-expo > @babel/plugin-proposal-decorators@7.29.7" has unmet peer dependency "@babel/core@^7.0.0-0".
warning "expo > babel-preset-expo > @babel/plugin-proposal-export-default-from@7.29.7" has unmet peer dependency "@babel/core@^7.0.0-0".
warning "expo > babel-preset-expo > @babel/plugin-syntax-dynamic-import@7.8.3" has unmet peer dependency "@babel/core@^7.0.0-0".
warning "expo > babel-preset-expo > @babel/plugin-syntax-export-default-from@7.29.7" has unmet peer dependency "@babel/core@^7.0.0-0".
warning "expo > babel-preset-expo > @babel/plugin-syntax-nullish-coalescing-operator@7.8.3" has unmet peer dependency "@babel/core@^7.0.0-0".
warning "expo > babel-preset-expo > @babel/plugin-syntax-optional-chaining@7.8.3" has unmet peer dependency "@babel/core@^7.0.0-0".
warning "expo > babel-preset-expo > @babel/plugin-transform-async-generator-functions@7.29.7" has unmet peer dependency "@babel/core@^7.0.0-0".
warning "expo > babel-preset-expo > @babel/plugin-transform-async-to-generator@7.29.7" has unmet peer dependency "@babel/core@^7.0.0-0".
warning "expo > babel-preset-expo > @babel/plugin-transform-block-scoping@7.29.7" has unmet peer dependency "@babel/core@^7.0.0-0".
warning "expo > babel-preset-expo > @babel/plugin-transform-class-properties@7.29.7" has unmet peer dependency "@babel/core@^7.0.0-0".
warning "expo > babel-preset-expo > @babel/plugin-transform-class-static-block@7.29.7" has unmet peer dependency "@babel/core@^7.12.0".
warning "expo > babel-preset-expo > @babel/plugin-transform-classes@7.29.7" has unmet peer dependency "@babel/core@^7.0.0-0".
warning "expo > babel-preset-expo > @babel/plugin-transform-destructuring@7.29.7" has unmet peer dependency "@babel/core@^7.0.0-0".
warning "expo > babel-preset-expo > @babel/plugin-transform-export-namespace-from@7.29.7" has unmet peer dependency "@babel/core@^7.0.0-0".
warning "expo > babel-preset-expo > @babel/plugin-transform-flow-strip-types@7.29.7" has unmet peer dependency "@babel/core@^7.0.0-0".
warning "expo > babel-preset-expo > @babel/plugin-transform-for-of@7.29.7" has unmet peer dependency "@babel/core@^7.0.0-0".
warning "expo > babel-preset-expo > @babel/plugin-transform-logical-assignment-operators@7.29.7" has unmet peer dependency "@babel/core@^7.0.0-0".
warning "expo > babel-preset-expo > @babel/plugin-transform-modules-commonjs@7.29.7" has unmet peer dependency "@babel/core@^7.0.0-0".
warning "expo > babel-preset-expo > @babel/plugin-transform-named-capturing-groups-regex@7.29.7" has unmet peer dependency "@babel/core@^7.0.0".
warning "expo > babel-preset-expo > @babel/plugin-transform-nullish-coalescing-operator@7.29.7" has unmet peer dependency "@babel/core@^7.0.0-0".
warning "expo > babel-preset-expo > @babel/plugin-transform-object-rest-spread@7.29.7" has unmet peer dependency "@babel/core@^7.0.0-0".
warning "expo > babel-preset-expo > @babel/plugin-transform-optional-catch-binding@7.29.7" has unmet peer dependency "@babel/core@^7.0.0-0".
warning "expo > babel-preset-expo > @babel/plugin-transform-optional-chaining@7.29.7" has unmet peer dependency "@babel/core@^7.0.0-0".
warning "expo > babel-preset-expo > @babel/plugin-transform-parameters@7.29.7" has unmet peer dependency "@babel/core@^7.0.0-0".
warning "expo > babel-preset-expo > @babel/plugin-transform-private-methods@7.29.7" has unmet peer dependency "@babel/core@^7.0.0-0".
warning "expo > babel-preset-expo > @babel/plugin-transform-private-property-in-object@7.29.7" has unmet peer dependency "@babel/core@^7.0.0-0".
warning "expo > babel-preset-expo > @babel/plugin-transform-react-display-name@7.29.7" has unmet peer dependency "@babel/core@^7.0.0-0".
warning "expo > babel-preset-expo > @babel/plugin-transform-react-jsx@7.29.7" has unmet peer dependency "@babel/core@^7.0.0-0".
warning "expo > babel-preset-expo > @babel/plugin-transform-react-jsx-development@7.29.7" has unmet peer dependency "@babel/core@^7.0.0-0".
warning "expo > babel-preset-expo > @babel/plugin-transform-react-pure-annotations@7.29.7" has unmet peer dependency "@babel/core@^7.0.0-0".
warning "expo > babel-preset-expo > @babel/plugin-transform-runtime@7.29.7" has unmet peer dependency "@babel/core@^7.0.0-0".
warning "expo > babel-preset-expo > @babel/plugin-transform-typescript@7.29.7" has unmet peer dependency "@babel/core@^7.0.0-0".
warning "expo > babel-preset-expo > @babel/plugin-transform-unicode-regex@7.29.7" has unmet peer dependency "@babel/core@^7.0.0-0".
warning "expo > babel-preset-expo > @babel/preset-typescript@7.29.7" has unmet peer dependency "@babel/core@^7.0.0-0".
warning "expo > babel-preset-expo > @babel/plugin-proposal-decorators > @babel/helper-create-class-features-plugin@7.29.7" has unmet peer dependency "@babel/core@^7.0.0".
warning "expo > babel-preset-expo > @babel/plugin-proposal-decorators > @babel/plugin-syntax-decorators@7.29.7" has unmet peer dependency "@babel/core@^7.0.0-0".
warning "expo > babel-preset-expo > @babel/plugin-transform-async-generator-functions > @babel/helper-remap-async-to-generator@7.29.7" has unmet peer dependency "@babel/core@^7.0.0".
warning "expo > babel-preset-expo > @babel/plugin-transform-classes > @babel/helper-replace-supers@7.29.7" has unmet peer dependency "@babel/core@^7.0.0".
warning "expo > babel-preset-expo > @babel/plugin-transform-flow-strip-types > @babel/plugin-syntax-flow@7.29.7" has unmet peer dependency "@babel/core@^7.0.0-0".
warning "expo > babel-preset-expo > @babel/plugin-transform-named-capturing-groups-regex > @babel/helper-create-regexp-features-plugin@7.29.7" has unmet peer dependency "@babel/core@^7.0.0".
warning "expo > babel-preset-expo > @babel/plugin-transform-react-jsx > @babel/plugin-syntax-jsx@7.29.7" has unmet peer dependency "@babel/core@^7.0.0-0".
warning "expo > babel-preset-expo > @babel/plugin-transform-runtime > babel-plugin-polyfill-corejs2@0.4.17" has unmet peer dependency "@babel/core@^7.4.0 || ^8.0.0-0 <8.0.0".
warning "expo > babel-preset-expo > @babel/plugin-transform-runtime > babel-plugin-polyfill-corejs3@0.13.0" has unmet peer dependency "@babel/core@^7.4.0 || ^8.0.0-0 <8.0.0".
warning "expo > babel-preset-expo > @babel/plugin-transform-runtime > babel-plugin-polyfill-regenerator@0.6.8" has unmet peer dependency "@babel/core@^7.4.0 || ^8.0.0-0 <8.0.0".
warning "expo > babel-preset-expo > @babel/plugin-transform-typescript > @babel/plugin-syntax-typescript@7.29.7" has unmet peer dependency "@babel/core@^7.0.0-0".
warning "react-native > @react-native/codegen@0.87.0" has unmet peer dependency "@babel/core@*".
warning "expo > babel-preset-expo > @babel/plugin-transform-runtime > babel-plugin-polyfill-corejs2 > @babel/helper-define-polyfill-provider@0.6.8" has unmet peer dependency "@babel/core@^7.4.0 || ^8.0.0-0 <8.0.0".
success Uninstalled packages.
Done in 0.95s.
