Dependency validation might be unreliable when using canary SDK versions
› Installing 1 other package using yarn
> yarn add react-native-webgpu
yarn add v1.22.22
[1/4] Resolving packages...
[2/4] Fetching packages...
[3/4] Linking dependencies...
warning "expo > babel-preset-expo > @babel/plugin-proposal-decorators@7.29.7" has unmet peer dependency "@babel/core@^7.0.0-0".
warning "expo > babel-preset-expo > @babel/plugin-proposal-export-default-from@7.29.7" has unmet peer dependency "@babel/core@^7.0.0-0".
warning "expo > babel-preset-expo > @babel/plugin-syntax-dynamic-import@7.8.3" has unmet peer dependency "@babel/core@^7.0.0-0".
warning "expo > babel-preset-expo > @babel/plugin-syntax-export-default-from@7.29.7" has unmet peer dependency "@babel/core@^7.0.0-0".
warning "expo > babel-preset-expo > @babel/plugin-syntax-nullish-coalescing-operator@7.8.3" has unmet peer dependency "@babel/core@^7.0.0-0".
warning "expo > babel-preset-expo > @babel/plugin-syntax-optional-chaining@7.8.3" has unmet peer dependency "@babel/core@^7.0.0-0".
warning "expo > babel-preset-expo > @babel/plugin-transform-async-generator-functions@7.29.7" has unmet peer dependency "@babel/core@^7.0.0-0".
warning "expo > babel-preset-expo > @babel/plugin-transform-async-to-generator@7.29.7" has unmet peer dependency "@babel/core@^7.0.0-0".
warning "expo > babel-preset-expo > @babel/plugin-transform-block-scoping@7.29.7" has unmet peer dependency "@babel/core@^7.0.0-0".
warning "expo > babel-preset-expo > @babel/plugin-transform-class-properties@7.29.7" has unmet peer dependency "@babel/core@^7.0.0-0".
warning "expo > babel-preset-expo > @babel/plugin-transform-class-static-block@7.29.7" has unmet peer dependency "@babel/core@^7.12.0".
warning "expo > babel-preset-expo > @babel/plugin-transform-classes@7.29.7" has unmet peer dependency "@babel/core@^7.0.0-0".
warning "expo > babel-preset-expo > @babel/plugin-transform-destructuring@7.29.7" has unmet peer dependency "@babel/core@^7.0.0-0".
warning "expo > babel-preset-expo > @babel/plugin-transform-export-namespace-from@7.29.7" has unmet peer dependency "@babel/core@^7.0.0-0".
warning "expo > babel-preset-expo > @babel/plugin-transform-flow-strip-types@7.29.7" has unmet peer dependency "@babel/core@^7.0.0-0".
warning "expo > babel-preset-expo > @babel/plugin-transform-for-of@7.29.7" has unmet peer dependency "@babel/core@^7.0.0-0".
warning "expo > babel-preset-expo > @babel/plugin-transform-logical-assignment-operators@7.29.7" has unmet peer dependency "@babel/core@^7.0.0-0".
warning "expo > babel-preset-expo > @babel/plugin-transform-modules-commonjs@7.29.7" has unmet peer dependency "@babel/core@^7.0.0-0".
warning "expo > babel-preset-expo > @babel/plugin-transform-named-capturing-groups-regex@7.29.7" has unmet peer dependency "@babel/core@^7.0.0".
warning "expo > babel-preset-expo > @babel/plugin-transform-nullish-coalescing-operator@7.29.7" has unmet peer dependency "@babel/core@^7.0.0-0".
warning "expo > babel-preset-expo > @babel/plugin-transform-object-rest-spread@7.29.7" has unmet peer dependency "@babel/core@^7.0.0-0".
warning "expo > babel-preset-expo > @babel/plugin-transform-optional-catch-binding@7.29.7" has unmet peer dependency "@babel/core@^7.0.0-0".
warning "expo > babel-preset-expo > @babel/plugin-transform-optional-chaining@7.29.7" has unmet peer dependency "@babel/core@^7.0.0-0".
warning "expo > babel-preset-expo > @babel/plugin-transform-parameters@7.29.7" has unmet peer dependency "@babel/core@^7.0.0-0".
warning "expo > babel-preset-expo > @babel/plugin-transform-private-methods@7.29.7" has unmet peer dependency "@babel/core@^7.0.0-0".
warning "expo > babel-preset-expo > @babel/plugin-transform-private-property-in-object@7.29.7" has unmet peer dependency "@babel/core@^7.0.0-0".
warning "expo > babel-preset-expo > @babel/plugin-transform-react-display-name@7.29.7" has unmet peer dependency "@babel/core@^7.0.0-0".
warning "expo > babel-preset-expo > @babel/plugin-transform-react-jsx@7.29.7" has unmet peer dependency "@babel/core@^7.0.0-0".
warning "expo > babel-preset-expo > @babel/plugin-transform-react-jsx-development@7.29.7" has unmet peer dependency "@babel/core@^7.0.0-0".
warning "expo > babel-preset-expo > @babel/plugin-transform-react-pure-annotations@7.29.7" has unmet peer dependency "@babel/core@^7.0.0-0".
warning "expo > babel-preset-expo > @babel/plugin-transform-runtime@7.29.7" has unmet peer dependency "@babel/core@^7.0.0-0".
warning "expo > babel-preset-expo > @babel/plugin-transform-typescript@7.29.7" has unmet peer dependency "@babel/core@^7.0.0-0".
warning "expo > babel-preset-expo > @babel/plugin-transform-unicode-regex@7.29.7" has unmet peer dependency "@babel/core@^7.0.0-0".
warning "expo > babel-preset-expo > @babel/preset-typescript@7.29.7" has unmet peer dependency "@babel/core@^7.0.0-0".
warning "expo > babel-preset-expo > @babel/plugin-proposal-decorators > @babel/helper-create-class-features-plugin@7.29.7" has unmet peer dependency "@babel/core@^7.0.0".
warning "expo > babel-preset-expo > @babel/plugin-proposal-decorators > @babel/plugin-syntax-decorators@7.29.7" has unmet peer dependency "@babel/core@^7.0.0-0".
warning "expo > babel-preset-expo > @babel/plugin-transform-async-generator-functions > @babel/helper-remap-async-to-generator@7.29.7" has unmet peer dependency "@babel/core@^7.0.0".
warning "expo > babel-preset-expo > @babel/plugin-transform-classes > @babel/helper-replace-supers@7.29.7" has unmet peer dependency "@babel/core@^7.0.0".
warning "expo > babel-preset-expo > @babel/plugin-transform-flow-strip-types > @babel/plugin-syntax-flow@7.29.7" has unmet peer dependency "@babel/core@^7.0.0-0".
warning "expo > babel-preset-expo > @babel/plugin-transform-named-capturing-groups-regex > @babel/helper-create-regexp-features-plugin@7.29.7" has unmet peer dependency "@babel/core@^7.0.0".
warning "expo > babel-preset-expo > @babel/plugin-transform-react-jsx > @babel/plugin-syntax-jsx@7.29.7" has unmet peer dependency "@babel/core@^7.0.0-0".
warning "expo > babel-preset-expo > @babel/plugin-transform-runtime > babel-plugin-polyfill-corejs2@0.4.17" has unmet peer dependency "@babel/core@^7.4.0 || ^8.0.0-0 <8.0.0".
warning "expo > babel-preset-expo > @babel/plugin-transform-runtime > babel-plugin-polyfill-corejs3@0.13.0" has unmet peer dependency "@babel/core@^7.4.0 || ^8.0.0-0 <8.0.0".
warning "expo > babel-preset-expo > @babel/plugin-transform-runtime > babel-plugin-polyfill-regenerator@0.6.8" has unmet peer dependency "@babel/core@^7.4.0 || ^8.0.0-0 <8.0.0".
warning "expo > babel-preset-expo > @babel/plugin-transform-typescript > @babel/plugin-syntax-typescript@7.29.7" has unmet peer dependency "@babel/core@^7.0.0-0".
warning "react-native > @react-native/codegen@0.87.0" has unmet peer dependency "@babel/core@*".
warning "expo > babel-preset-expo > @babel/plugin-transform-runtime > babel-plugin-polyfill-corejs2 > @babel/helper-define-polyfill-provider@0.6.8" has unmet peer dependency "@babel/core@^7.4.0 || ^8.0.0-0 <8.0.0".
[4/4] Building fresh packages...
success Saved lockfile.
success Saved 1 new dependency.
info Direct dependencies
└─ react-native-webgpu@0.9.0
info All dependencies
└─ react-native-webgpu@0.9.0
Done in 1.79s.
› Added config plugin: react-native-webgpu
== 11G free, below 12G: pruning Gradle transforms
== 16G free after prune
Starting a Gradle Daemon (subsequent builds will be faster)
> Task :gradle-plugin:shared:checkKotlinGradlePluginConfigurationErrors SKIPPED
> Task :gradle-plugin:settings-plugin:checkKotlinGradlePluginConfigurationErrors SKIPPED
> Task :expo-gradle-plugin:expo-autolinking-settings-plugin:checkKotlinGradlePluginConfigurationErrors SKIPPED
> Task :expo-gradle-plugin:expo-autolinking-plugin-shared:checkKotlinGradlePluginConfigurationErrors SKIPPED
> Task :gradle-plugin:settings-plugin:pluginDescriptors
> Task :expo-gradle-plugin:expo-autolinking-settings-plugin:pluginDescriptors
> Task :expo-gradle-plugin:expo-autolinking-settings-plugin:processResources
> Task :gradle-plugin:settings-plugin:processResources
> Task :expo-gradle-plugin:expo-autolinking-plugin-shared:processResources NO-SOURCE
> Task :gradle-plugin:shared:processResources NO-SOURCE
> Task :gradle-plugin:shared:compileKotlin
> Task :gradle-plugin:shared:compileJava NO-SOURCE
> Task :gradle-plugin:shared:classes UP-TO-DATE
> Task :gradle-plugin:shared:jar
> Task :expo-gradle-plugin:expo-autolinking-plugin-shared:compileKotlin
> Task :expo-gradle-plugin:expo-autolinking-plugin-shared:compileJava NO-SOURCE
> Task :expo-gradle-plugin:expo-autolinking-plugin-shared:classes UP-TO-DATE
> Task :expo-gradle-plugin:expo-autolinking-plugin-shared:jar
> Task :gradle-plugin:settings-plugin:compileKotlin
> Task :gradle-plugin:settings-plugin:compileJava NO-SOURCE
> Task :gradle-plugin:settings-plugin:classes
> Task :gradle-plugin:settings-plugin:jar
> Task :expo-gradle-plugin:expo-autolinking-settings-plugin:compileKotlin
> Task :expo-gradle-plugin:expo-autolinking-settings-plugin:compileJava NO-SOURCE
> Task :expo-gradle-plugin:expo-autolinking-settings-plugin:classes
> Task :expo-gradle-plugin:expo-autolinking-settings-plugin:jar
> Task :gradle-plugin:react-native-gradle-plugin:checkKotlinGradlePluginConfigurationErrors SKIPPED
> Task :expo-gradle-plugin:expo-max-sdk-override-plugin:checkKotlinGradlePluginConfigurationErrors SKIPPED
> Task :expo-gradle-plugin:expo-autolinking-plugin:checkKotlinGradlePluginConfigurationErrors SKIPPED
> Task :expo-module-gradle-plugin:checkKotlinGradlePluginConfigurationErrors SKIPPED
> Task :expo-module-gradle-plugin:pluginDescriptors
> Task :expo-module-gradle-plugin:processResources
> Task :expo-gradle-plugin:expo-max-sdk-override-plugin:pluginDescriptors
> Task :expo-gradle-plugin:expo-autolinking-plugin:pluginDescriptors
> Task :expo-gradle-plugin:expo-max-sdk-override-plugin:processResources
> Task :expo-gradle-plugin:expo-autolinking-plugin:processResources
> Task :gradle-plugin:react-native-gradle-plugin:pluginDescriptors
> Task :gradle-plugin:react-native-gradle-plugin:processResources
> Task :expo-gradle-plugin:expo-max-sdk-override-plugin:compileKotlin
> Task :expo-gradle-plugin:expo-max-sdk-override-plugin:compileJava NO-SOURCE
> Task :expo-gradle-plugin:expo-max-sdk-override-plugin:classes
> Task :expo-gradle-plugin:expo-max-sdk-override-plugin:jar
> Task :expo-gradle-plugin:expo-autolinking-plugin:compileKotlin
> Task :expo-gradle-plugin:expo-autolinking-plugin:compileJava NO-SOURCE
> Task :expo-gradle-plugin:expo-autolinking-plugin:classes
> Task :expo-gradle-plugin:expo-autolinking-plugin:jar
> Task :gradle-plugin:react-native-gradle-plugin:compileKotlin
> Task :gradle-plugin:react-native-gradle-plugin:compileJava NO-SOURCE
> Task :gradle-plugin:react-native-gradle-plugin:classes
> Task :gradle-plugin:react-native-gradle-plugin:jar
> Task :expo-module-gradle-plugin:compileKotlin
> Task :expo-module-gradle-plugin:compileJava NO-SOURCE
> Task :expo-module-gradle-plugin:classes
> Task :expo-module-gradle-plugin:jar

> Configure project :
[32m[ExpoRootProject][0m Using the following versions:
  - buildTools:  [32m37.0.0[0m
  - minSdk:      [32m24[0m
  - compileSdk:  [32m37[0m
  - targetSdk:   [32m36[0m
  - ndk:         [32m27.1.12297006[0m
  - kotlin:      [32m2.2.0[0m
  - ksp:         [32m2.2.0-2.0.2[0m

> Configure project :app
 ℹ️  [33mApplying gradle plugin[0m '[32mexpo-max-sdk-override-plugin[0m'
  [expo-max-sdk-override-plugin] This plugin will find all permissions declared with `android:maxSdkVersion`. If there exists a declaration with the `android:maxSdkVersion` annotation and another one without, the plugin will remove the annotation from the final merged manifest. In order to see a log with the changes run a clean build of the app.

> Configure project :expo

Using expo modules
  - [32mexpo-log-box[0m (58.0.0-canary-20260902-26df09e)
  - [32mexpo-constants[0m (58.0.0-canary-20260902-26df09e)
  - [32mexpo-modules-core[0m (58.0.0-canary-20260902-26df09e)
  - [33m[📦][0m [32mexpo-dom-webview[0m (58.0.0-canary-20260902-26df09e)
  - [33m[📦][0m [32mexpo-ui[0m (58.0.0-canary-20260902-26df09e)
  - [33m[📦][0m [32mexpo-asset[0m (58.0.0-canary-20260902-26df09e)
  - [33m[📦][0m [32mexpo-device[0m (58.0.0-canary-20260902-26df09e)
  - [33m[📦][0m [32mexpo-file-system[0m (58.0.0-canary-20260902-26df09e)
  - [33m[📦][0m [32mexpo-font[0m (58.0.0-canary-20260902-26df09e)
  - [33m[📦][0m [32mexpo-image[0m (58.0.0-canary-20260902-26df09e)
  - [33m[📦][0m [32mexpo-keep-awake[0m (58.0.0-canary-20260902-26df09e)
  - [33m[📦][0m [32mexpo-linking[0m (58.0.0-canary-20260902-26df09e)
  - [33m[📦][0m [32mexpo-splash-screen[0m (58.0.0-canary-20260902-26df09e)
  - [33m[📦][0m [32mexpo-status-bar[0m (58.0.0-canary-20260902-26df09e)
  - [33m[📦][0m [32mexpo-system-ui[0m (58.0.0-canary-20260902-26df09e)
  - [33m[📦][0m [32mexpo-web-browser[0m (58.0.0-canary-20260902-26df09e)


> Task :expo-modules-core:preBuild UP-TO-DATE
> Task :expo-log-box:preBuild UP-TO-DATE
> Task :expo-log-box:preDebugBuild UP-TO-DATE
> Task :expo-modules-core:preDebugBuild UP-TO-DATE
> Task :app:generateAutolinkingNewArchitectureFiles
> Task :app:generateAutolinkingPackageList
> Task :app:generateCodegenSchemaFromJavaScript SKIPPED
> Task :app:generateCodegenArtifactsFromSchema SKIPPED
> Task :app:generateReactNativeEntryPoint
> Task :app:generateDebugAssets UP-TO-DATE
> Task :expo-modules-core:processDebugNavigationResources
> Task :expo-log-box:processDebugNavigationResources
> Task :expo-log-box:generateDebugBuildConfig
> Task :expo-modules-core:generateDebugBuildConfig
> Task :expo-modules-core:generateDebugResources
> Task :expo-log-box:generateDebugResources
> Task :expo:generateInlineModules
> Task :expo:generatePackagesList
> Task :expo:preBuild
> Task :expo:preDebugBuild
> Task :expo:processDebugNavigationResources
> Task :expo:generateDebugResources

> Task :expo-constants:createExpoConfig
The NODE_ENV environment variable is required but was not specified. Ensure the project is bundled with Expo CLI or NODE_ENV is set. Using only .env.local and .env

> Task :expo-constants:preBuild
> Task :expo-constants:preDebugBuild
> Task :expo-constants:processDebugNavigationResources
> Task :expo-constants:generateDebugResources
> Task :expo:packageDebugResources
> Task :expo-log-box:packageDebugResources
> Task :expo-modules-core:packageDebugResources
> Task :expo-constants:packageDebugResources
> Task :react-native-webgpu:generateCodegenSchemaFromJavaScript
> Task :expo:generateDebugAssets UP-TO-DATE
> Task :expo:javaPreCompileDebug
> Task :expo-log-box:javaPreCompileDebug
> Task :expo-modules-core:javaPreCompileDebug
> Task :expo-constants:javaPreCompileDebug
> Task :expo-constants:generateDebugAssets UP-TO-DATE
> Task :expo-log-box:generateDebugAssets UP-TO-DATE
> Task :expo-modules-core:generateDebugAssets UP-TO-DATE
> Task :expo:mergeDebugAssets
> Task :expo-log-box:mergeDebugAssets
> Task :expo-modules-core:mergeDebugAssets
> Task :expo-constants:mergeDebugAssets
> Task :expo:extractDeepLinksDebug
> Task :expo-constants:writeDebugAarMetadata
> Task :expo-log-box:writeDebugAarMetadata
> Task :expo:writeDebugAarMetadata
> Task :expo-modules-core:writeDebugAarMetadata
> Task :expo-constants:extractDeepLinksDebug
> Task :expo-modules-core:extractDeepLinksDebug
> Task :expo-log-box:extractDeepLinksDebug
> Task :expo:mapDebugSourceSetPaths
> Task :expo:parseDebugLocalResources
> Task :expo-modules-core:parseDebugLocalResources
> Task :expo-log-box:parseDebugLocalResources
> Task :expo-constants:parseDebugLocalResources
> Task :expo-constants:mapDebugSourceSetPaths
> Task :expo-log-box:mapDebugSourceSetPaths
> Task :expo-modules-core:mapDebugSourceSetPaths
> Task :expo-constants:generateDebugRFile
> Task :expo-modules-core:generateDebugRFile
> Task :expo-log-box:generateDebugRFile
> Task :expo-constants:processDebugManifest

> Task :expo-modules-core:processDebugManifest
/Users/briones/.config/tuft/sessions/1788364493.114729/worktrees/agp-new-dsl/node_modules/expo-modules-core/android/src/main/AndroidManifest.xml:8:9-11:45 Warning:
	meta-data#com.facebook.soloader.enabled@android:value was tagged at AndroidManifest.xml:8 to replace other declarations but no other declaration present

> Task :expo:processDebugManifest
> Task :expo-log-box:processDebugManifest
> Task :react-native-webgpu:generateCodegenArtifactsFromSchema
> Task :react-native-webgpu:preBuild
> Task :app:preBuild
> Task :react-native-webgpu:preDebugBuild
> Task :app:preDebugBuild
> Task :app:mergeDebugNativeDebugMetadata NO-SOURCE
> Task :react-native-webgpu:processDebugNavigationResources
> Task :app:generateDebugBuildConfig UP-TO-DATE
> Task :react-native-webgpu:generateDebugBuildConfig
> Task :app:generateDebugResValues UP-TO-DATE
> Task :react-native-webgpu:generateDebugResources
> Task :react-native-webgpu:packageDebugResources
> Task :app:generateDebugResources UP-TO-DATE
> Task :react-native-webgpu:generateDebugAssets UP-TO-DATE
> Task :react-native-webgpu:javaPreCompileDebug
> Task :react-native-webgpu:mergeDebugAssets
> Task :app:packageDebugResources UP-TO-DATE
> Task :react-native-webgpu:writeDebugAarMetadata
> Task :react-native-webgpu:parseDebugLocalResources
> Task :react-native-webgpu:extractDeepLinksDebug
> Task :react-native-webgpu:generateDebugRFile
> Task :react-native-webgpu:compileDebugKotlin NO-SOURCE
> Task :expo-constants:compileDebugLibraryResources
> Task :expo-log-box:mergeDebugJniLibFolders
> Task :expo-log-box:mergeDebugNativeLibs NO-SOURCE
> Task :expo-log-box:compileDebugLibraryResources
> Task :expo-constants:mergeDebugJniLibFolders
> Task :expo:compileDebugLibraryResources
> Task :expo-constants:mergeDebugNativeLibs NO-SOURCE
> Task :expo:mergeDebugJniLibFolders
> Task :expo:mergeDebugNativeLibs NO-SOURCE
> Task :expo:copyDebugJniLibsProjectOnly
> Task :expo-constants:copyDebugJniLibsProjectOnly
> Task :expo-log-box:copyDebugJniLibsProjectOnly
> Task :expo:generateDebugRFile
> Task :expo-modules-core:compileDebugLibraryResources

> Task :react-native-webgpu:compileDebugJavaWithJavac
Note: Some input files use or override a deprecated API.
Note: Recompile with -Xlint:deprecation for details.
Note: /Users/briones/.config/tuft/sessions/1788364493.114729/worktrees/agp-new-dsl/node_modules/react-native-webgpu/android/src/newarch/com/webgpu/WebGPUViewManagerSpec.java uses unchecked or unsafe operations.
Note: Recompile with -Xlint:unchecked for details.

> Task :react-native-webgpu:processDebugJavaRes NO-SOURCE
> Task :react-native-webgpu:mapDebugSourceSetPaths
> Task :react-native-webgpu:bundleLibCompileToJarDebug
> Task :react-native-webgpu:compileDebugLibraryResources

> Task :react-native-webgpu:processDebugManifest
package="com.webgpu" found in source AndroidManifest.xml: /Users/briones/.config/tuft/sessions/1788364493.114729/worktrees/agp-new-dsl/node_modules/react-native-webgpu/android/src/main/AndroidManifest.xml.
Setting the namespace via the package attribute in the source AndroidManifest.xml is no longer supported, and the value is ignored.
Recommendation: remove package="com.webgpu" from the source AndroidManifest.xml: /Users/briones/.config/tuft/sessions/1788364493.114729/worktrees/agp-new-dsl/node_modules/react-native-webgpu/android/src/main/AndroidManifest.xml.

> Task :react-native-webgpu:bundleLibRuntimeToDirDebug
> Task :app:processDebugNavigationResources UP-TO-DATE
> Task :app:parseDebugLocalResources UP-TO-DATE
> Task :app:generateDebugRFile UP-TO-DATE
> Task :app:javaPreCompileDebug UP-TO-DATE
> Task :app:mergeDebugAssets
> Task :app:generateDebugGlobalSynthetics UP-TO-DATE
> Task :app:compressDebugAssets
> Task :app:desugarDebugFileDependencies UP-TO-DATE
> Task :app:checkDebugDuplicateClasses
> Task :app:checkDebugAarMetadata
> Task :expo-modules-core:configureCMakeDebug[arm64-v8a]
> Task :react-native-webgpu:configureCMakeDebug[arm64-v8a]

> Task :expo-modules-core:buildCMakeDebug[arm64-v8a]
C/C++: ninja: Entering directory `/Users/briones/.config/tuft/sessions/1788364493.114729/worktrees/agp-new-dsl/node_modules/expo-modules-core/android/.cxx/Debug/2bg4f4z2/arm64-v8a'
C/C++: In file included from /Users/briones/.config/tuft/sessions/1788364493.114729/worktrees/agp-new-dsl/node_modules/expo-modules-core/common/cpp/EventEmitter.cpp:5:
C/C++: /Users/briones/.config/tuft/sessions/1788364493.114729/worktrees/agp-new-dsl/node_modules/react-native/ReactCommon/cxxreact/ErrorUtils.h:10:2: warning: Deprecated: use <jserrorhandler/ErrorUtils.h> instead. [-W#warnings]
C/C++:    10 | #warning Deprecated: use <jserrorhandler/ErrorUtils.h> instead.
C/C++:       |  ^
C/C++: 1 warning generated.

> Task :expo-modules-core:compileDebugKotlin

> Task :expo-modules-core:buildCMakeDebug[arm64-v8a]
C/C++: /Users/briones/.config/tuft/sessions/1788364493.114729/worktrees/agp-new-dsl/node_modules/expo-modules-core/android/src/main/cpp/fabric/ExpoComponentDescriptorFactory.cpp:17:5: warning: 'RawPropsParser' is deprecated [-Wdeprecated-declarations]
C/C++:    17 |     react::RawPropsParser(/*useRawPropsJsiValue=*/true)
C/C++:       |     ^
C/C++: /Users/briones/.config/tuft/sessions/1788364493.114729/worktrees/agp-new-dsl/node_modules/react-native/ReactCommon/react/renderer/core/RawPropsParser.h:31:5: note: 'RawPropsParser' has been explicitly marked deprecated here
C/C++:    31 |   [[deprecated]] explicit RawPropsParser(bool /* ignored */) : RawPropsParser() {}
C/C++:       |     ^
C/C++: 1 warning generated.

> Task :app:mergeExtDexDebug
> Task :react-native-webgpu:buildCMakeDebug[arm64-v8a]
C/C++: ninja: Entering directory `/Users/briones/.config/tuft/sessions/1788364493.114729/worktrees/agp-new-dsl/node_modules/react-native-webgpu/android/.cxx/Debug/64653w5c/arm64-v8a'
C/C++: /opt/homebrew/share/android-commandlinetools/ndk/28.2.13676358/toolchains/llvm/prebuilt/darwin-x86_64/bin/clang++ --target=aarch64-none-linux-android24 --sysroot=/opt/homebrew/share/android-commandlinetools/ndk/28.2.13676358/toolchains/llvm/prebuilt/darwin-x86_64/sysroot -DDEBUG=1 -DRNF_ENABLE_LOGS=0 -Dreact_native_webgpu_EXPORTS -I/Users/briones/.config/tuft/sessions/1788364493.114729/worktrees/agp-new-dsl/node_modules/react-native/ReactCommon/callinvoker -I/Users/briones/.config/tuft/sessions/1788364493.114729/worktrees/agp-new-dsl/node_modules/react-native/ReactCommon/jsi -I/Users/briones/.config/tuft/sessions/1788364493.114729/worktrees/agp-new-dsl/node_modules/react-native/ReactCommon -I/Users/briones/.config/tuft/sessions/1788364493.114729/worktrees/agp-new-dsl/node_modules/react-native/ReactCommon/react/nativemodule/core -I/Users/briones/.config/tuft/sessions/1788364493.114729/worktrees/agp-new-dsl/node_modules/react-native/ReactCommon/runtimeexecutor -I/Users/briones/.config/tuft/sessions/1788364493.114729/worktrees/agp-new-dsl/node_modules/react-native/ReactAndroid/src/main/jni -I/Users/briones/.config/tuft/sessions/1788364493.114729/worktrees/agp-new-dsl/node_modules/react-native/ReactAndroid/src/main/java/com/facebook/react/turbomodule/core/jni -I/Users/briones/.config/tuft/sessions/1788364493.114729/worktrees/agp-new-dsl/node_modules/react-native/ReactAndroid/src/main/jni/react/turbomodule -I/Users/briones/.config/tuft/sessions/1788364493.114729/worktrees/agp-new-dsl/node_modules/react-native-webgpu/android/../cpp -I/Users/briones/.config/tuft/sessions/1788364493.114729/worktrees/agp-new-dsl/node_modules/react-native-webgpu/android/../cpp/rnwgpu -I/Users/briones/.config/tuft/sessions/1788364493.114729/worktrees/agp-new-dsl/node_modules/react-native-webgpu/android/../cpp/rnwgpu/api -I/Users/briones/.config/tuft/sessions/1788364493.114729/worktrees/agp-new-dsl/node_modules/react-native-webgpu/android/../cpp/rnwgpu/api/descriptors -I/Users/briones/.config/tuft/sessions/1788364493.114729/worktrees/agp-new-dsl/node_modules/react-native-webgpu/android/../cpp/jsi -I/Users/briones/.config/tuft/sessions/1788364493.114729/worktrees/agp-new-dsl/node_modules/react-native-webgpu/android/../cpp/webgpu -I/Users/briones/.config/tuft/sessions/1788364493.114729/worktrees/agp-new-dsl/node_modules/react-native-webgpu/android/../cpp/platform -isystem /Users/briones/.gradle/caches/9.4.1/transforms/f6848d125568c27e2cc3b551e5d17225/transformed/fbjni-0.7.0/prefab/modules/fbjni/include -isystem /Users/briones/.gradle/caches/9.4.1/transforms/c93ccab7e7d1e446a7ebf5d1446aa0d3/transformed/react-android-0.87.0-debug/prefab/modules/jsi/include -isystem /Users/briones/.gradle/caches/9.4.1/transforms/c93ccab7e7d1e446a7ebf5d1446aa0d3/transformed/react-android-0.87.0-debug/prefab/modules/reactnative/include -g -DANDROID -fdata-sections -ffunction-sections -funwind-tables -fstack-protector-strong -no-canonical-prefixes -D_FORTIFY_SOURCE=2 -Wformat -Werror=format-security  -fexceptions -frtti -DONANDROID -fno-limit-debug-info  -fPIC -std=gnu++20 -MD -MT CMakeFiles/react-native-webgpu.dir/cpp/cpp-adapter.cpp.o -MF CMakeFiles/react-native-webgpu.dir/cpp/cpp-adapter.cpp.o.d -o CMakeFiles/react-native-webgpu.dir/cpp/cpp-adapter.cpp.o -c /Users/briones/.config/tuft/sessions/1788364493.114729/worktrees/agp-new-dsl/node_modules/react-native-webgpu/android/cpp/cpp-adapter.cpp
C/C++: In file included from /Users/briones/.config/tuft/sessions/1788364493.114729/worktrees/agp-new-dsl/node_modules/react-native-webgpu/android/cpp/cpp-adapter.cpp:12:
C/C++: /Users/briones/.config/tuft/sessions/1788364493.114729/worktrees/agp-new-dsl/node_modules/react-native-webgpu/android/cpp/AndroidPlatformContext.h:235:15: error: 'AHardwareBuffer_allocate' is unavailable: introduced in Android 26
C/C++:   235 |     int err = AHardwareBuffer_allocate(&desc, &buffer);
C/C++:       |               ^
C/C++: /opt/homebrew/share/android-commandlinetools/ndk/28.2.13676358/toolchains/llvm/prebuilt/darwin-x86_64/sysroot/usr/include/android/hardware_buffer.h:422:5: note: 'AHardwareBuffer_allocate' has been explicitly marked unavailable here
C/C++:   422 | int AHardwareBuffer_allocate(const AHardwareBuffer_Desc* _Nonnull desc,
C/C++:       |     ^
C/C++: In file included from /Users/briones/.config/tuft/sessions/1788364493.114729/worktrees/agp-new-dsl/node_modules/react-native-webgpu/android/cpp/cpp-adapter.cpp:12:
C/C++: /Users/briones/.config/tuft/sessions/1788364493.114729/worktrees/agp-new-dsl/node_modules/react-native-webgpu/android/cpp/AndroidPlatformContext.h:243:5: error: 'AHardwareBuffer_describe' is unavailable: introduced in Android 26
C/C++:   243 |     AHardwareBuffer_describe(buffer, &actualDesc);
C/C++:       |     ^
C/C++: /opt/homebrew/share/android-commandlinetools/ndk/28.2.13676358/toolchains/llvm/prebuilt/darwin-x86_64/sysroot/usr/include/android/hardware_buffer.h:448:6: note: 'AHardwareBuffer_describe' has been explicitly marked unavailable here
C/C++:   448 | void AHardwareBuffer_describe(const AHardwareBuffer* _Nonnull buffer,
C/C++:       |      ^
C/C++: In file included from /Users/briones/.config/tuft/sessions/1788364493.114729/worktrees/agp-new-dsl/node_modules/react-native-webgpu/android/cpp/cpp-adapter.cpp:12:
C/C++: /Users/briones/.config/tuft/sessions/1788364493.114729/worktrees/agp-new-dsl/node_modules/react-native-webgpu/android/cpp/AndroidPlatformContext.h:247:14: error: 'AHardwareBuffer_lock' is unavailable: introduced in Android 26
C/C++:   247 |     int rc = AHardwareBuffer_lock(
C/C++:       |              ^
C/C++: /opt/homebrew/share/android-commandlinetools/ndk/28.2.13676358/toolchains/llvm/prebuilt/darwin-x86_64/sysroot/usr/include/android/hardware_buffer.h:503:5: note: 'AHardwareBuffer_lock' has been explicitly marked unavailable here
C/C++:   503 | int AHardwareBuffer_lock(AHardwareBuffer* _Nonnull buffer, uint64_t usage, int32_t fence,
C/C++:       |     ^
C/C++: In file included from /Users/briones/.config/tuft/sessions/1788364493.114729/worktrees/agp-new-dsl/node_modules/react-native-webgpu/android/cpp/cpp-adapter.cpp:12:
C/C++: /Users/briones/.config/tuft/sessions/1788364493.114729/worktrees/agp-new-dsl/node_modules/react-native-webgpu/android/cpp/AndroidPlatformContext.h:250:7: error: 'AHardwareBuffer_release' is unavailable: introduced in Android 26
C/C++:   250 |       AHardwareBuffer_release(buffer);
C/C++:       |       ^
C/C++: /opt/homebrew/share/android-commandlinetools/ndk/28.2.13676358/toolchains/llvm/prebuilt/darwin-x86_64/sysroot/usr/include/android/hardware_buffer.h:440:6: note: 'AHardwareBuffer_release' has been explicitly marked unavailable here
C/C++:   440 | void AHardwareBuffer_release(AHardwareBuffer* _Nonnull buffer) __INTRODUCED_IN(26);
C/C++:       |      ^
C/C++: In file included from /Users/briones/.config/tuft/sessions/1788364493.114729/worktrees/agp-new-dsl/node_modules/react-native-webgpu/android/cpp/cpp-adapter.cpp:12:
C/C++: /Users/briones/.config/tuft/sessions/1788364493.114729/worktrees/agp-new-dsl/node_modules/react-native-webgpu/android/cpp/AndroidPlatformContext.h:275:5: error: 'AHardwareBuffer_unlock' is unavailable: introduced in Android 26
C/C++:   275 |     AHardwareBuffer_unlock(buffer, nullptr);
C/C++:       |     ^
C/C++: /opt/homebrew/share/android-commandlinetools/ndk/28.2.13676358/toolchains/llvm/prebuilt/darwin-x86_64/sysroot/usr/include/android/hardware_buffer.h:525:5: note: 'AHardwareBuffer_unlock' has been explicitly marked unavailable here
C/C++:   525 | int AHardwareBuffer_unlock(AHardwareBuffer* _Nonnull buffer, int32_t* _Nullable fence)
C/C++:       |     ^
C/C++: In file included from /Users/briones/.config/tuft/sessions/1788364493.114729/worktrees/agp-new-dsl/node_modules/react-native-webgpu/android/cpp/cpp-adapter.cpp:12:
C/C++: /Users/briones/.config/tuft/sessions/1788364493.114729/worktrees/agp-new-dsl/node_modules/react-native-webgpu/android/cpp/AndroidPlatformContext.h:281:35: error: 'AHardwareBuffer_release' is unavailable: introduced in Android 26
C/C++:   281 |     handle.deleter = [buffer]() { AHardwareBuffer_release(buffer); };
C/C++:       |                                   ^
C/C++: /opt/homebrew/share/android-commandlinetools/ndk/28.2.13676358/toolchains/llvm/prebuilt/darwin-x86_64/sysroot/usr/include/android/hardware_buffer.h:440:6: note: 'AHardwareBuffer_release' has been explicitly marked unavailable here
C/C++:   440 | void AHardwareBuffer_release(AHardwareBuffer* _Nonnull buffer) __INTRODUCED_IN(26);
C/C++:       |      ^
C/C++: In file included from /Users/briones/.config/tuft/sessions/1788364493.114729/worktrees/agp-new-dsl/node_modules/react-native-webgpu/android/cpp/cpp-adapter.cpp:12:
C/C++: /Users/briones/.config/tuft/sessions/1788364493.114729/worktrees/agp-new-dsl/node_modules/react-native-webgpu/android/cpp/AndroidPlatformContext.h:306:5: error: 'AHardwareBuffer_describe' is unavailable: introduced in Android 26
C/C++:   306 |     AHardwareBuffer_describe(buffer, &desc);
C/C++:       |     ^
C/C++: /opt/homebrew/share/android-commandlinetools/ndk/28.2.13676358/toolchains/llvm/prebuilt/darwin-x86_64/sysroot/usr/include/android/hardware_buffer.h:448:6: note: 'AHardwareBuffer_describe' has been explicitly marked unavailable here
C/C++:   448 | void AHardwareBuffer_describe(const AHardwareBuffer* _Nonnull buffer,
C/C++:       |      ^
C/C++: In file included from /Users/briones/.config/tuft/sessions/1788364493.114729/worktrees/agp-new-dsl/node_modules/react-native-webgpu/android/cpp/cpp-adapter.cpp:12:
C/C++: /Users/briones/.config/tuft/sessions/1788364493.114729/worktrees/agp-new-dsl/node_modules/react-native-webgpu/android/cpp/AndroidPlatformContext.h:323:5: error: 'AHardwareBuffer_acquire' is unavailable: introduced in Android 26
C/C++:   323 |     AHardwareBuffer_acquire(buffer);
C/C++:       |     ^
C/C++: /opt/homebrew/share/android-commandlinetools/ndk/28.2.13676358/toolchains/llvm/prebuilt/darwin-x86_64/sysroot/usr/include/android/hardware_buffer.h:432:6: note: 'AHardwareBuffer_acquire' has been explicitly marked unavailable here
C/C++:   432 | void AHardwareBuffer_acquire(AHardwareBuffer* _Nonnull buffer) __INTRODUCED_IN(26);
C/C++:       |      ^
C/C++: In file included from /Users/briones/.config/tuft/sessions/1788364493.114729/worktrees/agp-new-dsl/node_modules/react-native-webgpu/android/cpp/cpp-adapter.cpp:12:
C/C++: /Users/briones/.config/tuft/sessions/1788364493.114729/worktrees/agp-new-dsl/node_modules/react-native-webgpu/android/cpp/AndroidPlatformContext.h:341:35: error: 'AHardwareBuffer_release' is unavailable: introduced in Android 26
C/C++:   341 |     handle.deleter = [buffer]() { AHardwareBuffer_release(buffer); };
C/C++:       |                                   ^
C/C++: /opt/homebrew/share/android-commandlinetools/ndk/28.2.13676358/toolchains/llvm/prebuilt/darwin-x86_64/sysroot/usr/include/android/hardware_buffer.h:440:6: note: 'AHardwareBuffer_release' has been explicitly marked unavailable here
C/C++:   440 | void AHardwareBuffer_release(AHardwareBuffer* _Nonnull buffer) __INTRODUCED_IN(26);
C/C++:       |      ^
C/C++: 9 errors generated.
C/C++: /Users/briones/.config/tuft/sessions/1788364493.114729/worktrees/agp-new-dsl/node_modules/react-native-webgpu/cpp/rnwgpu/api/GPU.cpp:136:13: warning: 13 enumeration values not handled in switch: 'UniformBufferStandardLayout', 'SubgroupId', 'TextureAndSamplerLet'... [-Wswitch]
C/C++:   136 |     switch (feature) {
C/C++:       |             ^~~~~~~
C/C++: 1 warning generated.

> Task :expo-modules-core:compileDebugKotlin
w: file:///Users/briones/.config/tuft/sessions/1788364493.114729/worktrees/agp-new-dsl/node_modules/expo-modules-core/android/src/main/java/expo/modules/kotlin/jni/CppType.kt:42:23 'class NativeArrayBuffer : Destructible' is deprecated. Use ArrayBuffer instead.
w: file:///Users/briones/.config/tuft/sessions/1788364493.114729/worktrees/agp-new-dsl/node_modules/expo-modules-core/android/src/main/java/expo/modules/kotlin/jni/JavaCallback.kt:38:10 'class NativeArrayBuffer : Destructible' is deprecated. Use ArrayBuffer instead.
w: file:///Users/briones/.config/tuft/sessions/1788364493.114729/worktrees/agp-new-dsl/node_modules/expo-modules-core/android/src/main/java/expo/modules/kotlin/jni/JavaCallback.kt:96:45 'class NativeArrayBuffer : Destructible' is deprecated. Use ArrayBuffer instead.
w: file:///Users/briones/.config/tuft/sessions/1788364493.114729/worktrees/agp-new-dsl/node_modules/expo-modules-core/android/src/main/java/expo/modules/kotlin/jni/NativeArrayBuffer.kt:49:15 'class NativeArrayBuffer : Destructible' is deprecated. Use ArrayBuffer instead.
w: file:///Users/briones/.config/tuft/sessions/1788364493.114729/worktrees/agp-new-dsl/node_modules/expo-modules-core/android/src/main/java/expo/modules/kotlin/jni/NativeArrayBuffer.kt:64:30 'class NativeArrayBuffer : Destructible' is deprecated. Use ArrayBuffer instead.
w: file:///Users/briones/.config/tuft/sessions/1788364493.114729/worktrees/agp-new-dsl/node_modules/expo-modules-core/android/src/main/java/expo/modules/kotlin/jni/NativeArrayBuffer.kt:66:14 'constructor(byteBuffer: ByteBuffer): NativeArrayBuffer' is deprecated. Use ArrayBuffer instead.
w: file:///Users/briones/.config/tuft/sessions/1788364493.114729/worktrees/agp-new-dsl/node_modules/expo-modules-core/android/src/main/java/expo/modules/kotlin/jni/NativeArrayBuffer.kt:74:39 'class NativeArrayBuffer : Destructible' is deprecated. Use ArrayBuffer instead.
w: file:///Users/briones/.config/tuft/sessions/1788364493.114729/worktrees/agp-new-dsl/node_modules/expo-modules-core/android/src/main/java/expo/modules/kotlin/jni/NativeArrayBuffer.kt:75:7 'constructor(byteBuffer: ByteBuffer): NativeArrayBuffer' is deprecated. Use ArrayBuffer instead.
w: file:///Users/briones/.config/tuft/sessions/1788364493.114729/worktrees/agp-new-dsl/node_modules/expo-modules-core/android/src/main/java/expo/modules/kotlin/jni/NativeArrayBuffer.kt:80:37 'class NativeArrayBuffer : Destructible' is deprecated. Use ArrayBuffer instead.
w: file:///Users/briones/.config/tuft/sessions/1788364493.114729/worktrees/agp-new-dsl/node_modules/expo-modules-core/android/src/main/java/expo/modules/kotlin/jni/NativeArrayBuffer.kt:86:47 'class NativeArrayBuffer : Destructible' is deprecated. Use ArrayBuffer instead.
w: file:///Users/briones/.config/tuft/sessions/1788364493.114729/worktrees/agp-new-dsl/node_modules/expo-modules-core/android/src/main/java/expo/modules/kotlin/jni/NativeArrayBuffer.kt:92:23 'class NativeArrayBuffer : Destructible' is deprecated. Use ArrayBuffer instead.
w: file:///Users/briones/.config/tuft/sessions/1788364493.114729/worktrees/agp-new-dsl/node_modules/expo-modules-core/android/src/main/java/expo/modules/kotlin/jni/NativeArrayBuffer.kt:92:43 'class NativeArrayBuffer : Destructible' is deprecated. Use ArrayBuffer instead.
w: file:///Users/briones/.config/tuft/sessions/1788364493.114729/worktrees/agp-new-dsl/node_modules/expo-modules-core/android/src/main/java/expo/modules/kotlin/jni/NativeArrayBuffer.kt:95:41 'class NativeArrayBuffer : Destructible' is deprecated. Use ArrayBuffer instead.
w: file:///Users/briones/.config/tuft/sessions/1788364493.114729/worktrees/agp-new-dsl/node_modules/expo-modules-core/android/src/main/java/expo/modules/kotlin/jni/NativeArrayBuffer.kt:105:14 'constructor(byteBuffer: ByteBuffer): NativeArrayBuffer' is deprecated. Use ArrayBuffer instead.
w: file:///Users/briones/.config/tuft/sessions/1788364493.114729/worktrees/agp-new-dsl/node_modules/expo-modules-core/android/src/main/java/expo/modules/kotlin/types/ColorCompat.kt:115:5 This annotation is currently applied to the value parameter only, but in the future it will also be applied to field.
- To opt in to applying to both value parameter and field, add '-Xannotation-default-target=param-property' to your compiler arguments.
- To keep applying to the value parameter only, use the '@param:' annotation target.

See https://youtrack.jetbrains.com/issue/KT-73255 for more details.
w: file:///Users/briones/.config/tuft/sessions/1788364493.114729/worktrees/agp-new-dsl/node_modules/expo-modules-core/android/src/main/java/expo/modules/kotlin/types/JSTypeConverter.kt:7:8 'class NativeArrayBuffer : Destructible' is deprecated. Use ArrayBuffer instead.
w: file:///Users/briones/.config/tuft/sessions/1788364493.114729/worktrees/agp-new-dsl/node_modules/expo-modules-core/android/src/main/java/expo/modules/kotlin/types/JSTypeConverter.kt:245:55 'class NativeArrayBuffer : Destructible' is deprecated. Use ArrayBuffer instead.
w: file:///Users/briones/.config/tuft/sessions/1788364493.114729/worktrees/agp-new-dsl/node_modules/expo-modules-core/android/src/main/java/expo/modules/kotlin/types/JSTypeConverter.kt:247:19 'class NativeArrayBuffer : Destructible' is deprecated. Use ArrayBuffer instead.
w: file:///Users/briones/.config/tuft/sessions/1788364493.114729/worktrees/agp-new-dsl/node_modules/expo-modules-core/android/src/main/java/expo/modules/kotlin/types/ReturnType.kt:6:8 'class NativeArrayBuffer : Destructible' is deprecated. Use ArrayBuffer instead.
w: file:///Users/briones/.config/tuft/sessions/1788364493.114729/worktrees/agp-new-dsl/node_modules/expo-modules-core/android/src/main/java/expo/modules/kotlin/types/ReturnType.kt:45:5 'class NativeArrayBuffer : Destructible' is deprecated. Use ArrayBuffer instead.
w: file:///Users/briones/.config/tuft/sessions/1788364493.114729/worktrees/agp-new-dsl/node_modules/expo-modules-core/android/src/main/java/expo/modules/kotlin/types/TypeConverterProvider.kt:19:8 'class NativeArrayBuffer : Destructible' is deprecated. Use ArrayBuffer instead.
w: file:///Users/briones/.config/tuft/sessions/1788364493.114729/worktrees/agp-new-dsl/node_modules/expo-modules-core/android/src/main/java/expo/modules/kotlin/types/TypeConverterProvider.kt:254:7 'class NativeArrayBuffer : Destructible' is deprecated. Use ArrayBuffer instead.

> Task :expo-modules-core:mergeDebugJniLibFolders

> Task :expo-modules-core:compileDebugJavaWithJavac
Note: Some input files use or override a deprecated API.
Note: Recompile with -Xlint:deprecation for details.

> Task :expo-modules-core:processDebugJavaRes
> Task :expo-modules-core:bundleLibCompileToJarDebug
> Task :expo-modules-core:mergeDebugNativeLibs
> Task :expo-modules-core:bundleLibRuntimeToDirDebug
> Task :expo-modules-core:copyDebugJniLibsProjectOnly
> Task :expo-constants:compileDebugKotlin
> Task :expo-constants:compileDebugJavaWithJavac NO-SOURCE
> Task :expo-constants:bundleLibCompileToJarDebug
> Task :expo-constants:processDebugJavaRes
> Task :expo-constants:bundleLibRuntimeToDirDebug
> Task :expo-log-box:compileDebugKotlin
> Task :expo-log-box:compileDebugJavaWithJavac
> Task :expo-log-box:bundleLibCompileToJarDebug
> Task :expo-log-box:processDebugJavaRes
> Task :expo-log-box:bundleLibRuntimeToDirDebug
> Task :app:mapDebugSourceSetPaths UP-TO-DATE
> Task :app:compileDebugNavigationResources UP-TO-DATE

> Task :expo:compileDebugKotlin
w: file:///Users/briones/.config/tuft/sessions/1788364493.114729/worktrees/agp-new-dsl/node_modules/expo/android/src/main/java/expo/modules/ExpoModulesPackage.kt:34:16 This declaration overrides a deprecated member but is not marked as deprecated itself. Add the '@Deprecated' annotation or suppress the diagnostic.
w: file:///Users/briones/.config/tuft/sessions/1788364493.114729/worktrees/agp-new-dsl/node_modules/expo/android/src/main/java/expo/modules/ReactActivityDelegateWrapper.kt:22:8 'class ReactInstanceManager : Any' is deprecated. Deprecated in Java.
w: file:///Users/briones/.config/tuft/sessions/1788364493.114729/worktrees/agp-new-dsl/node_modules/expo/android/src/main/java/expo/modules/ReactActivityDelegateWrapper.kt:102:16 This declaration overrides a deprecated member but is not marked as deprecated itself. Add the '@Deprecated' annotation or suppress the diagnostic.
w: file:///Users/briones/.config/tuft/sessions/1788364493.114729/worktrees/agp-new-dsl/node_modules/expo/android/src/main/java/expo/modules/ReactActivityDelegateWrapper.kt:102:43 'class ReactInstanceManager : Any' is deprecated. Deprecated in Java.
w: file:///Users/briones/.config/tuft/sessions/1788364493.114729/worktrees/agp-new-dsl/node_modules/expo/android/src/main/java/expo/modules/ReactActivityDelegateWrapper.kt:103:21 'val reactInstanceManager: ReactInstanceManager' is deprecated. Deprecated in Java.
w: file:///Users/briones/.config/tuft/sessions/1788364493.114729/worktrees/agp-new-dsl/node_modules/expo/android/src/main/java/expo/modules/fetch/ExpoFetchModule.kt:15:8 'class NativeArrayBuffer : Destructible' is deprecated. Use ArrayBuffer instead.
w: file:///Users/briones/.config/tuft/sessions/1788364493.114729/worktrees/agp-new-dsl/node_modules/expo/android/src/main/java/expo/modules/fetch/ExpoFetchModule.kt:33:39 'constructor(reactContext: ReactContext): ForwardingCookieHandler' is deprecated. Use the default constructor.
w: file:///Users/briones/.config/tuft/sessions/1788364493.114729/worktrees/agp-new-dsl/node_modules/expo/android/src/main/java/expo/modules/fetch/ExpoFetchModule.kt:111:27 'constructor(byteBuffer: ByteBuffer): NativeArrayBuffer' is deprecated. Use ArrayBuffer instead.
w: file:///Users/briones/.config/tuft/sessions/1788364493.114729/worktrees/agp-new-dsl/node_modules/expo/android/src/main/java/expo/modules/fetch/NativeResponse.kt:44:16 This declaration overrides a deprecated member but is not marked as deprecated itself. Add the '@Deprecated' annotation or suppress the diagnostic.
w: file:///Users/briones/.config/tuft/sessions/1788364493.114729/worktrees/agp-new-dsl/node_modules/expo/android/src/main/java/expo/modules/fetch/NativeResponse.kt:46:11 'fun deallocate(): Unit' is deprecated. Use sharedObjectDidRelease() instead.

> Task :expo:compileDebugJavaWithJavac NO-SOURCE
> Task :expo:processDebugJavaRes
> Task :expo:bundleLibCompileToJarDebug
> Task :expo:bundleLibRuntimeToDirDebug
> Task :app:createDebugCompatibleScreenManifests UP-TO-DATE
> Task :app:extractDeepLinksDebug UP-TO-DATE

> Task :app:processDebugMainManifest
/Users/briones/.config/tuft/sessions/1788364493.114729/worktrees/agp-new-dsl/android/app/src/debug/AndroidManifest.xml:6:5-162 Warning:
	application@android:usesCleartextTraffic was tagged at AndroidManifest.xml:6 to replace other declarations but no other declaration present
/Users/briones/.config/tuft/sessions/1788364493.114729/worktrees/agp-new-dsl/android/app/src/debug/AndroidManifest.xml Warning:
	provider#expo.modules.filesystem.FileSystemFileProvider@android:authorities was tagged at AndroidManifest.xml:0 to replace other declarations but no other declaration present

> Task :app:expoDebugOverrideMaxSdkConflicts
[33m---------- Expo Max Sdk Override Plugin ----------[0m
[32m>>> No 'android:maxSdkVersion' conflicts found[0m
[33m--------------------------------------------------[0m

> Task :app:mergeDebugResources
> Task :app:processDebugManifest
> Task :app:compileDebugKotlin
> Task :app:configureCMakeDebug[arm64-v8a]
> Task :app:compileDebugJavaWithJavac
> Task :app:processDebugJavaRes UP-TO-DATE
> Task :app:mergeLibDexDebug
> Task :app:mergeDebugJavaResource
> Task :app:buildCMakeDebug[arm64-v8a]
> Task :app:mergeDebugJniLibFolders UP-TO-DATE
> Task :app:validateSigningDebug UP-TO-DATE
> Task :app:writeDebugAppMetadata UP-TO-DATE
> Task :app:writeDebugSigningConfigVersions UP-TO-DATE
> Task :app:processDebugManifestForPackage
> Task :app:processDebugResources
> Task :app:dexBuilderDebug
> Task :app:mergeProjectDexDebug
> Task :react-native-webgpu:buildCMakeDebug[arm64-v8a] FAILED

[Incubating] Problems report is available at: file:///Users/briones/.config/tuft/sessions/1788364493.114729/worktrees/agp-new-dsl/android/build/reports/problems/problems-report.html

FAILURE: Build failed with an exception.

* What went wrong:
Execution failed for task ':react-native-webgpu:buildCMakeDebug[arm64-v8a]'.
> com.android.ide.common.process.ProcessException: ninja: Entering directory `/Users/briones/.config/tuft/sessions/1788364493.114729/worktrees/agp-new-dsl/node_modules/react-native-webgpu/android/.cxx/Debug/64653w5c/arm64-v8a'
  [1/29] Building CXX object CMakeFiles/react-native-webgpu.dir/Users/briones/.config/tuft/sessions/1788364493.114729/worktrees/agp-new-dsl/node_modules/react-native-webgpu/cpp/rnwgpu/api/GPUDeviceLostInfo.cpp.o
  [2/29] Building CXX object CMakeFiles/react-native-webgpu.dir/Users/briones/.config/tuft/sessions/1788364493.114729/worktrees/agp-new-dsl/node_modules/react-native-webgpu/cpp/rnwgpu/api/GPUSupportedLimits.cpp.o
  [3/29] Building CXX object CMakeFiles/react-native-webgpu.dir/Users/briones/.config/tuft/sessions/1788364493.114729/worktrees/agp-new-dsl/node_modules/react-native-webgpu/cpp/rnwgpu/api/GPUQuerySet.cpp.o
  [4/29] Building CXX object CMakeFiles/react-native-webgpu.dir/Users/briones/.config/tuft/sessions/1788364493.114729/worktrees/agp-new-dsl/node_modules/react-native-webgpu/cpp/rnwgpu/api/GPUShaderModule.cpp.o
  [5/29] Building CXX object CMakeFiles/react-native-webgpu.dir/Users/briones/.config/tuft/sessions/1788364493.114729/worktrees/agp-new-dsl/node_modules/react-native-webgpu/cpp/rnwgpu/api/GPUSharedFence.cpp.o
  [6/29] Building CXX object CMakeFiles/react-native-webgpu.dir/Users/briones/.config/tuft/sessions/1788364493.114729/worktrees/agp-new-dsl/node_modules/react-native-webgpu/cpp/rnwgpu/api/GPUExternalTexture.cpp.o
  [7/29] Building CXX object CMakeFiles/react-native-webgpu.dir/Users/briones/.config/tuft/sessions/1788364493.114729/worktrees/agp-new-dsl/node_modules/react-native-webgpu/cpp/rnwgpu/api/GPURenderPipeline.cpp.o
  [8/29] Building CXX object CMakeFiles/react-native-webgpu.dir/Users/briones/.config/tuft/sessions/1788364493.114729/worktrees/agp-new-dsl/node_modules/react-native-webgpu/cpp/rnwgpu/api/GPUTexture.cpp.o
  [9/29] Building CXX object CMakeFiles/react-native-webgpu.dir/Users/briones/.config/tuft/sessions/1788364493.114729/worktrees/agp-new-dsl/node_modules/react-native-webgpu/cpp/rnwgpu/api/GPUBuffer.cpp.o
  [10/29] Building CXX object CMakeFiles/react-native-webgpu.dir/Users/briones/.config/tuft/sessions/1788364493.114729/worktrees/agp-new-dsl/node_modules/react-native-webgpu/cpp/rnwgpu/api/GPUQueue.cpp.o
  [11/29] Building CXX object CMakeFiles/react-native-webgpu.dir/Users/briones/.config/tuft/sessions/1788364493.114729/worktrees/agp-new-dsl/node_modules/react-native-webgpu/cpp/rnwgpu/api/GPUBindGroup.cpp.o
  [12/29] Building CXX object CMakeFiles/react-native-webgpu.dir/Users/briones/.config/tuft/sessions/1788364493.114729/worktrees/agp-new-dsl/node_modules/react-native-webgpu/cpp/rnwgpu/api/GPUComputePipeline.cpp.o
  [13/29] Building CXX object CMakeFiles/react-native-webgpu.dir/Users/briones/.config/tuft/sessions/1788364493.114729/worktrees/agp-new-dsl/node_modules/react-native-webgpu/cpp/rnwgpu/api/GPUComputePassEncoder.cpp.o
  [14/29] Building CXX object CMakeFiles/react-native-webgpu.dir/Users/briones/.config/tuft/sessions/1788364493.114729/worktrees/agp-new-dsl/node_modules/react-native-webgpu/cpp/rnwgpu/api/GPUSharedTextureMemory.cpp.o
  [15/29] Building CXX object CMakeFiles/react-native-webgpu.dir/Users/briones/.config/tuft/sessions/1788364493.114729/worktrees/agp-new-dsl/node_modules/react-native-webgpu/cpp/jsi/Promise.cpp.o
  [16/29] Building CXX object CMakeFiles/react-native-webgpu.dir/Users/briones/.config/tuft/sessions/1788364493.114729/worktrees/agp-new-dsl/node_modules/react-native-webgpu/cpp/jsi/RuntimeLifecycleMonitor.cpp.o
  [17/29] Building CXX object CMakeFiles/react-native-webgpu.dir/Users/briones/.config/tuft/sessions/1788364493.114729/worktrees/agp-new-dsl/node_modules/react-native-webgpu/cpp/rnwgpu/api/GPUCommandEncoder.cpp.o
  [18/29] Building CXX object CMakeFiles/react-native-webgpu.dir/Users/briones/.config/tuft/sessions/1788364493.114729/worktrees/agp-new-dsl/node_modules/react-native-webgpu/cpp/jsi/RuntimeAwareCache.cpp.o
  [19/29] Building CXX object CMakeFiles/react-native-webgpu.dir/Users/briones/.config/tuft/sessions/1788364493.114729/worktrees/agp-new-dsl/node_modules/react-native-webgpu/cpp/rnwgpu/api/GPURenderBundleEncoder.cpp.o
  [20/29] Building CXX object CMakeFiles/react-native-webgpu.dir/Users/briones/.config/tuft/sessions/1788364493.114729/worktrees/agp-new-dsl/node_modules/react-native-webgpu/cpp/rnwgpu/async/RuntimeContext.cpp.o
  [21/29] Building CXX object CMakeFiles/react-native-webgpu.dir/Users/briones/.config/tuft/sessions/1788364493.114729/worktrees/agp-new-dsl/node_modules/react-native-webgpu/cpp/rnwgpu/api/GPURenderPassEncoder.cpp.o
  [22/29] Building CXX object CMakeFiles/react-native-webgpu.dir/Users/briones/.config/tuft/sessions/1788364493.114729/worktrees/agp-new-dsl/node_modules/react-native-webgpu/cpp/rnwgpu/async/AsyncTaskHandle.cpp.o
  [23/29] Building CXX object CMakeFiles/react-native-webgpu.dir/cpp/cpp-adapter.cpp.o
  FAILED: CMakeFiles/react-native-webgpu.dir/cpp/cpp-adapter.cpp.o 
  /opt/homebrew/share/android-commandlinetools/ndk/28.2.13676358/toolchains/llvm/prebuilt/darwin-x86_64/bin/clang++ --target=aarch64-none-linux-android24 --sysroot=/opt/homebrew/share/android-commandlinetools/ndk/28.2.13676358/toolchains/llvm/prebuilt/darwin-x86_64/sysroot -DDEBUG=1 -DRNF_ENABLE_LOGS=0 -Dreact_native_webgpu_EXPORTS -I/Users/briones/.config/tuft/sessions/1788364493.114729/worktrees/agp-new-dsl/node_modules/react-native/ReactCommon/callinvoker -I/Users/briones/.config/tuft/sessions/1788364493.114729/worktrees/agp-new-dsl/node_modules/react-native/ReactCommon/jsi -I/Users/briones/.config/tuft/sessions/1788364493.114729/worktrees/agp-new-dsl/node_modules/react-native/ReactCommon -I/Users/briones/.config/tuft/sessions/1788364493.114729/worktrees/agp-new-dsl/node_modules/react-native/ReactCommon/react/nativemodule/core -I/Users/briones/.config/tuft/sessions/1788364493.114729/worktrees/agp-new-dsl/node_modules/react-native/ReactCommon/runtimeexecutor -I/Users/briones/.config/tuft/sessions/1788364493.114729/worktrees/agp-new-dsl/node_modules/react-native/ReactAndroid/src/main/jni -I/Users/briones/.config/tuft/sessions/1788364493.114729/worktrees/agp-new-dsl/node_modules/react-native/ReactAndroid/src/main/java/com/facebook/react/turbomodule/core/jni -I/Users/briones/.config/tuft/sessions/1788364493.114729/worktrees/agp-new-dsl/node_modules/react-native/ReactAndroid/src/main/jni/react/turbomodule -I/Users/briones/.config/tuft/sessions/1788364493.114729/worktrees/agp-new-dsl/node_modules/react-native-webgpu/android/../cpp -I/Users/briones/.config/tuft/sessions/1788364493.114729/worktrees/agp-new-dsl/node_modules/react-native-webgpu/android/../cpp/rnwgpu -I/Users/briones/.config/tuft/sessions/1788364493.114729/worktrees/agp-new-dsl/node_modules/react-native-webgpu/android/../cpp/rnwgpu/api -I/Users/briones/.config/tuft/sessions/1788364493.114729/worktrees/agp-new-dsl/node_modules/react-native-webgpu/android/../cpp/rnwgpu/api/descriptors -I/Users/briones/.config/tuft/sessions/1788364493.114729/worktrees/agp-new-dsl/node_modules/react-native-webgpu/android/../cpp/jsi -I/Users/briones/.config/tuft/sessions/1788364493.114729/worktrees/agp-new-dsl/node_modules/react-native-webgpu/android/../cpp/webgpu -I/Users/briones/.config/tuft/sessions/1788364493.114729/worktrees/agp-new-dsl/node_modules/react-native-webgpu/android/../cpp/platform -isystem /Users/briones/.gradle/caches/9.4.1/transforms/f6848d125568c27e2cc3b551e5d17225/transformed/fbjni-0.7.0/prefab/modules/fbjni/include -isystem /Users/briones/.gradle/caches/9.4.1/transforms/c93ccab7e7d1e446a7ebf5d1446aa0d3/transformed/react-android-0.87.0-debug/prefab/modules/jsi/include -isystem /Users/briones/.gradle/caches/9.4.1/transforms/c93ccab7e7d1e446a7ebf5d1446aa0d3/transformed/react-android-0.87.0-debug/prefab/modules/reactnative/include -g -DANDROID -fdata-sections -ffunction-sections -funwind-tables -fstack-protector-strong -no-canonical-prefixes -D_FORTIFY_SOURCE=2 -Wformat -Werror=format-security  -fexceptions -frtti -DONANDROID -fno-limit-debug-info  -fPIC -std=gnu++20 -MD -MT CMakeFiles/react-native-webgpu.dir/cpp/cpp-adapter.cpp.o -MF CMakeFiles/react-native-webgpu.dir/cpp/cpp-adapter.cpp.o.d -o CMakeFiles/react-native-webgpu.dir/cpp/cpp-adapter.cpp.o -c /Users/briones/.config/tuft/sessions/1788364493.114729/worktrees/agp-new-dsl/node_modules/react-native-webgpu/android/cpp/cpp-adapter.cpp
  In file included from /Users/briones/.config/tuft/sessions/1788364493.114729/worktrees/agp-new-dsl/node_modules/react-native-webgpu/android/cpp/cpp-adapter.cpp:12:
  /Users/briones/.config/tuft/sessions/1788364493.114729/worktrees/agp-new-dsl/node_modules/react-native-webgpu/android/cpp/AndroidPlatformContext.h:235:15: error: 'AHardwareBuffer_allocate' is unavailable: introduced in Android 26
    235 |     int err = AHardwareBuffer_allocate(&desc, &buffer);
        |               ^
  /opt/homebrew/share/android-commandlinetools/ndk/28.2.13676358/toolchains/llvm/prebuilt/darwin-x86_64/sysroot/usr/include/android/hardware_buffer.h:422:5: note: 'AHardwareBuffer_allocate' has been explicitly marked unavailable here
    422 | int AHardwareBuffer_allocate(const AHardwareBuffer_Desc* _Nonnull desc,
        |     ^
  In file included from /Users/briones/.config/tuft/sessions/1788364493.114729/worktrees/agp-new-dsl/node_modules/react-native-webgpu/android/cpp/cpp-adapter.cpp:12:
  /Users/briones/.config/tuft/sessions/1788364493.114729/worktrees/agp-new-dsl/node_modules/react-native-webgpu/android/cpp/AndroidPlatformContext.h:243:5: error: 'AHardwareBuffer_describe' is unavailable: introduced in Android 26
    243 |     AHardwareBuffer_describe(buffer, &actualDesc);
        |     ^
  /opt/homebrew/share/android-commandlinetools/ndk/28.2.13676358/toolchains/llvm/prebuilt/darwin-x86_64/sysroot/usr/include/android/hardware_buffer.h:448:6: note: 'AHardwareBuffer_describe' has been explicitly marked unavailable here
    448 | void AHardwareBuffer_describe(const AHardwareBuffer* _Nonnull buffer,
        |      ^
  In file included from /Users/briones/.config/tuft/sessions/1788364493.114729/worktrees/agp-new-dsl/node_modules/react-native-webgpu/android/cpp/cpp-adapter.cpp:12:
  /Users/briones/.config/tuft/sessions/1788364493.114729/worktrees/agp-new-dsl/node_modules/react-native-webgpu/android/cpp/AndroidPlatformContext.h:247:14: error: 'AHardwareBuffer_lock' is unavailable: introduced in Android 26
    247 |     int rc = AHardwareBuffer_lock(
        |              ^
  /opt/homebrew/share/android-commandlinetools/ndk/28.2.13676358/toolchains/llvm/prebuilt/darwin-x86_64/sysroot/usr/include/android/hardware_buffer.h:503:5: note: 'AHardwareBuffer_lock' has been explicitly marked unavailable here
    503 | int AHardwareBuffer_lock(AHardwareBuffer* _Nonnull buffer, uint64_t usage, int32_t fence,
        |     ^
  In file included from /Users/briones/.config/tuft/sessions/1788364493.114729/worktrees/agp-new-dsl/node_modules/react-native-webgpu/android/cpp/cpp-adapter.cpp:12:
  /Users/briones/.config/tuft/sessions/1788364493.114729/worktrees/agp-new-dsl/node_modules/react-native-webgpu/android/cpp/AndroidPlatformContext.h:250:7: error: 'AHardwareBuffer_release' is unavailable: introduced in Android 26
    250 |       AHardwareBuffer_release(buffer);
        |       ^
  /opt/homebrew/share/android-commandlinetools/ndk/28.2.13676358/toolchains/llvm/prebuilt/darwin-x86_64/sysroot/usr/include/android/hardware_buffer.h:440:6: note: 'AHardwareBuffer_release' has been explicitly marked unavailable here
    440 | void AHardwareBuffer_release(AHardwareBuffer* _Nonnull buffer) __INTRODUCED_IN(26);
        |      ^
  In file included from /Users/briones/.config/tuft/sessions/1788364493.114729/worktrees/agp-new-dsl/node_modules/react-native-webgpu/android/cpp/cpp-adapter.cpp:12:
  /Users/briones/.config/tuft/sessions/1788364493.114729/worktrees/agp-new-dsl/node_modules/react-native-webgpu/android/cpp/AndroidPlatformContext.h:275:5: error: 'AHardwareBuffer_unlock' is unavailable: introduced in Android 26
    275 |     AHardwareBuffer_unlock(buffer, nullptr);
        |     ^
  /opt/homebrew/share/android-commandlinetools/ndk/28.2.13676358/toolchains/llvm/prebuilt/darwin-x86_64/sysroot/usr/include/android/hardware_buffer.h:525:5: note: 'AHardwareBuffer_unlock' has been explicitly marked unavailable here
    525 | int AHardwareBuffer_unlock(AHardwareBuffer* _Nonnull buffer, int32_t* _Nullable fence)
        |     ^
  In file included from /Users/briones/.config/tuft/sessions/1788364493.114729/worktrees/agp-new-dsl/node_modules/react-native-webgpu/android/cpp/cpp-adapter.cpp:12:
  /Users/briones/.config/tuft/sessions/1788364493.114729/worktrees/agp-new-dsl/node_modules/react-native-webgpu/android/cpp/AndroidPlatformContext.h:281:35: error: 'AHardwareBuffer_release' is unavailable: introduced in Android 26
    281 |     handle.deleter = [buffer]() { AHardwareBuffer_release(buffer); };
        |                                   ^
  /opt/homebrew/share/android-commandlinetools/ndk/28.2.13676358/toolchains/llvm/prebuilt/darwin-x86_64/sysroot/usr/include/android/hardware_buffer.h:440:6: note: 'AHardwareBuffer_release' has been explicitly marked unavailable here
    440 | void AHardwareBuffer_release(AHardwareBuffer* _Nonnull buffer) __INTRODUCED_IN(26);
        |      ^
  In file included from /Users/briones/.config/tuft/sessions/1788364493.114729/worktrees/agp-new-dsl/node_modules/react-native-webgpu/android/cpp/cpp-adapter.cpp:12:
  /Users/briones/.config/tuft/sessions/1788364493.114729/worktrees/agp-new-dsl/node_modules/react-native-webgpu/android/cpp/AndroidPlatformContext.h:306:5: error: 'AHardwareBuffer_describe' is unavailable: introduced in Android 26
    306 |     AHardwareBuffer_describe(buffer, &desc);
        |     ^
  /opt/homebrew/share/android-commandlinetools/ndk/28.2.13676358/toolchains/llvm/prebuilt/darwin-x86_64/sysroot/usr/include/android/hardware_buffer.h:448:6: note: 'AHardwareBuffer_describe' has been explicitly marked unavailable here
    448 | void AHardwareBuffer_describe(const AHardwareBuffer* _Nonnull buffer,
        |      ^
  In file included from /Users/briones/.config/tuft/sessions/1788364493.114729/worktrees/agp-new-dsl/node_modules/react-native-webgpu/android/cpp/cpp-adapter.cpp:12:
  /Users/briones/.config/tuft/sessions/1788364493.114729/worktrees/agp-new-dsl/node_modules/react-native-webgpu/android/cpp/AndroidPlatformContext.h:323:5: error: 'AHardwareBuffer_acquire' is unavailable: introduced in Android 26
    323 |     AHardwareBuffer_acquire(buffer);
        |     ^
  /opt/homebrew/share/android-commandlinetools/ndk/28.2.13676358/toolchains/llvm/prebuilt/darwin-x86_64/sysroot/usr/include/android/hardware_buffer.h:432:6: note: 'AHardwareBuffer_acquire' has been explicitly marked unavailable here
    432 | void AHardwareBuffer_acquire(AHardwareBuffer* _Nonnull buffer) __INTRODUCED_IN(26);
        |      ^
  In file included from /Users/briones/.config/tuft/sessions/1788364493.114729/worktrees/agp-new-dsl/node_modules/react-native-webgpu/android/cpp/cpp-adapter.cpp:12:
  /Users/briones/.config/tuft/sessions/1788364493.114729/worktrees/agp-new-dsl/node_modules/react-native-webgpu/android/cpp/AndroidPlatformContext.h:341:35: error: 'AHardwareBuffer_release' is unavailable: introduced in Android 26
    341 |     handle.deleter = [buffer]() { AHardwareBuffer_release(buffer); };
        |                                   ^
  /opt/homebrew/share/android-commandlinetools/ndk/28.2.13676358/toolchains/llvm/prebuilt/darwin-x86_64/sysroot/usr/include/android/hardware_buffer.h:440:6: note: 'AHardwareBuffer_release' has been explicitly marked unavailable here
    440 | void AHardwareBuffer_release(AHardwareBuffer* _Nonnull buffer) __INTRODUCED_IN(26);
        |      ^
  9 errors generated.
  [24/29] Building CXX object CMakeFiles/react-native-webgpu.dir/Users/briones/.config/tuft/sessions/1788364493.114729/worktrees/agp-new-dsl/node_modules/react-native-webgpu/cpp/rnwgpu/api/GPU.cpp.o
  /Users/briones/.config/tuft/sessions/1788364493.114729/worktrees/agp-new-dsl/node_modules/react-native-webgpu/cpp/rnwgpu/api/GPU.cpp:136:13: warning: 13 enumeration values not handled in switch: 'UniformBufferStandardLayout', 'SubgroupId', 'TextureAndSamplerLet'... [-Wswitch]
    136 |     switch (feature) {
        |             ^~~~~~~
  1 warning generated.
  [25/29] Building CXX object CMakeFiles/react-native-webgpu.dir/Users/briones/.config/tuft/sessions/1788364493.114729/worktrees/agp-new-dsl/node_modules/react-native-webgpu/cpp/rnwgpu/api/GPUDevice.cpp.o
  [26/29] Building CXX object CMakeFiles/react-native-webgpu.dir/Users/briones/.config/tuft/sessions/1788364493.114729/worktrees/agp-new-dsl/node_modules/react-native-webgpu/cpp/rnwgpu/api/GPUCanvasContext.cpp.o
  [27/29] Building CXX object CMakeFiles/react-native-webgpu.dir/Users/briones/.config/tuft/sessions/1788364493.114729/worktrees/agp-new-dsl/node_modules/react-native-webgpu/cpp/rnwgpu/api/GPUAdapter.cpp.o
  [28/29] Building CXX object CMakeFiles/react-native-webgpu.dir/Users/briones/.config/tuft/sessions/1788364493.114729/worktrees/agp-new-dsl/node_modules/react-native-webgpu/cpp/rnwgpu/RNWebGPUManager.cpp.o
  ninja: build stopped: subcommand failed.
  
  C++ build system [build] failed while executing:
      /opt/homebrew/share/android-commandlinetools/cmake/3.22.1/bin/ninja \
        -C \
        /Users/briones/.config/tuft/sessions/1788364493.114729/worktrees/agp-new-dsl/node_modules/react-native-webgpu/android/.cxx/Debug/64653w5c/arm64-v8a \
        react-native-webgpu
    from /Users/briones/.config/tuft/sessions/1788364493.114729/worktrees/agp-new-dsl/node_modules/react-native-webgpu/android

* Try:
> Run with --stacktrace option to get the stack trace.
> Run with --info or --debug option to get more log output.
> Run with --scan to get full insights from a Build Scan (powered by Develocity).
> Get more help at https://help.gradle.org.

Deprecated Gradle features were used in this build, making it incompatible with Gradle 10.

You can use '--warning-mode all' to show the individual deprecation warnings and determine if they come from your own scripts or plugins.

For more on this, please refer to https://docs.gradle.org/9.4.1/userguide/command_line_interface.html#sec:command_line_warnings in the Gradle documentation.

BUILD FAILED in 1m 45s
171 actionable tasks: 152 executed, 19 up-to-date
== retry without new DSL flags
> Task :expo-gradle-plugin:expo-autolinking-settings-plugin:checkKotlinGradlePluginConfigurationErrors SKIPPED
> Task :expo-gradle-plugin:expo-autolinking-plugin-shared:checkKotlinGradlePluginConfigurationErrors SKIPPED
> Task :gradle-plugin:shared:checkKotlinGradlePluginConfigurationErrors SKIPPED
> Task :gradle-plugin:settings-plugin:checkKotlinGradlePluginConfigurationErrors SKIPPED
> Task :expo-gradle-plugin:expo-autolinking-settings-plugin:pluginDescriptors UP-TO-DATE
> Task :gradle-plugin:settings-plugin:pluginDescriptors UP-TO-DATE
> Task :expo-gradle-plugin:expo-autolinking-settings-plugin:processResources UP-TO-DATE
> Task :gradle-plugin:settings-plugin:processResources UP-TO-DATE
> Task :expo-gradle-plugin:expo-autolinking-plugin-shared:compileKotlin UP-TO-DATE
> Task :gradle-plugin:shared:compileKotlin UP-TO-DATE
> Task :expo-gradle-plugin:expo-autolinking-plugin-shared:compileJava NO-SOURCE
> Task :gradle-plugin:shared:compileJava NO-SOURCE
> Task :expo-gradle-plugin:expo-autolinking-plugin-shared:processResources NO-SOURCE
> Task :expo-gradle-plugin:expo-autolinking-plugin-shared:classes UP-TO-DATE
> Task :gradle-plugin:shared:processResources NO-SOURCE
> Task :gradle-plugin:shared:classes UP-TO-DATE
> Task :expo-gradle-plugin:expo-autolinking-plugin-shared:jar UP-TO-DATE
> Task :gradle-plugin:shared:jar UP-TO-DATE
> Task :gradle-plugin:settings-plugin:compileKotlin UP-TO-DATE
> Task :gradle-plugin:settings-plugin:compileJava NO-SOURCE
> Task :gradle-plugin:settings-plugin:classes UP-TO-DATE
> Task :expo-gradle-plugin:expo-autolinking-settings-plugin:compileKotlin UP-TO-DATE
> Task :expo-gradle-plugin:expo-autolinking-settings-plugin:compileJava NO-SOURCE
> Task :expo-gradle-plugin:expo-autolinking-settings-plugin:classes UP-TO-DATE
> Task :gradle-plugin:settings-plugin:jar UP-TO-DATE
> Task :expo-gradle-plugin:expo-autolinking-settings-plugin:jar UP-TO-DATE
> Task :expo-gradle-plugin:expo-autolinking-plugin:checkKotlinGradlePluginConfigurationErrors SKIPPED
> Task :gradle-plugin:react-native-gradle-plugin:checkKotlinGradlePluginConfigurationErrors SKIPPED
> Task :expo-gradle-plugin:expo-max-sdk-override-plugin:checkKotlinGradlePluginConfigurationErrors SKIPPED
> Task :expo-module-gradle-plugin:checkKotlinGradlePluginConfigurationErrors SKIPPED
> Task :expo-module-gradle-plugin:pluginDescriptors UP-TO-DATE
> Task :expo-module-gradle-plugin:processResources UP-TO-DATE
> Task :expo-gradle-plugin:expo-autolinking-plugin:compileKotlin UP-TO-DATE
> Task :expo-gradle-plugin:expo-max-sdk-override-plugin:compileKotlin UP-TO-DATE
> Task :expo-gradle-plugin:expo-autolinking-plugin:compileJava NO-SOURCE
> Task :gradle-plugin:react-native-gradle-plugin:compileKotlin UP-TO-DATE
> Task :expo-gradle-plugin:expo-max-sdk-override-plugin:compileJava NO-SOURCE
> Task :expo-gradle-plugin:expo-autolinking-plugin:pluginDescriptors UP-TO-DATE
> Task :expo-gradle-plugin:expo-max-sdk-override-plugin:pluginDescriptors UP-TO-DATE
> Task :gradle-plugin:react-native-gradle-plugin:compileJava NO-SOURCE
> Task :expo-gradle-plugin:expo-autolinking-plugin:processResources UP-TO-DATE
> Task :expo-gradle-plugin:expo-autolinking-plugin:classes UP-TO-DATE
> Task :gradle-plugin:react-native-gradle-plugin:pluginDescriptors UP-TO-DATE
> Task :expo-gradle-plugin:expo-max-sdk-override-plugin:processResources UP-TO-DATE
> Task :expo-gradle-plugin:expo-max-sdk-override-plugin:classes UP-TO-DATE
> Task :expo-gradle-plugin:expo-autolinking-plugin:jar UP-TO-DATE
> Task :expo-gradle-plugin:expo-max-sdk-override-plugin:jar UP-TO-DATE
> Task :gradle-plugin:react-native-gradle-plugin:processResources UP-TO-DATE
> Task :gradle-plugin:react-native-gradle-plugin:classes UP-TO-DATE
> Task :gradle-plugin:react-native-gradle-plugin:jar UP-TO-DATE
> Task :expo-module-gradle-plugin:compileKotlin UP-TO-DATE
> Task :expo-module-gradle-plugin:compileJava NO-SOURCE
> Task :expo-module-gradle-plugin:classes UP-TO-DATE
> Task :expo-module-gradle-plugin:jar UP-TO-DATE

> Configure project :app
WARNING: The option setting 'android.builtInKotlin=false' is deprecated.
The current default is 'true'.
It will be removed in version 10.0 of the Android Gradle plugin.
WARNING: The option setting 'android.newDsl=false' is deprecated.
The current default is 'true'.
It will be removed in version 10.0 of the Android Gradle plugin.
 ℹ️  [33mApplying gradle plugin[0m '[32mexpo-max-sdk-override-plugin[0m'
  [expo-max-sdk-override-plugin] This plugin will find all permissions declared with `android:maxSdkVersion`. If there exists a declaration with the `android:maxSdkVersion` annotation and another one without, the plugin will remove the annotation from the final merged manifest. In order to see a log with the changes run a clean build of the app.
WARNING: API 'applicationVariants' is obsolete and has been replaced with 'AndroidComponentsExtension'.
It will be removed in version 10.0 of the Android Gradle plugin.
The legacy variant API is disabled by default in AGP 9.0, but can be re-enabled by adding 
    android.newDsl=false
to this project's gradle.properties file.
For more information, see http://developer.android.com/build/r/new-dsl.

To determine what is calling applicationVariants, use -Pandroid.debug.obsoleteApi=true on the command line to display more information.
WARNING: API 'testVariants' is obsolete and has been replaced with 'AndroidComponentsExtension'.
It will be removed in version 10.0 of the Android Gradle plugin.
The legacy variant API is disabled by default in AGP 9.0, but can be re-enabled by adding 
    android.newDsl=false
to this project's gradle.properties file.
For more information, see http://developer.android.com/build/r/new-dsl.

To determine what is calling testVariants, use -Pandroid.debug.obsoleteApi=true on the command line to display more information.
WARNING: API 'unitTestVariants' is obsolete and has been replaced with 'AndroidComponentsExtension'.
It will be removed in version 10.0 of the Android Gradle plugin.
The legacy variant API is disabled by default in AGP 9.0, but can be re-enabled by adding 
    android.newDsl=false
to this project's gradle.properties file.
For more information, see http://developer.android.com/build/r/new-dsl.

To determine what is calling unitTestVariants, use -Pandroid.debug.obsoleteApi=true on the command line to display more information.

> Configure project :
[32m[ExpoRootProject][0m Using the following versions:
  - buildTools:  [32m37.0.0[0m
  - minSdk:      [32m24[0m
  - compileSdk:  [32m37[0m
  - targetSdk:   [32m36[0m
  - ndk:         [32m27.1.12297006[0m
  - kotlin:      [32m2.2.0[0m
  - ksp:         [32m2.2.0-2.0.2[0m

> Configure project :expo
WARNING: API 'libraryVariants' is obsolete and has been replaced with 'AndroidComponentsExtension'.
It will be removed in version 10.0 of the Android Gradle plugin.
The legacy variant API is disabled by default in AGP 9.0, but can be re-enabled by adding 
    android.newDsl=false
to this project's gradle.properties file.
For more information, see http://developer.android.com/build/r/new-dsl.

To determine what is calling libraryVariants, use -Pandroid.debug.obsoleteApi=true on the command line to display more information.

Using expo modules
  - [32mexpo-log-box[0m (58.0.0-canary-20260902-26df09e)
  - [32mexpo-constants[0m (58.0.0-canary-20260902-26df09e)
  - [32mexpo-modules-core[0m (58.0.0-canary-20260902-26df09e)
  - [33m[📦][0m [32mexpo-dom-webview[0m (58.0.0-canary-20260902-26df09e)
  - [33m[📦][0m [32mexpo-ui[0m (58.0.0-canary-20260902-26df09e)
  - [33m[📦][0m [32mexpo-asset[0m (58.0.0-canary-20260902-26df09e)
  - [33m[📦][0m [32mexpo-device[0m (58.0.0-canary-20260902-26df09e)
  - [33m[📦][0m [32mexpo-file-system[0m (58.0.0-canary-20260902-26df09e)
  - [33m[📦][0m [32mexpo-font[0m (58.0.0-canary-20260902-26df09e)
  - [33m[📦][0m [32mexpo-image[0m (58.0.0-canary-20260902-26df09e)
  - [33m[📦][0m [32mexpo-keep-awake[0m (58.0.0-canary-20260902-26df09e)
  - [33m[📦][0m [32mexpo-linking[0m (58.0.0-canary-20260902-26df09e)
  - [33m[📦][0m [32mexpo-splash-screen[0m (58.0.0-canary-20260902-26df09e)
  - [33m[📦][0m [32mexpo-status-bar[0m (58.0.0-canary-20260902-26df09e)
  - [33m[📦][0m [32mexpo-system-ui[0m (58.0.0-canary-20260902-26df09e)
  - [33m[📦][0m [32mexpo-web-browser[0m (58.0.0-canary-20260902-26df09e)


> Task :expo-log-box:preBuild UP-TO-DATE
> Task :expo-modules-core:preBuild UP-TO-DATE
> Task :expo-modules-core:preDebugBuild UP-TO-DATE
> Task :expo-log-box:preDebugBuild UP-TO-DATE
> Task :app:generateAutolinkingNewArchitectureFiles UP-TO-DATE
> Task :react-native-webgpu:generateCodegenSchemaFromJavaScript UP-TO-DATE
> Task :app:generateAutolinkingPackageList UP-TO-DATE
> Task :expo-log-box:processDebugNavigationResources UP-TO-DATE
> Task :expo-modules-core:processDebugNavigationResources UP-TO-DATE
> Task :expo-modules-core:checkKotlinGradlePluginConfigurationErrors SKIPPED
> Task :expo-log-box:checkKotlinGradlePluginConfigurationErrors SKIPPED
> Task :app:generateCodegenSchemaFromJavaScript SKIPPED
> Task :expo-modules-core:generateDebugBuildConfig UP-TO-DATE
> Task :app:generateCodegenArtifactsFromSchema SKIPPED
> Task :expo-modules-core:generateDebugResources UP-TO-DATE
> Task :expo-log-box:generateDebugBuildConfig UP-TO-DATE
> Task :app:generateReactNativeEntryPoint UP-TO-DATE
> Task :app:checkKotlinGradlePluginConfigurationErrors SKIPPED
> Task :app:generateDebugAssets UP-TO-DATE
> Task :expo-log-box:generateDebugResources UP-TO-DATE
> Task :react-native-webgpu:generateCodegenArtifactsFromSchema UP-TO-DATE
> Task :react-native-webgpu:preBuild UP-TO-DATE
> Task :react-native-webgpu:preDebugBuild UP-TO-DATE
> Task :expo-log-box:packageDebugResources UP-TO-DATE
> Task :expo-modules-core:packageDebugResources UP-TO-DATE
> Task :react-native-webgpu:processDebugNavigationResources UP-TO-DATE
> Task :react-native-webgpu:generateDebugBuildConfig UP-TO-DATE
> Task :expo-modules-core:parseDebugLocalResources UP-TO-DATE
> Task :expo-log-box:parseDebugLocalResources UP-TO-DATE
> Task :react-native-webgpu:generateDebugResources UP-TO-DATE
> Task :expo-modules-core:generateDebugRFile UP-TO-DATE
> Task :expo-log-box:generateDebugRFile UP-TO-DATE
> Task :expo-log-box:javaPreCompileDebug UP-TO-DATE
> Task :expo-log-box:generateDebugAssets UP-TO-DATE
> Task :react-native-webgpu:packageDebugResources UP-TO-DATE
> Task :expo-log-box:mergeDebugAssets UP-TO-DATE
> Task :react-native-webgpu:parseDebugLocalResources UP-TO-DATE
> Task :expo-log-box:writeDebugAarMetadata UP-TO-DATE
> Task :react-native-webgpu:generateDebugRFile UP-TO-DATE
> Task :react-native-webgpu:javaPreCompileDebug UP-TO-DATE
> Task :expo-log-box:extractDeepLinksDebug UP-TO-DATE
> Task :expo-log-box:processDebugManifest UP-TO-DATE
> Task :expo-log-box:mapDebugSourceSetPaths UP-TO-DATE
> Task :expo-log-box:compileDebugLibraryResources UP-TO-DATE
> Task :expo-log-box:mergeDebugJniLibFolders UP-TO-DATE
> Task :expo-log-box:mergeDebugNativeLibs NO-SOURCE
> Task :expo-log-box:copyDebugJniLibsProjectOnly UP-TO-DATE
> Task :react-native-webgpu:compileDebugJavaWithJavac UP-TO-DATE
> Task :react-native-webgpu:bundleLibCompileToJarDebug UP-TO-DATE
> Task :react-native-webgpu:generateDebugAssets UP-TO-DATE
> Task :react-native-webgpu:mergeDebugAssets UP-TO-DATE
> Task :react-native-webgpu:processDebugJavaRes NO-SOURCE
> Task :react-native-webgpu:bundleLibRuntimeToDirDebug UP-TO-DATE
> Task :react-native-webgpu:writeDebugAarMetadata UP-TO-DATE
> Task :react-native-webgpu:extractDeepLinksDebug UP-TO-DATE
> Task :react-native-webgpu:processDebugManifest UP-TO-DATE
> Task :react-native-webgpu:mapDebugSourceSetPaths UP-TO-DATE
> Task :react-native-webgpu:compileDebugLibraryResources UP-TO-DATE
> Task :expo:generateInlineModules
> Task :expo:generatePackagesList UP-TO-DATE
> Task :expo:preBuild
> Task :expo:preDebugBuild
> Task :expo:processDebugNavigationResources UP-TO-DATE
> Task :expo:checkKotlinGradlePluginConfigurationErrors SKIPPED
> Task :expo:generateDebugResources UP-TO-DATE
> Task :expo:packageDebugResources UP-TO-DATE
> Task :expo:parseDebugLocalResources UP-TO-DATE
> Task :expo:generateDebugRFile UP-TO-DATE
> Task :expo:javaPreCompileDebug UP-TO-DATE
> Task :expo:generateDebugAssets UP-TO-DATE
> Task :expo:mergeDebugAssets UP-TO-DATE
> Task :expo:writeDebugAarMetadata UP-TO-DATE
> Task :expo:extractDeepLinksDebug UP-TO-DATE
> Task :expo:processDebugManifest UP-TO-DATE
> Task :expo:mapDebugSourceSetPaths UP-TO-DATE
> Task :expo:compileDebugLibraryResources UP-TO-DATE
> Task :react-native-webgpu:configureCMakeDebug[arm64-v8a]
> Task :expo:mergeDebugJniLibFolders UP-TO-DATE
> Task :expo:mergeDebugNativeLibs NO-SOURCE
> Task :expo:copyDebugJniLibsProjectOnly UP-TO-DATE

> Task :expo-constants:createExpoConfig
The NODE_ENV environment variable is required but was not specified. Ensure the project is bundled with Expo CLI or NODE_ENV is set. Using only .env.local and .env

> Task :expo-constants:preBuild
> Task :expo-constants:preDebugBuild
> Task :app:preBuild
> Task :app:preDebugBuild
> Task :app:mergeDebugNativeDebugMetadata NO-SOURCE
> Task :expo-constants:processDebugNavigationResources UP-TO-DATE
> Task :expo-constants:checkKotlinGradlePluginConfigurationErrors SKIPPED
> Task :expo-constants:generateDebugResources UP-TO-DATE
> Task :app:generateDebugBuildConfig UP-TO-DATE
> Task :app:generateDebugResValues UP-TO-DATE
> Task :app:generateDebugResources UP-TO-DATE
> Task :expo-constants:packageDebugResources UP-TO-DATE
> Task :app:packageDebugResources UP-TO-DATE
> Task :expo-constants:parseDebugLocalResources UP-TO-DATE
> Task :expo-constants:generateDebugRFile UP-TO-DATE
> Task :expo-constants:javaPreCompileDebug UP-TO-DATE
> Task :expo-constants:generateDebugAssets UP-TO-DATE
> Task :expo-constants:mergeDebugAssets UP-TO-DATE
> Task :expo-constants:writeDebugAarMetadata UP-TO-DATE
> Task :expo-constants:extractDeepLinksDebug UP-TO-DATE
> Task :expo-constants:processDebugManifest UP-TO-DATE
> Task :expo-constants:mapDebugSourceSetPaths UP-TO-DATE
> Task :expo-constants:compileDebugLibraryResources UP-TO-DATE
> Task :expo-constants:mergeDebugJniLibFolders UP-TO-DATE
> Task :expo-constants:mergeDebugNativeLibs NO-SOURCE
> Task :expo-constants:copyDebugJniLibsProjectOnly UP-TO-DATE
> Task :app:processDebugNavigationResources UP-TO-DATE
> Task :app:parseDebugLocalResources UP-TO-DATE
> Task :app:generateDebugRFile UP-TO-DATE
> Task :app:javaPreCompileDebug UP-TO-DATE
> Task :app:generateDebugGlobalSynthetics UP-TO-DATE
> Task :app:checkDebugDuplicateClasses UP-TO-DATE
> Task :app:desugarDebugFileDependencies UP-TO-DATE
> Task :expo-modules-core:javaPreCompileDebug UP-TO-DATE
> Task :expo-modules-core:generateDebugAssets UP-TO-DATE
> Task :expo-modules-core:mergeDebugAssets UP-TO-DATE
> Task :expo-modules-core:writeDebugAarMetadata UP-TO-DATE
> Task :expo-modules-core:extractDeepLinksDebug UP-TO-DATE
> Task :expo-modules-core:processDebugManifest UP-TO-DATE
> Task :expo-modules-core:mapDebugSourceSetPaths UP-TO-DATE
> Task :expo-modules-core:compileDebugLibraryResources UP-TO-DATE
> Task :app:mergeExtDexDebug UP-TO-DATE
> Task :app:mergeDebugAssets UP-TO-DATE
> Task :app:compressDebugAssets UP-TO-DATE
> Task :expo-modules-core:configureCMakeDebug[arm64-v8a]
> Task :app:checkDebugAarMetadata UP-TO-DATE
> Task :app:mapDebugSourceSetPaths UP-TO-DATE
> Task :app:compileDebugNavigationResources UP-TO-DATE
> Task :expo-modules-core:buildCMakeDebug[arm64-v8a]
> Task :expo-modules-core:mergeDebugJniLibFolders UP-TO-DATE
> Task :expo-modules-core:mergeDebugNativeLibs UP-TO-DATE
> Task :app:mergeDebugResources UP-TO-DATE
> Task :expo-modules-core:copyDebugJniLibsProjectOnly UP-TO-DATE
> Task :app:createDebugCompatibleScreenManifests UP-TO-DATE
> Task :app:extractDeepLinksDebug UP-TO-DATE
> Task :app:processDebugMainManifest UP-TO-DATE
> Task :app:expoDebugOverrideMaxSdkConflicts UP-TO-DATE
> Task :app:processDebugManifest UP-TO-DATE
> Task :app:processDebugManifestForPackage UP-TO-DATE
> Task :app:processDebugResources UP-TO-DATE
> Task :app:configureCMakeDebug[arm64-v8a]
> Task :app:buildCMakeDebug[arm64-v8a]
> Task :app:mergeDebugJniLibFolders UP-TO-DATE
> Task :app:validateSigningDebug UP-TO-DATE
> Task :app:writeDebugAppMetadata UP-TO-DATE
> Task :app:writeDebugSigningConfigVersions UP-TO-DATE

> Task :react-native-webgpu:buildCMakeDebug[arm64-v8a] FAILED
C/C++: ninja: Entering directory `/Users/briones/.config/tuft/sessions/1788364493.114729/worktrees/agp-new-dsl/node_modules/react-native-webgpu/android/.cxx/Debug/64653w5c/arm64-v8a'
C/C++: /opt/homebrew/share/android-commandlinetools/ndk/28.2.13676358/toolchains/llvm/prebuilt/darwin-x86_64/bin/clang++ --target=aarch64-none-linux-android24 --sysroot=/opt/homebrew/share/android-commandlinetools/ndk/28.2.13676358/toolchains/llvm/prebuilt/darwin-x86_64/sysroot -DDEBUG=1 -DRNF_ENABLE_LOGS=0 -Dreact_native_webgpu_EXPORTS -I/Users/briones/.config/tuft/sessions/1788364493.114729/worktrees/agp-new-dsl/node_modules/react-native/ReactCommon/callinvoker -I/Users/briones/.config/tuft/sessions/1788364493.114729/worktrees/agp-new-dsl/node_modules/react-native/ReactCommon/jsi -I/Users/briones/.config/tuft/sessions/1788364493.114729/worktrees/agp-new-dsl/node_modules/react-native/ReactCommon -I/Users/briones/.config/tuft/sessions/1788364493.114729/worktrees/agp-new-dsl/node_modules/react-native/ReactCommon/react/nativemodule/core -I/Users/briones/.config/tuft/sessions/1788364493.114729/worktrees/agp-new-dsl/node_modules/react-native/ReactCommon/runtimeexecutor -I/Users/briones/.config/tuft/sessions/1788364493.114729/worktrees/agp-new-dsl/node_modules/react-native/ReactAndroid/src/main/jni -I/Users/briones/.config/tuft/sessions/1788364493.114729/worktrees/agp-new-dsl/node_modules/react-native/ReactAndroid/src/main/java/com/facebook/react/turbomodule/core/jni -I/Users/briones/.config/tuft/sessions/1788364493.114729/worktrees/agp-new-dsl/node_modules/react-native/ReactAndroid/src/main/jni/react/turbomodule -I/Users/briones/.config/tuft/sessions/1788364493.114729/worktrees/agp-new-dsl/node_modules/react-native-webgpu/android/../cpp -I/Users/briones/.config/tuft/sessions/1788364493.114729/worktrees/agp-new-dsl/node_modules/react-native-webgpu/android/../cpp/rnwgpu -I/Users/briones/.config/tuft/sessions/1788364493.114729/worktrees/agp-new-dsl/node_modules/react-native-webgpu/android/../cpp/rnwgpu/api -I/Users/briones/.config/tuft/sessions/1788364493.114729/worktrees/agp-new-dsl/node_modules/react-native-webgpu/android/../cpp/rnwgpu/api/descriptors -I/Users/briones/.config/tuft/sessions/1788364493.114729/worktrees/agp-new-dsl/node_modules/react-native-webgpu/android/../cpp/jsi -I/Users/briones/.config/tuft/sessions/1788364493.114729/worktrees/agp-new-dsl/node_modules/react-native-webgpu/android/../cpp/webgpu -I/Users/briones/.config/tuft/sessions/1788364493.114729/worktrees/agp-new-dsl/node_modules/react-native-webgpu/android/../cpp/platform -isystem /Users/briones/.gradle/caches/9.4.1/transforms/f6848d125568c27e2cc3b551e5d17225/transformed/fbjni-0.7.0/prefab/modules/fbjni/include -isystem /Users/briones/.gradle/caches/9.4.1/transforms/c93ccab7e7d1e446a7ebf5d1446aa0d3/transformed/react-android-0.87.0-debug/prefab/modules/jsi/include -isystem /Users/briones/.gradle/caches/9.4.1/transforms/c93ccab7e7d1e446a7ebf5d1446aa0d3/transformed/react-android-0.87.0-debug/prefab/modules/reactnative/include -g -DANDROID -fdata-sections -ffunction-sections -funwind-tables -fstack-protector-strong -no-canonical-prefixes -D_FORTIFY_SOURCE=2 -Wformat -Werror=format-security  -fexceptions -frtti -DONANDROID -fno-limit-debug-info  -fPIC -std=gnu++20 -MD -MT CMakeFiles/react-native-webgpu.dir/cpp/cpp-adapter.cpp.o -MF CMakeFiles/react-native-webgpu.dir/cpp/cpp-adapter.cpp.o.d -o CMakeFiles/react-native-webgpu.dir/cpp/cpp-adapter.cpp.o -c /Users/briones/.config/tuft/sessions/1788364493.114729/worktrees/agp-new-dsl/node_modules/react-native-webgpu/android/cpp/cpp-adapter.cpp
C/C++: In file included from /Users/briones/.config/tuft/sessions/1788364493.114729/worktrees/agp-new-dsl/node_modules/react-native-webgpu/android/cpp/cpp-adapter.cpp:12:
C/C++: /Users/briones/.config/tuft/sessions/1788364493.114729/worktrees/agp-new-dsl/node_modules/react-native-webgpu/android/cpp/AndroidPlatformContext.h:235:15: error: 'AHardwareBuffer_allocate' is unavailable: introduced in Android 26
C/C++:   235 |     int err = AHardwareBuffer_allocate(&desc, &buffer);
C/C++:       |               ^
C/C++: /opt/homebrew/share/android-commandlinetools/ndk/28.2.13676358/toolchains/llvm/prebuilt/darwin-x86_64/sysroot/usr/include/android/hardware_buffer.h:422:5: note: 'AHardwareBuffer_allocate' has been explicitly marked unavailable here
C/C++:   422 | int AHardwareBuffer_allocate(const AHardwareBuffer_Desc* _Nonnull desc,
C/C++:       |     ^
C/C++: In file included from /Users/briones/.config/tuft/sessions/1788364493.114729/worktrees/agp-new-dsl/node_modules/react-native-webgpu/android/cpp/cpp-adapter.cpp:12:
C/C++: /Users/briones/.config/tuft/sessions/1788364493.114729/worktrees/agp-new-dsl/node_modules/react-native-webgpu/android/cpp/AndroidPlatformContext.h:243:5: error: 'AHardwareBuffer_describe' is unavailable: introduced in Android 26
C/C++:   243 |     AHardwareBuffer_describe(buffer, &actualDesc);
C/C++:       |     ^
C/C++: /opt/homebrew/share/android-commandlinetools/ndk/28.2.13676358/toolchains/llvm/prebuilt/darwin-x86_64/sysroot/usr/include/android/hardware_buffer.h:448:6: note: 'AHardwareBuffer_describe' has been explicitly marked unavailable here
C/C++:   448 | void AHardwareBuffer_describe(const AHardwareBuffer* _Nonnull buffer,
C/C++:       |      ^
C/C++: In file included from /Users/briones/.config/tuft/sessions/1788364493.114729/worktrees/agp-new-dsl/node_modules/react-native-webgpu/android/cpp/cpp-adapter.cpp:12:
C/C++: /Users/briones/.config/tuft/sessions/1788364493.114729/worktrees/agp-new-dsl/node_modules/react-native-webgpu/android/cpp/AndroidPlatformContext.h:247:14: error: 'AHardwareBuffer_lock' is unavailable: introduced in Android 26
C/C++:   247 |     int rc = AHardwareBuffer_lock(
C/C++:       |              ^
C/C++: /opt/homebrew/share/android-commandlinetools/ndk/28.2.13676358/toolchains/llvm/prebuilt/darwin-x86_64/sysroot/usr/include/android/hardware_buffer.h:503:5: note: 'AHardwareBuffer_lock' has been explicitly marked unavailable here
C/C++:   503 | int AHardwareBuffer_lock(AHardwareBuffer* _Nonnull buffer, uint64_t usage, int32_t fence,
C/C++:       |     ^
C/C++: In file included from /Users/briones/.config/tuft/sessions/1788364493.114729/worktrees/agp-new-dsl/node_modules/react-native-webgpu/android/cpp/cpp-adapter.cpp:12:
C/C++: /Users/briones/.config/tuft/sessions/1788364493.114729/worktrees/agp-new-dsl/node_modules/react-native-webgpu/android/cpp/AndroidPlatformContext.h:250:7: error: 'AHardwareBuffer_release' is unavailable: introduced in Android 26
C/C++:   250 |       AHardwareBuffer_release(buffer);
C/C++:       |       ^
C/C++: /opt/homebrew/share/android-commandlinetools/ndk/28.2.13676358/toolchains/llvm/prebuilt/darwin-x86_64/sysroot/usr/include/android/hardware_buffer.h:440:6: note: 'AHardwareBuffer_release' has been explicitly marked unavailable here
C/C++:   440 | void AHardwareBuffer_release(AHardwareBuffer* _Nonnull buffer) __INTRODUCED_IN(26);
C/C++:       |      ^
C/C++: In file included from /Users/briones/.config/tuft/sessions/1788364493.114729/worktrees/agp-new-dsl/node_modules/react-native-webgpu/android/cpp/cpp-adapter.cpp:12:
C/C++: /Users/briones/.config/tuft/sessions/1788364493.114729/worktrees/agp-new-dsl/node_modules/react-native-webgpu/android/cpp/AndroidPlatformContext.h:275:5: error: 'AHardwareBuffer_unlock' is unavailable: introduced in Android 26
C/C++:   275 |     AHardwareBuffer_unlock(buffer, nullptr);
C/C++:       |     ^
C/C++: /opt/homebrew/share/android-commandlinetools/ndk/28.2.13676358/toolchains/llvm/prebuilt/darwin-x86_64/sysroot/usr/include/android/hardware_buffer.h:525:5: note: 'AHardwareBuffer_unlock' has been explicitly marked unavailable here
C/C++:   525 | int AHardwareBuffer_unlock(AHardwareBuffer* _Nonnull buffer, int32_t* _Nullable fence)
C/C++:       |     ^
C/C++: In file included from /Users/briones/.config/tuft/sessions/1788364493.114729/worktrees/agp-new-dsl/node_modules/react-native-webgpu/android/cpp/cpp-adapter.cpp:12:
C/C++: /Users/briones/.config/tuft/sessions/1788364493.114729/worktrees/agp-new-dsl/node_modules/react-native-webgpu/android/cpp/AndroidPlatformContext.h:281:35: error: 'AHardwareBuffer_release' is unavailable: introduced in Android 26
C/C++:   281 |     handle.deleter = [buffer]() { AHardwareBuffer_release(buffer); };
C/C++:       |                                   ^
C/C++: /opt/homebrew/share/android-commandlinetools/ndk/28.2.13676358/toolchains/llvm/prebuilt/darwin-x86_64/sysroot/usr/include/android/hardware_buffer.h:440:6: note: 'AHardwareBuffer_release' has been explicitly marked unavailable here
C/C++:   440 | void AHardwareBuffer_release(AHardwareBuffer* _Nonnull buffer) __INTRODUCED_IN(26);
C/C++:       |      ^
C/C++: In file included from /Users/briones/.config/tuft/sessions/1788364493.114729/worktrees/agp-new-dsl/node_modules/react-native-webgpu/android/cpp/cpp-adapter.cpp:12:
C/C++: /Users/briones/.config/tuft/sessions/1788364493.114729/worktrees/agp-new-dsl/node_modules/react-native-webgpu/android/cpp/AndroidPlatformContext.h:306:5: error: 'AHardwareBuffer_describe' is unavailable: introduced in Android 26
C/C++:   306 |     AHardwareBuffer_describe(buffer, &desc);
C/C++:       |     ^
C/C++: /opt/homebrew/share/android-commandlinetools/ndk/28.2.13676358/toolchains/llvm/prebuilt/darwin-x86_64/sysroot/usr/include/android/hardware_buffer.h:448:6: note: 'AHardwareBuffer_describe' has been explicitly marked unavailable here
C/C++:   448 | void AHardwareBuffer_describe(const AHardwareBuffer* _Nonnull buffer,
C/C++:       |      ^
C/C++: In file included from /Users/briones/.config/tuft/sessions/1788364493.114729/worktrees/agp-new-dsl/node_modules/react-native-webgpu/android/cpp/cpp-adapter.cpp:12:
C/C++: /Users/briones/.config/tuft/sessions/1788364493.114729/worktrees/agp-new-dsl/node_modules/react-native-webgpu/android/cpp/AndroidPlatformContext.h:323:5: error: 'AHardwareBuffer_acquire' is unavailable: introduced in Android 26
C/C++:   323 |     AHardwareBuffer_acquire(buffer);
C/C++:       |     ^
C/C++: /opt/homebrew/share/android-commandlinetools/ndk/28.2.13676358/toolchains/llvm/prebuilt/darwin-x86_64/sysroot/usr/include/android/hardware_buffer.h:432:6: note: 'AHardwareBuffer_acquire' has been explicitly marked unavailable here
C/C++:   432 | void AHardwareBuffer_acquire(AHardwareBuffer* _Nonnull buffer) __INTRODUCED_IN(26);
C/C++:       |      ^
C/C++: In file included from /Users/briones/.config/tuft/sessions/1788364493.114729/worktrees/agp-new-dsl/node_modules/react-native-webgpu/android/cpp/cpp-adapter.cpp:12:
C/C++: /Users/briones/.config/tuft/sessions/1788364493.114729/worktrees/agp-new-dsl/node_modules/react-native-webgpu/android/cpp/AndroidPlatformContext.h:341:35: error: 'AHardwareBuffer_release' is unavailable: introduced in Android 26
C/C++:   341 |     handle.deleter = [buffer]() { AHardwareBuffer_release(buffer); };
C/C++:       |                                   ^
C/C++: /opt/homebrew/share/android-commandlinetools/ndk/28.2.13676358/toolchains/llvm/prebuilt/darwin-x86_64/sysroot/usr/include/android/hardware_buffer.h:440:6: note: 'AHardwareBuffer_release' has been explicitly marked unavailable here
C/C++:   440 | void AHardwareBuffer_release(AHardwareBuffer* _Nonnull buffer) __INTRODUCED_IN(26);
C/C++:       |      ^
C/C++: 9 errors generated.

> Task :expo-modules-core:compileDebugKotlin
w: file:///Users/briones/.config/tuft/sessions/1788364493.114729/worktrees/agp-new-dsl/node_modules/expo-modules-core/android/src/main/java/expo/modules/kotlin/jni/CppType.kt:42:23 'class NativeArrayBuffer : Destructible' is deprecated. Use ArrayBuffer instead.
w: file:///Users/briones/.config/tuft/sessions/1788364493.114729/worktrees/agp-new-dsl/node_modules/expo-modules-core/android/src/main/java/expo/modules/kotlin/jni/JavaCallback.kt:38:10 'class NativeArrayBuffer : Destructible' is deprecated. Use ArrayBuffer instead.
w: file:///Users/briones/.config/tuft/sessions/1788364493.114729/worktrees/agp-new-dsl/node_modules/expo-modules-core/android/src/main/java/expo/modules/kotlin/jni/JavaCallback.kt:96:45 'class NativeArrayBuffer : Destructible' is deprecated. Use ArrayBuffer instead.
w: file:///Users/briones/.config/tuft/sessions/1788364493.114729/worktrees/agp-new-dsl/node_modules/expo-modules-core/android/src/main/java/expo/modules/kotlin/jni/NativeArrayBuffer.kt:49:15 'class NativeArrayBuffer : Destructible' is deprecated. Use ArrayBuffer instead.
w: file:///Users/briones/.config/tuft/sessions/1788364493.114729/worktrees/agp-new-dsl/node_modules/expo-modules-core/android/src/main/java/expo/modules/kotlin/jni/NativeArrayBuffer.kt:64:30 'class NativeArrayBuffer : Destructible' is deprecated. Use ArrayBuffer instead.
w: file:///Users/briones/.config/tuft/sessions/1788364493.114729/worktrees/agp-new-dsl/node_modules/expo-modules-core/android/src/main/java/expo/modules/kotlin/jni/NativeArrayBuffer.kt:66:14 'constructor(byteBuffer: ByteBuffer): NativeArrayBuffer' is deprecated. Use ArrayBuffer instead.
w: file:///Users/briones/.config/tuft/sessions/1788364493.114729/worktrees/agp-new-dsl/node_modules/expo-modules-core/android/src/main/java/expo/modules/kotlin/jni/NativeArrayBuffer.kt:74:39 'class NativeArrayBuffer : Destructible' is deprecated. Use ArrayBuffer instead.
w: file:///Users/briones/.config/tuft/sessions/1788364493.114729/worktrees/agp-new-dsl/node_modules/expo-modules-core/android/src/main/java/expo/modules/kotlin/jni/NativeArrayBuffer.kt:75:7 'constructor(byteBuffer: ByteBuffer): NativeArrayBuffer' is deprecated. Use ArrayBuffer instead.
w: file:///Users/briones/.config/tuft/sessions/1788364493.114729/worktrees/agp-new-dsl/node_modules/expo-modules-core/android/src/main/java/expo/modules/kotlin/jni/NativeArrayBuffer.kt:80:37 'class NativeArrayBuffer : Destructible' is deprecated. Use ArrayBuffer instead.
w: file:///Users/briones/.config/tuft/sessions/1788364493.114729/worktrees/agp-new-dsl/node_modules/expo-modules-core/android/src/main/java/expo/modules/kotlin/jni/NativeArrayBuffer.kt:86:47 'class NativeArrayBuffer : Destructible' is deprecated. Use ArrayBuffer instead.
w: file:///Users/briones/.config/tuft/sessions/1788364493.114729/worktrees/agp-new-dsl/node_modules/expo-modules-core/android/src/main/java/expo/modules/kotlin/jni/NativeArrayBuffer.kt:92:23 'class NativeArrayBuffer : Destructible' is deprecated. Use ArrayBuffer instead.
w: file:///Users/briones/.config/tuft/sessions/1788364493.114729/worktrees/agp-new-dsl/node_modules/expo-modules-core/android/src/main/java/expo/modules/kotlin/jni/NativeArrayBuffer.kt:92:43 'class NativeArrayBuffer : Destructible' is deprecated. Use ArrayBuffer instead.
w: file:///Users/briones/.config/tuft/sessions/1788364493.114729/worktrees/agp-new-dsl/node_modules/expo-modules-core/android/src/main/java/expo/modules/kotlin/jni/NativeArrayBuffer.kt:95:41 'class NativeArrayBuffer : Destructible' is deprecated. Use ArrayBuffer instead.
w: file:///Users/briones/.config/tuft/sessions/1788364493.114729/worktrees/agp-new-dsl/node_modules/expo-modules-core/android/src/main/java/expo/modules/kotlin/jni/NativeArrayBuffer.kt:105:14 'constructor(byteBuffer: ByteBuffer): NativeArrayBuffer' is deprecated. Use ArrayBuffer instead.
w: file:///Users/briones/.config/tuft/sessions/1788364493.114729/worktrees/agp-new-dsl/node_modules/expo-modules-core/android/src/main/java/expo/modules/kotlin/types/ColorCompat.kt:115:5 This annotation is currently applied to the value parameter only, but in the future it will also be applied to field.
- To opt in to applying to both value parameter and field, add '-Xannotation-default-target=param-property' to your compiler arguments.
- To keep applying to the value parameter only, use the '@param:' annotation target.

See https://youtrack.jetbrains.com/issue/KT-73255 for more details.
w: file:///Users/briones/.config/tuft/sessions/1788364493.114729/worktrees/agp-new-dsl/node_modules/expo-modules-core/android/src/main/java/expo/modules/kotlin/types/JSTypeConverter.kt:7:8 'class NativeArrayBuffer : Destructible' is deprecated. Use ArrayBuffer instead.
w: file:///Users/briones/.config/tuft/sessions/1788364493.114729/worktrees/agp-new-dsl/node_modules/expo-modules-core/android/src/main/java/expo/modules/kotlin/types/JSTypeConverter.kt:245:55 'class NativeArrayBuffer : Destructible' is deprecated. Use ArrayBuffer instead.
w: file:///Users/briones/.config/tuft/sessions/1788364493.114729/worktrees/agp-new-dsl/node_modules/expo-modules-core/android/src/main/java/expo/modules/kotlin/types/JSTypeConverter.kt:247:19 'class NativeArrayBuffer : Destructible' is deprecated. Use ArrayBuffer instead.
w: file:///Users/briones/.config/tuft/sessions/1788364493.114729/worktrees/agp-new-dsl/node_modules/expo-modules-core/android/src/main/java/expo/modules/kotlin/types/ReturnType.kt:6:8 'class NativeArrayBuffer : Destructible' is deprecated. Use ArrayBuffer instead.
w: file:///Users/briones/.config/tuft/sessions/1788364493.114729/worktrees/agp-new-dsl/node_modules/expo-modules-core/android/src/main/java/expo/modules/kotlin/types/ReturnType.kt:45:5 'class NativeArrayBuffer : Destructible' is deprecated. Use ArrayBuffer instead.
w: file:///Users/briones/.config/tuft/sessions/1788364493.114729/worktrees/agp-new-dsl/node_modules/expo-modules-core/android/src/main/java/expo/modules/kotlin/types/TypeConverterProvider.kt:19:8 'class NativeArrayBuffer : Destructible' is deprecated. Use ArrayBuffer instead.
w: file:///Users/briones/.config/tuft/sessions/1788364493.114729/worktrees/agp-new-dsl/node_modules/expo-modules-core/android/src/main/java/expo/modules/kotlin/types/TypeConverterProvider.kt:254:7 'class NativeArrayBuffer : Destructible' is deprecated. Use ArrayBuffer instead.

[Incubating] Problems report is available at: file:///Users/briones/.config/tuft/sessions/1788364493.114729/worktrees/agp-new-dsl/android/build/reports/problems/problems-report.html

FAILURE: Build failed with an exception.

* What went wrong:
Execution failed for task ':react-native-webgpu:buildCMakeDebug[arm64-v8a]'.
> com.android.ide.common.process.ProcessException: ninja: Entering directory `/Users/briones/.config/tuft/sessions/1788364493.114729/worktrees/agp-new-dsl/node_modules/react-native-webgpu/android/.cxx/Debug/64653w5c/arm64-v8a'
  [1/2] Building CXX object CMakeFiles/react-native-webgpu.dir/cpp/cpp-adapter.cpp.o
  FAILED: CMakeFiles/react-native-webgpu.dir/cpp/cpp-adapter.cpp.o 
  /opt/homebrew/share/android-commandlinetools/ndk/28.2.13676358/toolchains/llvm/prebuilt/darwin-x86_64/bin/clang++ --target=aarch64-none-linux-android24 --sysroot=/opt/homebrew/share/android-commandlinetools/ndk/28.2.13676358/toolchains/llvm/prebuilt/darwin-x86_64/sysroot -DDEBUG=1 -DRNF_ENABLE_LOGS=0 -Dreact_native_webgpu_EXPORTS -I/Users/briones/.config/tuft/sessions/1788364493.114729/worktrees/agp-new-dsl/node_modules/react-native/ReactCommon/callinvoker -I/Users/briones/.config/tuft/sessions/1788364493.114729/worktrees/agp-new-dsl/node_modules/react-native/ReactCommon/jsi -I/Users/briones/.config/tuft/sessions/1788364493.114729/worktrees/agp-new-dsl/node_modules/react-native/ReactCommon -I/Users/briones/.config/tuft/sessions/1788364493.114729/worktrees/agp-new-dsl/node_modules/react-native/ReactCommon/react/nativemodule/core -I/Users/briones/.config/tuft/sessions/1788364493.114729/worktrees/agp-new-dsl/node_modules/react-native/ReactCommon/runtimeexecutor -I/Users/briones/.config/tuft/sessions/1788364493.114729/worktrees/agp-new-dsl/node_modules/react-native/ReactAndroid/src/main/jni -I/Users/briones/.config/tuft/sessions/1788364493.114729/worktrees/agp-new-dsl/node_modules/react-native/ReactAndroid/src/main/java/com/facebook/react/turbomodule/core/jni -I/Users/briones/.config/tuft/sessions/1788364493.114729/worktrees/agp-new-dsl/node_modules/react-native/ReactAndroid/src/main/jni/react/turbomodule -I/Users/briones/.config/tuft/sessions/1788364493.114729/worktrees/agp-new-dsl/node_modules/react-native-webgpu/android/../cpp -I/Users/briones/.config/tuft/sessions/1788364493.114729/worktrees/agp-new-dsl/node_modules/react-native-webgpu/android/../cpp/rnwgpu -I/Users/briones/.config/tuft/sessions/1788364493.114729/worktrees/agp-new-dsl/node_modules/react-native-webgpu/android/../cpp/rnwgpu/api -I/Users/briones/.config/tuft/sessions/1788364493.114729/worktrees/agp-new-dsl/node_modules/react-native-webgpu/android/../cpp/rnwgpu/api/descriptors -I/Users/briones/.config/tuft/sessions/1788364493.114729/worktrees/agp-new-dsl/node_modules/react-native-webgpu/android/../cpp/jsi -I/Users/briones/.config/tuft/sessions/1788364493.114729/worktrees/agp-new-dsl/node_modules/react-native-webgpu/android/../cpp/webgpu -I/Users/briones/.config/tuft/sessions/1788364493.114729/worktrees/agp-new-dsl/node_modules/react-native-webgpu/android/../cpp/platform -isystem /Users/briones/.gradle/caches/9.4.1/transforms/f6848d125568c27e2cc3b551e5d17225/transformed/fbjni-0.7.0/prefab/modules/fbjni/include -isystem /Users/briones/.gradle/caches/9.4.1/transforms/c93ccab7e7d1e446a7ebf5d1446aa0d3/transformed/react-android-0.87.0-debug/prefab/modules/jsi/include -isystem /Users/briones/.gradle/caches/9.4.1/transforms/c93ccab7e7d1e446a7ebf5d1446aa0d3/transformed/react-android-0.87.0-debug/prefab/modules/reactnative/include -g -DANDROID -fdata-sections -ffunction-sections -funwind-tables -fstack-protector-strong -no-canonical-prefixes -D_FORTIFY_SOURCE=2 -Wformat -Werror=format-security  -fexceptions -frtti -DONANDROID -fno-limit-debug-info  -fPIC -std=gnu++20 -MD -MT CMakeFiles/react-native-webgpu.dir/cpp/cpp-adapter.cpp.o -MF CMakeFiles/react-native-webgpu.dir/cpp/cpp-adapter.cpp.o.d -o CMakeFiles/react-native-webgpu.dir/cpp/cpp-adapter.cpp.o -c /Users/briones/.config/tuft/sessions/1788364493.114729/worktrees/agp-new-dsl/node_modules/react-native-webgpu/android/cpp/cpp-adapter.cpp
  In file included from /Users/briones/.config/tuft/sessions/1788364493.114729/worktrees/agp-new-dsl/node_modules/react-native-webgpu/android/cpp/cpp-adapter.cpp:12:
  /Users/briones/.config/tuft/sessions/1788364493.114729/worktrees/agp-new-dsl/node_modules/react-native-webgpu/android/cpp/AndroidPlatformContext.h:235:15: error: 'AHardwareBuffer_allocate' is unavailable: introduced in Android 26
    235 |     int err = AHardwareBuffer_allocate(&desc, &buffer);
        |               ^
  /opt/homebrew/share/android-commandlinetools/ndk/28.2.13676358/toolchains/llvm/prebuilt/darwin-x86_64/sysroot/usr/include/android/hardware_buffer.h:422:5: note: 'AHardwareBuffer_allocate' has been explicitly marked unavailable here
    422 | int AHardwareBuffer_allocate(const AHardwareBuffer_Desc* _Nonnull desc,
        |     ^
  In file included from /Users/briones/.config/tuft/sessions/1788364493.114729/worktrees/agp-new-dsl/node_modules/react-native-webgpu/android/cpp/cpp-adapter.cpp:12:
  /Users/briones/.config/tuft/sessions/1788364493.114729/worktrees/agp-new-dsl/node_modules/react-native-webgpu/android/cpp/AndroidPlatformContext.h:243:5: error: 'AHardwareBuffer_describe' is unavailable: introduced in Android 26
    243 |     AHardwareBuffer_describe(buffer, &actualDesc);
        |     ^
  /opt/homebrew/share/android-commandlinetools/ndk/28.2.13676358/toolchains/llvm/prebuilt/darwin-x86_64/sysroot/usr/include/android/hardware_buffer.h:448:6: note: 'AHardwareBuffer_describe' has been explicitly marked unavailable here
    448 | void AHardwareBuffer_describe(const AHardwareBuffer* _Nonnull buffer,
        |      ^
  In file included from /Users/briones/.config/tuft/sessions/1788364493.114729/worktrees/agp-new-dsl/node_modules/react-native-webgpu/android/cpp/cpp-adapter.cpp:12:
  /Users/briones/.config/tuft/sessions/1788364493.114729/worktrees/agp-new-dsl/node_modules/react-native-webgpu/android/cpp/AndroidPlatformContext.h:247:14: error: 'AHardwareBuffer_lock' is unavailable: introduced in Android 26
    247 |     int rc = AHardwareBuffer_lock(
        |              ^
  /opt/homebrew/share/android-commandlinetools/ndk/28.2.13676358/toolchains/llvm/prebuilt/darwin-x86_64/sysroot/usr/include/android/hardware_buffer.h:503:5: note: 'AHardwareBuffer_lock' has been explicitly marked unavailable here
    503 | int AHardwareBuffer_lock(AHardwareBuffer* _Nonnull buffer, uint64_t usage, int32_t fence,
        |     ^
  In file included from /Users/briones/.config/tuft/sessions/1788364493.114729/worktrees/agp-new-dsl/node_modules/react-native-webgpu/android/cpp/cpp-adapter.cpp:12:
  /Users/briones/.config/tuft/sessions/1788364493.114729/worktrees/agp-new-dsl/node_modules/react-native-webgpu/android/cpp/AndroidPlatformContext.h:250:7: error: 'AHardwareBuffer_release' is unavailable: introduced in Android 26
    250 |       AHardwareBuffer_release(buffer);
        |       ^
  /opt/homebrew/share/android-commandlinetools/ndk/28.2.13676358/toolchains/llvm/prebuilt/darwin-x86_64/sysroot/usr/include/android/hardware_buffer.h:440:6: note: 'AHardwareBuffer_release' has been explicitly marked unavailable here
    440 | void AHardwareBuffer_release(AHardwareBuffer* _Nonnull buffer) __INTRODUCED_IN(26);
        |      ^
  In file included from /Users/briones/.config/tuft/sessions/1788364493.114729/worktrees/agp-new-dsl/node_modules/react-native-webgpu/android/cpp/cpp-adapter.cpp:12:
  /Users/briones/.config/tuft/sessions/1788364493.114729/worktrees/agp-new-dsl/node_modules/react-native-webgpu/android/cpp/AndroidPlatformContext.h:275:5: error: 'AHardwareBuffer_unlock' is unavailable: introduced in Android 26
    275 |     AHardwareBuffer_unlock(buffer, nullptr);
        |     ^
  /opt/homebrew/share/android-commandlinetools/ndk/28.2.13676358/toolchains/llvm/prebuilt/darwin-x86_64/sysroot/usr/include/android/hardware_buffer.h:525:5: note: 'AHardwareBuffer_unlock' has been explicitly marked unavailable here
    525 | int AHardwareBuffer_unlock(AHardwareBuffer* _Nonnull buffer, int32_t* _Nullable fence)
        |     ^
  In file included from /Users/briones/.config/tuft/sessions/1788364493.114729/worktrees/agp-new-dsl/node_modules/react-native-webgpu/android/cpp/cpp-adapter.cpp:12:
  /Users/briones/.config/tuft/sessions/1788364493.114729/worktrees/agp-new-dsl/node_modules/react-native-webgpu/android/cpp/AndroidPlatformContext.h:281:35: error: 'AHardwareBuffer_release' is unavailable: introduced in Android 26
    281 |     handle.deleter = [buffer]() { AHardwareBuffer_release(buffer); };
        |                                   ^
  /opt/homebrew/share/android-commandlinetools/ndk/28.2.13676358/toolchains/llvm/prebuilt/darwin-x86_64/sysroot/usr/include/android/hardware_buffer.h:440:6: note: 'AHardwareBuffer_release' has been explicitly marked unavailable here
    440 | void AHardwareBuffer_release(AHardwareBuffer* _Nonnull buffer) __INTRODUCED_IN(26);
        |      ^
  In file included from /Users/briones/.config/tuft/sessions/1788364493.114729/worktrees/agp-new-dsl/node_modules/react-native-webgpu/android/cpp/cpp-adapter.cpp:12:
  /Users/briones/.config/tuft/sessions/1788364493.114729/worktrees/agp-new-dsl/node_modules/react-native-webgpu/android/cpp/AndroidPlatformContext.h:306:5: error: 'AHardwareBuffer_describe' is unavailable: introduced in Android 26
    306 |     AHardwareBuffer_describe(buffer, &desc);
        |     ^
  /opt/homebrew/share/android-commandlinetools/ndk/28.2.13676358/toolchains/llvm/prebuilt/darwin-x86_64/sysroot/usr/include/android/hardware_buffer.h:448:6: note: 'AHardwareBuffer_describe' has been explicitly marked unavailable here
    448 | void AHardwareBuffer_describe(const AHardwareBuffer* _Nonnull buffer,
        |      ^
  In file included from /Users/briones/.config/tuft/sessions/1788364493.114729/worktrees/agp-new-dsl/node_modules/react-native-webgpu/android/cpp/cpp-adapter.cpp:12:
  /Users/briones/.config/tuft/sessions/1788364493.114729/worktrees/agp-new-dsl/node_modules/react-native-webgpu/android/cpp/AndroidPlatformContext.h:323:5: error: 'AHardwareBuffer_acquire' is unavailable: introduced in Android 26
    323 |     AHardwareBuffer_acquire(buffer);
        |     ^
  /opt/homebrew/share/android-commandlinetools/ndk/28.2.13676358/toolchains/llvm/prebuilt/darwin-x86_64/sysroot/usr/include/android/hardware_buffer.h:432:6: note: 'AHardwareBuffer_acquire' has been explicitly marked unavailable here
    432 | void AHardwareBuffer_acquire(AHardwareBuffer* _Nonnull buffer) __INTRODUCED_IN(26);
        |      ^
  In file included from /Users/briones/.config/tuft/sessions/1788364493.114729/worktrees/agp-new-dsl/node_modules/react-native-webgpu/android/cpp/cpp-adapter.cpp:12:
  /Users/briones/.config/tuft/sessions/1788364493.114729/worktrees/agp-new-dsl/node_modules/react-native-webgpu/android/cpp/AndroidPlatformContext.h:341:35: error: 'AHardwareBuffer_release' is unavailable: introduced in Android 26
    341 |     handle.deleter = [buffer]() { AHardwareBuffer_release(buffer); };
        |                                   ^
  /opt/homebrew/share/android-commandlinetools/ndk/28.2.13676358/toolchains/llvm/prebuilt/darwin-x86_64/sysroot/usr/include/android/hardware_buffer.h:440:6: note: 'AHardwareBuffer_release' has been explicitly marked unavailable here
    440 | void AHardwareBuffer_release(AHardwareBuffer* _Nonnull buffer) __INTRODUCED_IN(26);
        |      ^
  9 errors generated.
  ninja: build stopped: subcommand failed.
  
  C++ build system [build] failed while executing:
      /opt/homebrew/share/android-commandlinetools/cmake/3.22.1/bin/ninja \
        -C \
        /Users/briones/.config/tuft/sessions/1788364493.114729/worktrees/agp-new-dsl/node_modules/react-native-webgpu/android/.cxx/Debug/64653w5c/arm64-v8a \
        react-native-webgpu
    from /Users/briones/.config/tuft/sessions/1788364493.114729/worktrees/agp-new-dsl/node_modules/react-native-webgpu/android

* Try:
> Run with --stacktrace option to get the stack trace.
> Run with --info or --debug option to get more log output.
> Run with --scan to get full insights from a Build Scan (powered by Develocity).
> Get more help at https://help.gradle.org.

Deprecated Gradle features were used in this build, making it incompatible with Gradle 10.

You can use '--warning-mode all' to show the individual deprecation warnings and determine if they come from your own scripts or plugins.

For more on this, please refer to https://docs.gradle.org/9.4.1/userguide/command_line_interface.html#sec:command_line_warnings in the Gradle documentation.

BUILD FAILED in 11s
147 actionable tasks: 9 executed, 138 up-to-date
yarn remove v1.22.22
[1/2] Removing module react-native-webgpu...
[2/2] Regenerating lockfile and installing missing dependencies...
warning "expo > babel-preset-expo > @babel/plugin-proposal-decorators@7.29.7" has unmet peer dependency "@babel/core@^7.0.0-0".
warning "expo > babel-preset-expo > @babel/plugin-proposal-export-default-from@7.29.7" has unmet peer dependency "@babel/core@^7.0.0-0".
warning "expo > babel-preset-expo > @babel/plugin-syntax-dynamic-import@7.8.3" has unmet peer dependency "@babel/core@^7.0.0-0".
warning "expo > babel-preset-expo > @babel/plugin-syntax-export-default-from@7.29.7" has unmet peer dependency "@babel/core@^7.0.0-0".
warning "expo > babel-preset-expo > @babel/plugin-syntax-nullish-coalescing-operator@7.8.3" has unmet peer dependency "@babel/core@^7.0.0-0".
warning "expo > babel-preset-expo > @babel/plugin-syntax-optional-chaining@7.8.3" has unmet peer dependency "@babel/core@^7.0.0-0".
warning "expo > babel-preset-expo > @babel/plugin-transform-async-generator-functions@7.29.7" has unmet peer dependency "@babel/core@^7.0.0-0".
warning "expo > babel-preset-expo > @babel/plugin-transform-async-to-generator@7.29.7" has unmet peer dependency "@babel/core@^7.0.0-0".
warning "expo > babel-preset-expo > @babel/plugin-transform-block-scoping@7.29.7" has unmet peer dependency "@babel/core@^7.0.0-0".
warning "expo > babel-preset-expo > @babel/plugin-transform-class-properties@7.29.7" has unmet peer dependency "@babel/core@^7.0.0-0".
warning "expo > babel-preset-expo > @babel/plugin-transform-class-static-block@7.29.7" has unmet peer dependency "@babel/core@^7.12.0".
warning "expo > babel-preset-expo > @babel/plugin-transform-classes@7.29.7" has unmet peer dependency "@babel/core@^7.0.0-0".
warning "expo > babel-preset-expo > @babel/plugin-transform-destructuring@7.29.7" has unmet peer dependency "@babel/core@^7.0.0-0".
warning "expo > babel-preset-expo > @babel/plugin-transform-export-namespace-from@7.29.7" has unmet peer dependency "@babel/core@^7.0.0-0".
warning "expo > babel-preset-expo > @babel/plugin-transform-flow-strip-types@7.29.7" has unmet peer dependency "@babel/core@^7.0.0-0".
warning "expo > babel-preset-expo > @babel/plugin-transform-for-of@7.29.7" has unmet peer dependency "@babel/core@^7.0.0-0".
warning "expo > babel-preset-expo > @babel/plugin-transform-logical-assignment-operators@7.29.7" has unmet peer dependency "@babel/core@^7.0.0-0".
warning "expo > babel-preset-expo > @babel/plugin-transform-modules-commonjs@7.29.7" has unmet peer dependency "@babel/core@^7.0.0-0".
warning "expo > babel-preset-expo > @babel/plugin-transform-named-capturing-groups-regex@7.29.7" has unmet peer dependency "@babel/core@^7.0.0".
warning "expo > babel-preset-expo > @babel/plugin-transform-nullish-coalescing-operator@7.29.7" has unmet peer dependency "@babel/core@^7.0.0-0".
warning "expo > babel-preset-expo > @babel/plugin-transform-object-rest-spread@7.29.7" has unmet peer dependency "@babel/core@^7.0.0-0".
warning "expo > babel-preset-expo > @babel/plugin-transform-optional-catch-binding@7.29.7" has unmet peer dependency "@babel/core@^7.0.0-0".
warning "expo > babel-preset-expo > @babel/plugin-transform-optional-chaining@7.29.7" has unmet peer dependency "@babel/core@^7.0.0-0".
warning "expo > babel-preset-expo > @babel/plugin-transform-parameters@7.29.7" has unmet peer dependency "@babel/core@^7.0.0-0".
warning "expo > babel-preset-expo > @babel/plugin-transform-private-methods@7.29.7" has unmet peer dependency "@babel/core@^7.0.0-0".
warning "expo > babel-preset-expo > @babel/plugin-transform-private-property-in-object@7.29.7" has unmet peer dependency "@babel/core@^7.0.0-0".
warning "expo > babel-preset-expo > @babel/plugin-transform-react-display-name@7.29.7" has unmet peer dependency "@babel/core@^7.0.0-0".
warning "expo > babel-preset-expo > @babel/plugin-transform-react-jsx@7.29.7" has unmet peer dependency "@babel/core@^7.0.0-0".
warning "expo > babel-preset-expo > @babel/plugin-transform-react-jsx-development@7.29.7" has unmet peer dependency "@babel/core@^7.0.0-0".
warning "expo > babel-preset-expo > @babel/plugin-transform-react-pure-annotations@7.29.7" has unmet peer dependency "@babel/core@^7.0.0-0".
warning "expo > babel-preset-expo > @babel/plugin-transform-runtime@7.29.7" has unmet peer dependency "@babel/core@^7.0.0-0".
warning "expo > babel-preset-expo > @babel/plugin-transform-typescript@7.29.7" has unmet peer dependency "@babel/core@^7.0.0-0".
warning "expo > babel-preset-expo > @babel/plugin-transform-unicode-regex@7.29.7" has unmet peer dependency "@babel/core@^7.0.0-0".
warning "expo > babel-preset-expo > @babel/preset-typescript@7.29.7" has unmet peer dependency "@babel/core@^7.0.0-0".
warning "expo > babel-preset-expo > @babel/plugin-proposal-decorators > @babel/helper-create-class-features-plugin@7.29.7" has unmet peer dependency "@babel/core@^7.0.0".
warning "expo > babel-preset-expo > @babel/plugin-proposal-decorators > @babel/plugin-syntax-decorators@7.29.7" has unmet peer dependency "@babel/core@^7.0.0-0".
warning "expo > babel-preset-expo > @babel/plugin-transform-async-generator-functions > @babel/helper-remap-async-to-generator@7.29.7" has unmet peer dependency "@babel/core@^7.0.0".
warning "expo > babel-preset-expo > @babel/plugin-transform-classes > @babel/helper-replace-supers@7.29.7" has unmet peer dependency "@babel/core@^7.0.0".
warning "expo > babel-preset-expo > @babel/plugin-transform-flow-strip-types > @babel/plugin-syntax-flow@7.29.7" has unmet peer dependency "@babel/core@^7.0.0-0".
warning "expo > babel-preset-expo > @babel/plugin-transform-named-capturing-groups-regex > @babel/helper-create-regexp-features-plugin@7.29.7" has unmet peer dependency "@babel/core@^7.0.0".
warning "expo > babel-preset-expo > @babel/plugin-transform-react-jsx > @babel/plugin-syntax-jsx@7.29.7" has unmet peer dependency "@babel/core@^7.0.0-0".
warning "expo > babel-preset-expo > @babel/plugin-transform-runtime > babel-plugin-polyfill-corejs2@0.4.17" has unmet peer dependency "@babel/core@^7.4.0 || ^8.0.0-0 <8.0.0".
warning "expo > babel-preset-expo > @babel/plugin-transform-runtime > babel-plugin-polyfill-corejs3@0.13.0" has unmet peer dependency "@babel/core@^7.4.0 || ^8.0.0-0 <8.0.0".
warning "expo > babel-preset-expo > @babel/plugin-transform-runtime > babel-plugin-polyfill-regenerator@0.6.8" has unmet peer dependency "@babel/core@^7.4.0 || ^8.0.0-0 <8.0.0".
warning "expo > babel-preset-expo > @babel/plugin-transform-typescript > @babel/plugin-syntax-typescript@7.29.7" has unmet peer dependency "@babel/core@^7.0.0-0".
warning "react-native > @react-native/codegen@0.87.0" has unmet peer dependency "@babel/core@*".
warning "expo > babel-preset-expo > @babel/plugin-transform-runtime > babel-plugin-polyfill-corejs2 > @babel/helper-define-polyfill-provider@0.6.8" has unmet peer dependency "@babel/core@^7.4.0 || ^8.0.0-0 <8.0.0".
success Uninstalled packages.
Done in 1.09s.
