Dependency validation might be unreliable when using canary SDK versions
› Installing 1 other package using yarn
> yarn add react-native-zeroconf
yarn add v1.22.22
[1/4] Resolving packages...
[2/4] Fetching packages...
[3/4] Linking dependencies...
warning "expo > babel-preset-expo > @babel/plugin-proposal-decorators@7.29.7" has unmet peer dependency "@babel/core@^7.0.0-0".
warning "expo > babel-preset-expo > @babel/plugin-proposal-export-default-from@7.29.7" has unmet peer dependency "@babel/core@^7.0.0-0".
warning "expo > babel-preset-expo > @babel/plugin-syntax-dynamic-import@7.8.3" has unmet peer dependency "@babel/core@^7.0.0-0".
warning "expo > babel-preset-expo > @babel/plugin-syntax-export-default-from@7.29.7" has unmet peer dependency "@babel/core@^7.0.0-0".
warning "expo > babel-preset-expo > @babel/plugin-syntax-nullish-coalescing-operator@7.8.3" has unmet peer dependency "@babel/core@^7.0.0-0".
warning "expo > babel-preset-expo > @babel/plugin-syntax-optional-chaining@7.8.3" has unmet peer dependency "@babel/core@^7.0.0-0".
warning "expo > babel-preset-expo > @babel/plugin-transform-async-generator-functions@7.29.7" has unmet peer dependency "@babel/core@^7.0.0-0".
warning "expo > babel-preset-expo > @babel/plugin-transform-async-to-generator@7.29.7" has unmet peer dependency "@babel/core@^7.0.0-0".
warning "expo > babel-preset-expo > @babel/plugin-transform-block-scoping@7.29.7" has unmet peer dependency "@babel/core@^7.0.0-0".
warning "expo > babel-preset-expo > @babel/plugin-transform-class-properties@7.29.7" has unmet peer dependency "@babel/core@^7.0.0-0".
warning "expo > babel-preset-expo > @babel/plugin-transform-class-static-block@7.29.7" has unmet peer dependency "@babel/core@^7.12.0".
warning "expo > babel-preset-expo > @babel/plugin-transform-classes@7.29.7" has unmet peer dependency "@babel/core@^7.0.0-0".
warning "expo > babel-preset-expo > @babel/plugin-transform-destructuring@7.29.7" has unmet peer dependency "@babel/core@^7.0.0-0".
warning "expo > babel-preset-expo > @babel/plugin-transform-export-namespace-from@7.29.7" has unmet peer dependency "@babel/core@^7.0.0-0".
warning "expo > babel-preset-expo > @babel/plugin-transform-flow-strip-types@7.29.7" has unmet peer dependency "@babel/core@^7.0.0-0".
warning "expo > babel-preset-expo > @babel/plugin-transform-for-of@7.29.7" has unmet peer dependency "@babel/core@^7.0.0-0".
warning "expo > babel-preset-expo > @babel/plugin-transform-logical-assignment-operators@7.29.7" has unmet peer dependency "@babel/core@^7.0.0-0".
warning "expo > babel-preset-expo > @babel/plugin-transform-modules-commonjs@7.29.7" has unmet peer dependency "@babel/core@^7.0.0-0".
warning "expo > babel-preset-expo > @babel/plugin-transform-named-capturing-groups-regex@7.29.7" has unmet peer dependency "@babel/core@^7.0.0".
warning "expo > babel-preset-expo > @babel/plugin-transform-nullish-coalescing-operator@7.29.7" has unmet peer dependency "@babel/core@^7.0.0-0".
warning "expo > babel-preset-expo > @babel/plugin-transform-object-rest-spread@7.29.7" has unmet peer dependency "@babel/core@^7.0.0-0".
warning "expo > babel-preset-expo > @babel/plugin-transform-optional-catch-binding@7.29.7" has unmet peer dependency "@babel/core@^7.0.0-0".
warning "expo > babel-preset-expo > @babel/plugin-transform-optional-chaining@7.29.7" has unmet peer dependency "@babel/core@^7.0.0-0".
warning "expo > babel-preset-expo > @babel/plugin-transform-parameters@7.29.7" has unmet peer dependency "@babel/core@^7.0.0-0".
warning "expo > babel-preset-expo > @babel/plugin-transform-private-methods@7.29.7" has unmet peer dependency "@babel/core@^7.0.0-0".
warning "expo > babel-preset-expo > @babel/plugin-transform-private-property-in-object@7.29.7" has unmet peer dependency "@babel/core@^7.0.0-0".
warning "expo > babel-preset-expo > @babel/plugin-transform-react-display-name@7.29.7" has unmet peer dependency "@babel/core@^7.0.0-0".
warning "expo > babel-preset-expo > @babel/plugin-transform-react-jsx@7.29.7" has unmet peer dependency "@babel/core@^7.0.0-0".
warning "expo > babel-preset-expo > @babel/plugin-transform-react-jsx-development@7.29.7" has unmet peer dependency "@babel/core@^7.0.0-0".
warning "expo > babel-preset-expo > @babel/plugin-transform-react-pure-annotations@7.29.7" has unmet peer dependency "@babel/core@^7.0.0-0".
warning "expo > babel-preset-expo > @babel/plugin-transform-runtime@7.29.7" has unmet peer dependency "@babel/core@^7.0.0-0".
warning "expo > babel-preset-expo > @babel/plugin-transform-typescript@7.29.7" has unmet peer dependency "@babel/core@^7.0.0-0".
warning "expo > babel-preset-expo > @babel/plugin-transform-unicode-regex@7.29.7" has unmet peer dependency "@babel/core@^7.0.0-0".
warning "expo > babel-preset-expo > @babel/preset-typescript@7.29.7" has unmet peer dependency "@babel/core@^7.0.0-0".
warning "expo > babel-preset-expo > @babel/plugin-proposal-decorators > @babel/helper-create-class-features-plugin@7.29.7" has unmet peer dependency "@babel/core@^7.0.0".
warning "expo > babel-preset-expo > @babel/plugin-proposal-decorators > @babel/plugin-syntax-decorators@7.29.7" has unmet peer dependency "@babel/core@^7.0.0-0".
warning "expo > babel-preset-expo > @babel/plugin-transform-async-generator-functions > @babel/helper-remap-async-to-generator@7.29.7" has unmet peer dependency "@babel/core@^7.0.0".
warning "expo > babel-preset-expo > @babel/plugin-transform-classes > @babel/helper-replace-supers@7.29.7" has unmet peer dependency "@babel/core@^7.0.0".
warning "expo > babel-preset-expo > @babel/plugin-transform-flow-strip-types > @babel/plugin-syntax-flow@7.29.7" has unmet peer dependency "@babel/core@^7.0.0-0".
warning "expo > babel-preset-expo > @babel/plugin-transform-named-capturing-groups-regex > @babel/helper-create-regexp-features-plugin@7.29.7" has unmet peer dependency "@babel/core@^7.0.0".
warning "expo > babel-preset-expo > @babel/plugin-transform-react-jsx > @babel/plugin-syntax-jsx@7.29.7" has unmet peer dependency "@babel/core@^7.0.0-0".
warning "expo > babel-preset-expo > @babel/plugin-transform-runtime > babel-plugin-polyfill-corejs2@0.4.17" has unmet peer dependency "@babel/core@^7.4.0 || ^8.0.0-0 <8.0.0".
warning "expo > babel-preset-expo > @babel/plugin-transform-runtime > babel-plugin-polyfill-corejs3@0.13.0" has unmet peer dependency "@babel/core@^7.4.0 || ^8.0.0-0 <8.0.0".
warning "expo > babel-preset-expo > @babel/plugin-transform-runtime > babel-plugin-polyfill-regenerator@0.6.8" has unmet peer dependency "@babel/core@^7.4.0 || ^8.0.0-0 <8.0.0".
warning "expo > babel-preset-expo > @babel/plugin-transform-typescript > @babel/plugin-syntax-typescript@7.29.7" has unmet peer dependency "@babel/core@^7.0.0-0".
warning "react-native > @react-native/codegen@0.87.0" has unmet peer dependency "@babel/core@*".
warning "expo > babel-preset-expo > @babel/plugin-transform-runtime > babel-plugin-polyfill-corejs2 > @babel/helper-define-polyfill-provider@0.6.8" has unmet peer dependency "@babel/core@^7.4.0 || ^8.0.0-0 <8.0.0".
[4/4] Building fresh packages...
success Saved lockfile.
success Saved 2 new dependencies.
info Direct dependencies
└─ react-native-zeroconf@0.14.0
info All dependencies
├─ events@3.3.0
└─ react-native-zeroconf@0.14.0
Done in 1.00s.
> Task :expo-gradle-plugin:expo-autolinking-settings-plugin:checkKotlinGradlePluginConfigurationErrors SKIPPED
> Task :expo-gradle-plugin:expo-autolinking-plugin-shared:checkKotlinGradlePluginConfigurationErrors SKIPPED
> Task :gradle-plugin:settings-plugin:checkKotlinGradlePluginConfigurationErrors SKIPPED
> Task :gradle-plugin:shared:checkKotlinGradlePluginConfigurationErrors SKIPPED
> Task :expo-gradle-plugin:expo-autolinking-settings-plugin:pluginDescriptors
> Task :gradle-plugin:settings-plugin:pluginDescriptors
> Task :gradle-plugin:settings-plugin:processResources
> Task :expo-gradle-plugin:expo-autolinking-settings-plugin:processResources
> Task :gradle-plugin:shared:processResources NO-SOURCE
> Task :expo-gradle-plugin:expo-autolinking-plugin-shared:processResources NO-SOURCE
> Task :gradle-plugin:shared:compileKotlin
> Task :gradle-plugin:shared:compileJava NO-SOURCE
> Task :gradle-plugin:shared:classes UP-TO-DATE
> Task :gradle-plugin:shared:jar
> Task :expo-gradle-plugin:expo-autolinking-plugin-shared:compileKotlin
> Task :expo-gradle-plugin:expo-autolinking-plugin-shared:compileJava NO-SOURCE
> Task :expo-gradle-plugin:expo-autolinking-plugin-shared:classes UP-TO-DATE
> Task :expo-gradle-plugin:expo-autolinking-plugin-shared:jar
> Task :gradle-plugin:settings-plugin:compileKotlin
> Task :gradle-plugin:settings-plugin:compileJava NO-SOURCE
> Task :gradle-plugin:settings-plugin:classes
> Task :gradle-plugin:settings-plugin:jar
> Task :expo-gradle-plugin:expo-autolinking-settings-plugin:compileKotlin
> Task :expo-gradle-plugin:expo-autolinking-settings-plugin:compileJava NO-SOURCE
> Task :expo-gradle-plugin:expo-autolinking-settings-plugin:classes
> Task :expo-gradle-plugin:expo-autolinking-settings-plugin:jar
> Task :expo-gradle-plugin:expo-autolinking-plugin:checkKotlinGradlePluginConfigurationErrors SKIPPED
> Task :expo-gradle-plugin:expo-max-sdk-override-plugin:checkKotlinGradlePluginConfigurationErrors SKIPPED
> Task :gradle-plugin:react-native-gradle-plugin:checkKotlinGradlePluginConfigurationErrors SKIPPED
> Task :expo-module-gradle-plugin:checkKotlinGradlePluginConfigurationErrors SKIPPED
> Task :expo-module-gradle-plugin:pluginDescriptors
> Task :expo-module-gradle-plugin:processResources
> Task :expo-gradle-plugin:expo-max-sdk-override-plugin:pluginDescriptors
> Task :gradle-plugin:react-native-gradle-plugin:pluginDescriptors
> Task :expo-gradle-plugin:expo-max-sdk-override-plugin:processResources
> Task :gradle-plugin:react-native-gradle-plugin:processResources
> Task :expo-gradle-plugin:expo-autolinking-plugin:pluginDescriptors
> Task :expo-gradle-plugin:expo-autolinking-plugin:processResources
> Task :expo-gradle-plugin:expo-max-sdk-override-plugin:compileKotlin
> Task :expo-gradle-plugin:expo-max-sdk-override-plugin:compileJava NO-SOURCE
> Task :expo-gradle-plugin:expo-max-sdk-override-plugin:classes
> Task :expo-gradle-plugin:expo-max-sdk-override-plugin:jar
> Task :expo-gradle-plugin:expo-autolinking-plugin:compileKotlin
> Task :expo-gradle-plugin:expo-autolinking-plugin:compileJava NO-SOURCE
> Task :expo-gradle-plugin:expo-autolinking-plugin:classes
> Task :expo-gradle-plugin:expo-autolinking-plugin:jar
> Task :gradle-plugin:react-native-gradle-plugin:compileKotlin
> Task :gradle-plugin:react-native-gradle-plugin:compileJava NO-SOURCE
> Task :gradle-plugin:react-native-gradle-plugin:classes
> Task :gradle-plugin:react-native-gradle-plugin:jar
> Task :expo-module-gradle-plugin:compileKotlin
> Task :expo-module-gradle-plugin:compileJava NO-SOURCE
> Task :expo-module-gradle-plugin:classes
> Task :expo-module-gradle-plugin:jar

> Configure project :app
 ℹ️  [33mApplying gradle plugin[0m '[32mexpo-max-sdk-override-plugin[0m'
  [expo-max-sdk-override-plugin] This plugin will find all permissions declared with `android:maxSdkVersion`. If there exists a declaration with the `android:maxSdkVersion` annotation and another one without, the plugin will remove the annotation from the final merged manifest. In order to see a log with the changes run a clean build of the app.

> Configure project :
[32m[ExpoRootProject][0m Using the following versions:
  - buildTools:  [32m37.0.0[0m
  - minSdk:      [32m24[0m
  - compileSdk:  [32m37[0m
  - targetSdk:   [32m36[0m
  - ndk:         [32m27.1.12297006[0m
  - kotlin:      [32m2.2.0[0m
  - ksp:         [32m2.2.0-2.0.2[0m

> Configure project :expo

Using expo modules
  - [32mexpo-log-box[0m (58.0.0-canary-20260902-26df09e)
  - [32mexpo-constants[0m (58.0.0-canary-20260902-26df09e)
  - [32mexpo-modules-core[0m (58.0.0-canary-20260902-26df09e)
  - [33m[📦][0m [32mexpo-dom-webview[0m (58.0.0-canary-20260902-26df09e)
  - [33m[📦][0m [32mexpo-ui[0m (58.0.0-canary-20260902-26df09e)
  - [33m[📦][0m [32mexpo-asset[0m (58.0.0-canary-20260902-26df09e)
  - [33m[📦][0m [32mexpo-device[0m (58.0.0-canary-20260902-26df09e)
  - [33m[📦][0m [32mexpo-file-system[0m (58.0.0-canary-20260902-26df09e)
  - [33m[📦][0m [32mexpo-font[0m (58.0.0-canary-20260902-26df09e)
  - [33m[📦][0m [32mexpo-image[0m (58.0.0-canary-20260902-26df09e)
  - [33m[📦][0m [32mexpo-keep-awake[0m (58.0.0-canary-20260902-26df09e)
  - [33m[📦][0m [32mexpo-linking[0m (58.0.0-canary-20260902-26df09e)
  - [33m[📦][0m [32mexpo-splash-screen[0m (58.0.0-canary-20260902-26df09e)
  - [33m[📦][0m [32mexpo-status-bar[0m (58.0.0-canary-20260902-26df09e)
  - [33m[📦][0m [32mexpo-system-ui[0m (58.0.0-canary-20260902-26df09e)
  - [33m[📦][0m [32mexpo-web-browser[0m (58.0.0-canary-20260902-26df09e)


> Task :expo-modules-core:preBuild UP-TO-DATE
> Task :react-native-zeroconf:preBuild UP-TO-DATE
> Task :expo-log-box:preBuild UP-TO-DATE
> Task :expo-log-box:preDebugBuild UP-TO-DATE
> Task :expo-modules-core:preDebugBuild UP-TO-DATE
> Task :react-native-zeroconf:preDebugBuild UP-TO-DATE
> Task :expo-log-box:processDebugNavigationResources
> Task :expo-modules-core:processDebugNavigationResources
> Task :expo-log-box:generateDebugBuildConfig
> Task :react-native-zeroconf:processDebugNavigationResources
> Task :app:generateAutolinkingNewArchitectureFiles
> Task :expo-log-box:generateDebugResources
> Task :expo-modules-core:generateDebugBuildConfig
> Task :app:generateAutolinkingPackageList
> Task :expo-modules-core:generateDebugResources
> Task :app:generateCodegenSchemaFromJavaScript SKIPPED
> Task :react-native-zeroconf:generateDebugResources
> Task :app:generateCodegenArtifactsFromSchema SKIPPED
> Task :app:generateReactNativeEntryPoint
> Task :app:generateDebugAssets UP-TO-DATE
> Task :expo-log-box:packageDebugResources
> Task :expo-modules-core:packageDebugResources
> Task :expo-log-box:generateDebugAssets UP-TO-DATE
> Task :expo-modules-core:generateDebugAssets UP-TO-DATE
> Task :expo-modules-core:javaPreCompileDebug
> Task :expo-log-box:javaPreCompileDebug
> Task :expo-modules-core:parseDebugLocalResources
> Task :expo-log-box:mergeDebugAssets
> Task :expo-modules-core:mergeDebugAssets
> Task :react-native-zeroconf:packageDebugResources
> Task :expo-log-box:parseDebugLocalResources
> Task :expo-log-box:writeDebugAarMetadata
> Task :expo-modules-core:writeDebugAarMetadata
> Task :expo-modules-core:extractDeepLinksDebug
> Task :expo-modules-core:generateDebugRFile
> Task :expo-log-box:extractDeepLinksDebug
> Task :react-native-zeroconf:generateDebugAssets UP-TO-DATE
> Task :react-native-zeroconf:javaPreCompileDebug
> Task :react-native-zeroconf:parseDebugLocalResources
> Task :expo-log-box:generateDebugRFile

> Task :expo-modules-core:processDebugManifest
/Users/briones/.config/tuft/sessions/1788364493.114729/worktrees/agp-new-dsl/node_modules/expo-modules-core/android/src/main/AndroidManifest.xml:8:9-11:45 Warning:
	meta-data#com.facebook.soloader.enabled@android:value was tagged at AndroidManifest.xml:8 to replace other declarations but no other declaration present

> Task :react-native-zeroconf:mergeDebugAssets
> Task :expo-log-box:mapDebugSourceSetPaths
> Task :expo-log-box:processDebugManifest
> Task :expo-log-box:compileDebugLibraryResources
> Task :expo-log-box:mergeDebugJniLibFolders
> Task :expo-log-box:mergeDebugNativeLibs NO-SOURCE
> Task :react-native-zeroconf:writeDebugAarMetadata
> Task :expo-log-box:copyDebugJniLibsProjectOnly
> Task :react-native-zeroconf:extractDeepLinksDebug
> Task :react-native-zeroconf:generateDebugRFile
> Task :react-native-zeroconf:processDebugManifest
> Task :react-native-zeroconf:compileDebugKotlin NO-SOURCE
> Task :expo:generateInlineModules
> Task :expo:generatePackagesList
> Task :expo:preBuild
> Task :expo:preDebugBuild
> Task :expo:processDebugNavigationResources
> Task :expo:generateDebugResources
> Task :expo:packageDebugResources
> Task :expo:generateDebugAssets UP-TO-DATE
> Task :expo:javaPreCompileDebug
> Task :expo:mergeDebugAssets
> Task :expo:writeDebugAarMetadata
> Task :expo:parseDebugLocalResources
> Task :expo:extractDeepLinksDebug
> Task :expo:generateDebugRFile
> Task :expo:mapDebugSourceSetPaths
> Task :expo:compileDebugLibraryResources
> Task :expo:mergeDebugJniLibFolders
> Task :expo:processDebugManifest
> Task :expo:mergeDebugNativeLibs NO-SOURCE

> Task :expo-constants:createExpoConfig
The NODE_ENV environment variable is required but was not specified. Ensure the project is bundled with Expo CLI or NODE_ENV is set. Using only .env.local and .env

> Task :expo-constants:preBuild
> Task :app:preBuild
> Task :app:preDebugBuild
> Task :app:mergeDebugNativeDebugMetadata NO-SOURCE
> Task :app:generateDebugBuildConfig UP-TO-DATE
> Task :app:generateDebugResValues UP-TO-DATE
> Task :expo-constants:preDebugBuild
> Task :app:generateDebugResources UP-TO-DATE
> Task :expo-constants:processDebugNavigationResources
> Task :expo:copyDebugJniLibsProjectOnly
> Task :app:packageDebugResources UP-TO-DATE
> Task :expo-constants:generateDebugResources
> Task :expo-constants:packageDebugResources
> Task :expo-constants:parseDebugLocalResources
> Task :expo-constants:generateDebugRFile
> Task :expo-constants:generateDebugAssets UP-TO-DATE
> Task :expo-constants:mergeDebugAssets
> Task :expo-constants:writeDebugAarMetadata
> Task :expo-constants:extractDeepLinksDebug
> Task :expo-constants:javaPreCompileDebug
> Task :expo-constants:processDebugManifest
> Task :expo-constants:mapDebugSourceSetPaths
> Task :expo-constants:compileDebugLibraryResources
> Task :expo-constants:mergeDebugJniLibFolders
> Task :expo-constants:mergeDebugNativeLibs NO-SOURCE
> Task :expo-constants:copyDebugJniLibsProjectOnly
> Task :expo-modules-core:mapDebugSourceSetPaths
> Task :expo-modules-core:compileDebugLibraryResources
> Task :app:processDebugNavigationResources UP-TO-DATE
> Task :app:parseDebugLocalResources UP-TO-DATE
> Task :app:generateDebugRFile UP-TO-DATE
> Task :app:javaPreCompileDebug UP-TO-DATE
> Task :app:mergeDebugAssets
> Task :app:generateDebugGlobalSynthetics UP-TO-DATE
> Task :app:compressDebugAssets
> Task :app:desugarDebugFileDependencies UP-TO-DATE
> Task :app:checkDebugDuplicateClasses
> Task :app:checkDebugAarMetadata
> Task :expo-modules-core:configureCMakeDebug[arm64-v8a]

> Task :react-native-zeroconf:compileDebugJavaWithJavac
/Users/briones/.config/tuft/sessions/1788364493.114729/worktrees/agp-new-dsl/node_modules/react-native-zeroconf/android/src/main/java/com/balthazargronon/RCTZeroconf/ZeroconfModule.java:104: warning: [removal] onCatalystInstanceDestroy() in NativeModule has been deprecated and marked for removal
    public void onCatalystInstanceDestroy() {
                ^
/Users/briones/.config/tuft/sessions/1788364493.114729/worktrees/agp-new-dsl/node_modules/react-native-zeroconf/android/src/main/java/com/balthazargronon/RCTZeroconf/ZeroconfModule.java:105: warning: [removal] onCatalystInstanceDestroy() in NativeModule has been deprecated and marked for removal
        super.onCatalystInstanceDestroy();
             ^
Note: Some input files use or override a deprecated API.
Note: Recompile with -Xlint:deprecation for details.
2 warnings

> Task :react-native-zeroconf:processDebugJavaRes NO-SOURCE
> Task :react-native-zeroconf:mapDebugSourceSetPaths
> Task :react-native-zeroconf:bundleLibCompileToJarDebug
> Task :react-native-zeroconf:compileDebugLibraryResources
> Task :react-native-zeroconf:bundleLibRuntimeToDirDebug
> Task :app:mapDebugSourceSetPaths UP-TO-DATE
> Task :app:compileDebugNavigationResources UP-TO-DATE
> Task :react-native-zeroconf:configureNdkBuildDebug[arm64-v8a]
> Task :app:createDebugCompatibleScreenManifests UP-TO-DATE
> Task :app:extractDeepLinksDebug UP-TO-DATE

> Task :app:processDebugMainManifest
/Users/briones/.config/tuft/sessions/1788364493.114729/worktrees/agp-new-dsl/android/app/src/debug/AndroidManifest.xml:6:5-162 Warning:
	application@android:usesCleartextTraffic was tagged at AndroidManifest.xml:6 to replace other declarations but no other declaration present
/Users/briones/.config/tuft/sessions/1788364493.114729/worktrees/agp-new-dsl/android/app/src/debug/AndroidManifest.xml Warning:
	provider#expo.modules.filesystem.FileSystemFileProvider@android:authorities was tagged at AndroidManifest.xml:0 to replace other declarations but no other declaration present

> Task :app:expoDebugOverrideMaxSdkConflicts
[33m---------- Expo Max Sdk Override Plugin ----------[0m
[32m>>> No 'android:maxSdkVersion' conflicts found[0m
[33m--------------------------------------------------[0m

> Task :app:processDebugManifest
> Task :app:mergeDebugResources

> Task :react-native-zeroconf:buildNdkBuildDebug[arm64-v8a]
C/C++: /Users/briones/.config/tuft/sessions/1788364493.114729/worktrees/agp-new-dsl/node_modules/react-native-zeroconf/android/src/main/jni/mdnsresponder/mDNSCore/mDNS.c:5462:61: warning: taking address of packed member 'numAnswers' of class or structure 'DNSMessageHeader' may result in an unaligned pointer value [-Waddress-of-packed-member]
C/C++:  5462 |                         mDNSu8 *p = PutResourceRecordTTL(response, responseptr, &response->h.numAnswers, &rr->resrec,
C/C++:       |                                                                                  ^~~~~~~~~~~~~~~~~~~~~~
C/C++: /Users/briones/.config/tuft/sessions/1788364493.114729/worktrees/agp-new-dsl/node_modules/react-native-zeroconf/android/src/main/jni/mdnsresponder/mDNSCore/DNSCommon.h:198:47: note: expanded from macro 'PutResourceRecordTTL'
C/C++:   198 |         PutResourceRecordTTLWithLimit((msg), (ptr), (count), (rr), (ttl), (msg)->data + AllowedRRSpace(msg))
C/C++:       |                                                      ^~~~~
C/C++: /Users/briones/.config/tuft/sessions/1788364493.114729/worktrees/agp-new-dsl/node_modules/react-native-zeroconf/android/src/main/jni/mdnsresponder/mDNSCore/mDNS.c:5474:61: warning: taking address of packed member 'numAdditionals' of class or structure 'DNSMessageHeader' may result in an unaligned pointer value [-Waddress-of-packed-member]
C/C++:  5474 |                         mDNSu8 *p = PutResourceRecordTTL(response, responseptr, &response->h.numAdditionals, &rr->resrec,
C/C++:       |                                                                                  ^~~~~~~~~~~~~~~~~~~~~~~~~~
C/C++: /Users/briones/.config/tuft/sessions/1788364493.114729/worktrees/agp-new-dsl/node_modules/react-native-zeroconf/android/src/main/jni/mdnsresponder/mDNSCore/DNSCommon.h:198:47: note: expanded from macro 'PutResourceRecordTTL'
C/C++:   198 |         PutResourceRecordTTLWithLimit((msg), (ptr), (count), (rr), (ttl), (msg)->data + AllowedRRSpace(msg))
C/C++:       |                                                      ^~~~~
C/C++: /Users/briones/.config/tuft/sessions/1788364493.114729/worktrees/agp-new-dsl/node_modules/react-native-zeroconf/android/src/main/jni/mdnsresponder/mDNSCore/mDNS.c:10220:37: warning: taking address of packed member 'spa' of class or structure 'ARP_EthIP' may result in an unaligned pointer value [-Waddress-of-packed-member]
C/C++:  10220 |                                         intf->ifname, msg, &arp->sha, &arp->spa, &arp->tpa, &rr->WakeUp.HMAC, &rr->WakeUp.IMAC, ARDisplayString(m, rr));
C/C++:        |                                                                        ^~~~~~~~
C/C++: /Users/briones/.config/tuft/sessions/1788364493.114729/worktrees/agp-new-dsl/node_modules/react-native-zeroconf/android/src/main/jni/mdnsresponder/mDNSCore/mDNSDebug.h:100:101: note: expanded from macro 'LogSPS'
C/C++:   100 |                 #define LogSPS( ... )           do { if (mDNS_LoggingEnabled) LogMsgWithLevel(MDNS_LOG_SPS,       __VA_ARGS__); } while (0)
C/C++:       |                                                                                                                   ^~~~~~~~~~~
C/C++: /Users/briones/.config/tuft/sessions/1788364493.114729/worktrees/agp-new-dsl/node_modules/react-native-zeroconf/android/src/main/jni/mdnsresponder/mDNSCore/mDNS.c:10220:48: warning: taking address of packed member 'tpa' of class or structure 'ARP_EthIP' may result in an unaligned pointer value [-Waddress-of-packed-member]
C/C++:  10220 |                                         intf->ifname, msg, &arp->sha, &arp->spa, &arp->tpa, &rr->WakeUp.HMAC, &rr->WakeUp.IMAC, ARDisplayString(m, rr));
C/C++:        |                                                                                   ^~~~~~~~
C/C++: /Users/briones/.config/tuft/sessions/1788364493.114729/worktrees/agp-new-dsl/node_modules/react-native-zeroconf/android/src/main/jni/mdnsresponder/mDNSCore/mDNSDebug.h:100:101: note: expanded from macro 'LogSPS'
C/C++:   100 |                 #define LogSPS( ... )           do { if (mDNS_LoggingEnabled) LogMsgWithLevel(MDNS_LOG_SPS,       __VA_ARGS__); } while (0)
C/C++:       |                                                                                                                   ^~~~~~~~~~~
C/C++: /Users/briones/.config/tuft/sessions/1788364493.114729/worktrees/agp-new-dsl/node_modules/react-native-zeroconf/android/src/main/jni/mdnsresponder/mDNSCore/mDNS.c:10223:46: warning: taking address of packed member 'tpa' of class or structure 'ARP_EthIP' may result in an unaligned pointer value [-Waddress-of-packed-member]
C/C++:  10223 |                                 else if (msg == msg4) SendARP(m, 2, rr, &arp->tpa, &arp->sha, &arp->spa, &arp->sha);
C/C++:        |                                                                          ^~~~~~~~
C/C++: /Users/briones/.config/tuft/sessions/1788364493.114729/worktrees/agp-new-dsl/node_modules/react-native-zeroconf/android/src/main/jni/mdnsresponder/mDNSCore/mDNS.c:10223:68: warning: taking address of packed member 'spa' of class or structure 'ARP_EthIP' may result in an unaligned pointer value [-Waddress-of-packed-member]
C/C++:  10223 |                                 else if (msg == msg4) SendARP(m, 2, rr, &arp->tpa, &arp->sha, &arp->spa, &arp->sha);
C/C++:        |                                                                                                ^~~~~~~~
C/C++: /Users/briones/.config/tuft/sessions/1788364493.114729/worktrees/agp-new-dsl/node_modules/react-native-zeroconf/android/src/main/jni/mdnsresponder/mDNSCore/mDNS.c:10248:20: warning: taking address of packed member 'spa' of class or structure 'ARP_EthIP' may result in an unaligned pointer value [-Waddress-of-packed-member]
C/C++:  10248 |                                                         &arp->sha, &arp->spa, &arp->tpa, ARDisplayString(m, rr));
C/C++:        |                                                                     ^~~~~~~~
C/C++: /Users/briones/.config/tuft/sessions/1788364493.114729/worktrees/agp-new-dsl/node_modules/react-native-zeroconf/android/src/main/jni/mdnsresponder/mDNSCore/mDNSDebug.h:100:101: note: expanded from macro 'LogSPS'
C/C++:   100 |                 #define LogSPS( ... )           do { if (mDNS_LoggingEnabled) LogMsgWithLevel(MDNS_LOG_SPS,       __VA_ARGS__); } while (0)
C/C++:       |                                                                                                                   ^~~~~~~~~~~
C/C++: /Users/briones/.config/tuft/sessions/1788364493.114729/worktrees/agp-new-dsl/node_modules/react-native-zeroconf/android/src/main/jni/mdnsresponder/mDNSCore/mDNS.c:10248:31: warning: taking address of packed member 'tpa' of class or structure 'ARP_EthIP' may result in an unaligned pointer value [-Waddress-of-packed-member]
C/C++:  10248 |                                                         &arp->sha, &arp->spa, &arp->tpa, ARDisplayString(m, rr));
C/C++:        |                                                                                ^~~~~~~~
C/C++: /Users/briones/.config/tuft/sessions/1788364493.114729/worktrees/agp-new-dsl/node_modules/react-native-zeroconf/android/src/main/jni/mdnsresponder/mDNSCore/mDNSDebug.h:100:101: note: expanded from macro 'LogSPS'
C/C++:   100 |                 #define LogSPS( ... )           do { if (mDNS_LoggingEnabled) LogMsgWithLevel(MDNS_LOG_SPS,       __VA_ARGS__); } while (0)
C/C++:       |                                                                                                                   ^~~~~~~~~~~
C/C++: /Users/briones/.config/tuft/sessions/1788364493.114729/worktrees/agp-new-dsl/node_modules/react-native-zeroconf/android/src/main/jni/mdnsresponder/mDNSCore/mDNS.c:10252:20: warning: taking address of packed member 'spa' of class or structure 'ARP_EthIP' may result in an unaligned pointer value [-Waddress-of-packed-member]
C/C++:  10252 |                                                         &arp->sha, &arp->spa, &arp->tpa, &rr->WakeUp.HMAC, &rr->WakeUp.IMAC, ARDisplayString(m, rr));
C/C++:        |                                                                     ^~~~~~~~
C/C++: /Users/briones/.config/tuft/sessions/1788364493.114729/worktrees/agp-new-dsl/node_modules/react-native-zeroconf/android/src/main/jni/mdnsresponder/mDNSCore/mDNSDebug.h:98:65: note: expanded from macro 'LogMsg'
C/C++:    98 |                 #define LogMsg( ... )           LogMsgWithLevel(MDNS_LOG_MSG, __VA_ARGS__)
C/C++:       |                                                                               ^~~~~~~~~~~
C/C++: /Users/briones/.config/tuft/sessions/1788364493.114729/worktrees/agp-new-dsl/node_modules/react-native-zeroconf/android/src/main/jni/mdnsresponder/mDNSCore/mDNS.c:10252:31: warning: taking address of packed member 'tpa' of class or structure 'ARP_EthIP' may result in an unaligned pointer value [-Waddress-of-packed-member]
C/C++:  10252 |                                                         &arp->sha, &arp->spa, &arp->tpa, &rr->WakeUp.HMAC, &rr->WakeUp.IMAC, ARDisplayString(m, rr));
C/C++:        |                                                                                ^~~~~~~~
C/C++: /Users/briones/.config/tuft/sessions/1788364493.114729/worktrees/agp-new-dsl/node_modules/react-native-zeroconf/android/src/main/jni/mdnsresponder/mDNSCore/mDNSDebug.h:98:65: note: expanded from macro 'LogMsg'
C/C++:    98 |                 #define LogMsg( ... )           LogMsgWithLevel(MDNS_LOG_MSG, __VA_ARGS__)
C/C++:       |                                                                               ^~~~~~~~~~~
C/C++: /Users/briones/.config/tuft/sessions/1788364493.114729/worktrees/agp-new-dsl/node_modules/react-native-zeroconf/android/src/main/jni/mdnsresponder/mDNSCore/mDNS.c:10305:36: warning: taking address of packed member 'target' of class or structure 'IPv6NDP' may result in an unaligned pointer value [-Waddress-of-packed-member]
C/C++:  10305 |                                         intf->ifname, msg, sha, spa, &ndp->target, &rr->WakeUp.HMAC, &rr->WakeUp.IMAC, ARDisplayString(m, rr));
C/C++:        |                                                                       ^~~~~~~~~~~
C/C++: /Users/briones/.config/tuft/sessions/1788364493.114729/worktrees/agp-new-dsl/node_modules/react-native-zeroconf/android/src/main/jni/mdnsresponder/mDNSCore/mDNSDebug.h:100:101: note: expanded from macro 'LogSPS'
C/C++:   100 |                 #define LogSPS( ... )           do { if (mDNS_LoggingEnabled) LogMsgWithLevel(MDNS_LOG_SPS,       __VA_ARGS__); } while (0)
C/C++:       |                                                                                                                   ^~~~~~~~~~~
C/C++: /Users/briones/.config/tuft/sessions/1788364493.114729/worktrees/agp-new-dsl/node_modules/react-native-zeroconf/android/src/main/jni/mdnsresponder/mDNSCore/mDNS.c:10312:67: warning: taking address of packed member 'target' of class or structure 'IPv6NDP' may result in an unaligned pointer value [-Waddress-of-packed-member]
C/C++:  10312 |                                 else if (msg == msg4) SendNDP(m, NDP_Adv, NDP_Solicited, rr, &ndp->target, mDNSNULL, spa,          sha             );
C/C++:        |                                                                                               ^~~~~~~~~~~
C/C++: /Users/briones/.config/tuft/sessions/1788364493.114729/worktrees/agp-new-dsl/node_modules/react-native-zeroconf/android/src/main/jni/mdnsresponder/mDNSCore/mDNS.c:10313:67: warning: taking address of packed member 'target' of class or structure 'IPv6NDP' may result in an unaligned pointer value [-Waddress-of-packed-member]
C/C++:  10313 |                                 else if (msg == msg5) SendNDP(m, NDP_Adv, 0,             rr, &ndp->target, mDNSNULL, &AllHosts_v6, &AllHosts_v6_Eth);
C/C++:        |                                                                                               ^~~~~~~~~~~
C/C++: /Users/briones/.config/tuft/sessions/1788364493.114729/worktrees/agp-new-dsl/node_modules/react-native-zeroconf/android/src/main/jni/mdnsresponder/mDNSCore/mDNS.c:10326:36: warning: taking address of packed member 'target' of class or structure 'IPv6NDP' may result in an unaligned pointer value [-Waddress-of-packed-member]
C/C++:  10326 |                 if (ndp->type == NDP_Adv) spa = &ndp->target;
C/C++:        |                                                  ^~~~~~~~~~~
C/C++: /Users/briones/.config/tuft/sessions/1788364493.114729/worktrees/agp-new-dsl/node_modules/react-native-zeroconf/android/src/main/jni/mdnsresponder/mDNSCore/mDNS.c:10335:77: warning: taking address of packed member 'target' of class or structure 'IPv6NDP' may result in an unaligned pointer value [-Waddress-of-packed-member]
C/C++:  10335 |                                                         ndp->type == NDP_Sol ? "Solicitation " : "Advertisement", sha, spa, &ndp->target, ARDisplayString(m, rr));
C/C++:        |                                                                                                                              ^~~~~~~~~~~
C/C++: /Users/briones/.config/tuft/sessions/1788364493.114729/worktrees/agp-new-dsl/node_modules/react-native-zeroconf/android/src/main/jni/mdnsresponder/mDNSCore/mDNSDebug.h:100:101: note: expanded from macro 'LogSPS'
C/C++:   100 |                 #define LogSPS( ... )           do { if (mDNS_LoggingEnabled) LogMsgWithLevel(MDNS_LOG_SPS,       __VA_ARGS__); } while (0)
C/C++:       |                                                                                                                   ^~~~~~~~~~~
C/C++: /Users/briones/.config/tuft/sessions/1788364493.114729/worktrees/agp-new-dsl/node_modules/react-native-zeroconf/android/src/main/jni/mdnsresponder/mDNSCore/mDNS.c:10339:19: warning: taking address of packed member 'target' of class or structure 'IPv6NDP' may result in an unaligned pointer value [-Waddress-of-packed-member]
C/C++:  10339 |                                                         sha, spa, &ndp->target, &rr->WakeUp.HMAC, &rr->WakeUp.IMAC, ARDisplayString(m, rr));
C/C++:        |                                                                    ^~~~~~~~~~~
C/C++: /Users/briones/.config/tuft/sessions/1788364493.114729/worktrees/agp-new-dsl/node_modules/react-native-zeroconf/android/src/main/jni/mdnsresponder/mDNSCore/mDNSDebug.h:98:65: note: expanded from macro 'LogMsg'
C/C++:    98 |                 #define LogMsg( ... )           LogMsgWithLevel(MDNS_LOG_MSG, __VA_ARGS__)
C/C++:       |                                                                               ^~~~~~~~~~~

> Task :app:configureCMakeDebug[arm64-v8a]

> Task :expo-modules-core:buildCMakeDebug[arm64-v8a]
C/C++: ninja: Entering directory `/Users/briones/.config/tuft/sessions/1788364493.114729/worktrees/agp-new-dsl/node_modules/expo-modules-core/android/.cxx/Debug/2bg4f4z2/arm64-v8a'
C/C++: In file included from /Users/briones/.config/tuft/sessions/1788364493.114729/worktrees/agp-new-dsl/node_modules/expo-modules-core/common/cpp/EventEmitter.cpp:5:
C/C++: /Users/briones/.config/tuft/sessions/1788364493.114729/worktrees/agp-new-dsl/node_modules/react-native/ReactCommon/cxxreact/ErrorUtils.h:10:2: warning: Deprecated: use <jserrorhandler/ErrorUtils.h> instead. [-W#warnings]
C/C++:    10 | #warning Deprecated: use <jserrorhandler/ErrorUtils.h> instead.
C/C++:       |  ^
C/C++: 1 warning generated.

> Task :app:mergeExtDexDebug

> Task :react-native-zeroconf:buildNdkBuildDebug[arm64-v8a]
C/C++: 16 warnings generated.
C/C++: /Users/briones/.config/tuft/sessions/1788364493.114729/worktrees/agp-new-dsl/node_modules/react-native-zeroconf/android/src/main/jni/mdnsresponder/mDNSCore/uDNS.c:724:45: warning: taking address of packed member 'numAdditionals' of class or structure 'DNSMessageHeader' may result in an unaligned pointer value [-Waddress-of-packed-member]
C/C++:   724 |         ptr = PutResourceRecordTTLJumbo(msg, ptr, &msg->h.numAdditionals, opt, 0);
C/C++:       |                                                    ^~~~~~~~~~~~~~~~~~~~~
C/C++: /Users/briones/.config/tuft/sessions/1788364493.114729/worktrees/agp-new-dsl/node_modules/react-native-zeroconf/android/src/main/jni/mdnsresponder/mDNSCore/DNSCommon.h:201:47: note: expanded from macro 'PutResourceRecordTTLJumbo'
C/C++:   201 |         PutResourceRecordTTLWithLimit((msg), (ptr), (count), (rr), (ttl), (msg)->data + AbsoluteMaxDNSMessageData)
C/C++:       |                                                      ^~~~~
C/C++: /Users/briones/.config/tuft/sessions/1788364493.114729/worktrees/agp-new-dsl/node_modules/react-native-zeroconf/android/src/main/jni/mdnsresponder/mDNSCore/uDNS.c:904:106: warning: taking address of packed member 'u' of class or structure 'rdataOPT' may result in an unaligned pointer value [-Waddress-of-packed-member]
C/C++:   904 |                                 else if (opt && q->state == LLQ_Established && opt->u.llq.llqOp == kLLQOp_Event && mDNSSameOpaque64(&opt->u.llq.id, &q->id))
C/C++:       |                                                                                                                                      ^~~~~~~~~~~~~
C/C++: /Users/briones/.config/tuft/sessions/1788364493.114729/worktrees/agp-new-dsl/node_modules/react-native-zeroconf/android/src/main/jni/mdnsresponder/mDNSCore/mDNSEmbeddedAPI.h:2395:36: note: expanded from macro 'mDNSSameOpaque64'
C/C++:  2395 | #define mDNSSameOpaque64(A,B)    ((A)->l[0] == (B)->l[0] && (A)->l[1] == (B)->l[1])
C/C++:       |                                    ^
C/C++: /Users/briones/.config/tuft/sessions/1788364493.114729/worktrees/agp-new-dsl/node_modules/react-native-zeroconf/android/src/main/jni/mdnsresponder/mDNSCore/uDNS.c:904:106: warning: taking address of packed member 'u' of class or structure 'rdataOPT' may result in an unaligned pointer value [-Waddress-of-packed-member]
C/C++:   904 |                                 else if (opt && q->state == LLQ_Established && opt->u.llq.llqOp == kLLQOp_Event && mDNSSameOpaque64(&opt->u.llq.id, &q->id))
C/C++:       |                                                                                                                                      ^~~~~~~~~~~~~
C/C++: /Users/briones/.config/tuft/sessions/1788364493.114729/worktrees/agp-new-dsl/node_modules/react-native-zeroconf/android/src/main/jni/mdnsresponder/mDNSCore/mDNSEmbeddedAPI.h:2395:62: note: expanded from macro 'mDNSSameOpaque64'
C/C++:  2395 | #define mDNSSameOpaque64(A,B)    ((A)->l[0] == (B)->l[0] && (A)->l[1] == (B)->l[1])
C/C++:       |                                                              ^
C/C++: /Users/briones/.config/tuft/sessions/1788364493.114729/worktrees/agp-new-dsl/node_modules/react-native-zeroconf/android/src/main/jni/mdnsresponder/mDNSCore/uDNS.c:909:50: warning: taking address of packed member 'u' of class or structure 'rdataOPT' may result in an unaligned pointer value [-Waddress-of-packed-member]
C/C++:   909 |                                         ackEnd = putLLQ(&m->omsg, m->omsg.data, q, &opt->u.llq);
C/C++:       |                                                                                     ^~~~~~~~~~
C/C++: /Users/briones/.config/tuft/sessions/1788364493.114729/worktrees/agp-new-dsl/node_modules/react-native-zeroconf/android/src/main/jni/mdnsresponder/mDNSCore/uDNS.c:918:97: warning: taking address of packed member 'u' of class or structure 'rdataOPT' may result in an unaligned pointer value [-Waddress-of-packed-member]
C/C++:   918 |                                         if (q->state == LLQ_Established && opt->u.llq.llqOp == kLLQOp_Refresh && mDNSSameOpaque64(&opt->u.llq.id, &q->id) && msg->h.numAdditionals && !msg->h.numAnswers)
C/C++:       |                                                                                                                                    ^~~~~~~~~~~~~
C/C++: /Users/briones/.config/tuft/sessions/1788364493.114729/worktrees/agp-new-dsl/node_modules/react-native-zeroconf/android/src/main/jni/mdnsresponder/mDNSCore/mDNSEmbeddedAPI.h:2395:36: note: expanded from macro 'mDNSSameOpaque64'
C/C++:  2395 | #define mDNSSameOpaque64(A,B)    ((A)->l[0] == (B)->l[0] && (A)->l[1] == (B)->l[1])
C/C++:       |                                    ^
C/C++: /Users/briones/.config/tuft/sessions/1788364493.114729/worktrees/agp-new-dsl/node_modules/react-native-zeroconf/android/src/main/jni/mdnsresponder/mDNSCore/uDNS.c:918:97: warning: taking address of packed member 'u' of class or structure 'rdataOPT' may result in an unaligned pointer value [-Waddress-of-packed-member]
C/C++:   918 |                                         if (q->state == LLQ_Established && opt->u.llq.llqOp == kLLQOp_Refresh && mDNSSameOpaque64(&opt->u.llq.id, &q->id) && msg->h.numAdditionals && !msg->h.numAnswers)
C/C++:       |                                                                                                                                    ^~~~~~~~~~~~~
C/C++: /Users/briones/.config/tuft/sessions/1788364493.114729/worktrees/agp-new-dsl/node_modules/react-native-zeroconf/android/src/main/jni/mdnsresponder/mDNSCore/mDNSEmbeddedAPI.h:2395:62: note: expanded from macro 'mDNSSameOpaque64'
C/C++:  2395 | #define mDNSSameOpaque64(A,B)    ((A)->l[0] == (B)->l[0] && (A)->l[1] == (B)->l[1])
C/C++:       |                                                              ^
C/C++: /Users/briones/.config/tuft/sessions/1788364493.114729/worktrees/agp-new-dsl/node_modules/react-native-zeroconf/android/src/main/jni/mdnsresponder/mDNSCore/uDNS.c:928:27: warning: taking address of packed member 'u' of class or structure 'rdataOPT' may result in an unaligned pointer value [-Waddress-of-packed-member]
C/C++:   928 |                                                         SetLLQTimer(m, q, &opt->u.llq);
C/C++:       |                                                                            ^~~~~~~~~~
C/C++: /Users/briones/.config/tuft/sessions/1788364493.114729/worktrees/agp-new-dsl/node_modules/react-native-zeroconf/android/src/main/jni/mdnsresponder/mDNSCore/uDNS.c:938:71: warning: taking address of packed member 'u' of class or structure 'rdataOPT' may result in an unaligned pointer value [-Waddress-of-packed-member]
C/C++:   938 |                                                 recvSetupResponse(m, msg->h.flags.b[1] & kDNSFlag1_RC_Mask, q, &opt->u.llq);
C/C++:       |                                                                                                                 ^~~~~~~~~~
C/C++: 8 warnings generated.
C/C++: /Users/briones/.config/tuft/sessions/1788364493.114729/worktrees/agp-new-dsl/node_modules/react-native-zeroconf/android/src/main/jni/mdnsresponder/mDNSPosix/mDNSPosix.c:516:32: warning: 'sscanf' may overflow; destination buffer in argument 3 has size 10, but the corresponding specifier may require size 11 [-Wfortify-source]
C/C++:   516 |                 if (sscanf(line,"%10s %15s", keyword, nameserver) != 2) continue;       // it will skip whitespaces
C/C++:       |                                              ^
C/C++: 1 warning generated.

> Task :app:buildCMakeDebug[arm64-v8a]
> Task :app:mergeDebugJniLibFolders UP-TO-DATE
> Task :app:validateSigningDebug UP-TO-DATE
> Task :app:writeDebugAppMetadata UP-TO-DATE
> Task :app:writeDebugSigningConfigVersions UP-TO-DATE
> Task :app:processDebugManifestForPackage
> Task :app:processDebugResources

> Task :react-native-zeroconf:buildNdkBuildDebug[arm64-v8a]
C/C++: /Users/briones/.config/tuft/sessions/1788364493.114729/worktrees/agp-new-dsl/node_modules/react-native-zeroconf/android/src/main/jni/mdnsresponder/mDNSCore/DNSCommon.c:1889:48: warning: taking address of packed member 'numAnswers' of class or structure 'DNSMessageHeader' may result in an unaligned pointer value [-Waddress-of-packed-member]
C/C++:  1889 |         return putEmptyResourceRecord(msg, ptr, end, &msg->h.mDNS_numPrereqs, &prereq);
C/C++:       |                                                       ^~~~~~~~~~~~~~~~~~~~~~
C/C++: /Users/briones/.config/tuft/sessions/1788364493.114729/worktrees/agp-new-dsl/node_modules/react-native-zeroconf/android/src/main/jni/mdnsresponder/mDNSCore/DNSCommon.c:1898:45: warning: taking address of packed member 'numAuthorities' of class or structure 'DNSMessageHeader' may result in an unaligned pointer value [-Waddress-of-packed-member]
C/C++:  1898 |         ptr = PutResourceRecordTTLJumbo(msg, ptr, &msg->h.mDNS_numUpdates, rr, 0);
C/C++:       |               ~~~~~~~~~~~~~~~~~~~~~~~~~~~~~~~~~~~~~^~~~~~~~~~~~~~~~~~~~~~~~~~~~~~
C/C++: /Users/briones/.config/tuft/sessions/1788364493.114729/worktrees/agp-new-dsl/node_modules/react-native-zeroconf/android/src/main/jni/mdnsresponder/mDNSCore/DNSCommon.h:201:47: note: expanded from macro 'PutResourceRecordTTLJumbo'
C/C++:   201 |         PutResourceRecordTTLWithLimit((msg), (ptr), (count), (rr), (ttl), (msg)->data + AbsoluteMaxDNSMessageData)
C/C++:       |                                                      ^~~~~
C/C++: /Users/briones/.config/tuft/sessions/1788364493.114729/worktrees/agp-new-dsl/node_modules/react-native-zeroconf/android/src/main/jni/mdnsresponder/mDNSCore/DNSCommon.c:1909:49: warning: taking address of packed member 'numAuthorities' of class or structure 'DNSMessageHeader' may result in an unaligned pointer value [-Waddress-of-packed-member]
C/C++:  1909 |         ptr = PutResourceRecordTTLWithLimit(msg, ptr, &msg->h.mDNS_numUpdates, rr, 0, limit);
C/C++:       |                                                        ^~~~~~~~~~~~~~~~~~~~~~
C/C++: /Users/briones/.config/tuft/sessions/1788364493.114729/worktrees/agp-new-dsl/node_modules/react-native-zeroconf/android/src/main/jni/mdnsresponder/mDNSCore/DNSCommon.c:1961:45: warning: taking address of packed member 'numAdditionals' of class or structure 'DNSMessageHeader' may result in an unaligned pointer value [-Waddress-of-packed-member]
C/C++:  1961 |         end = PutResourceRecordTTLJumbo(msg, end, &msg->h.numAdditionals, &rr.resrec, 0);
C/C++:       |                                                    ^~~~~~~~~~~~~~~~~~~~~
C/C++: /Users/briones/.config/tuft/sessions/1788364493.114729/worktrees/agp-new-dsl/node_modules/react-native-zeroconf/android/src/main/jni/mdnsresponder/mDNSCore/DNSCommon.h:201:47: note: expanded from macro 'PutResourceRecordTTLJumbo'
C/C++:   201 |         PutResourceRecordTTLWithLimit((msg), (ptr), (count), (rr), (ttl), (msg)->data + AbsoluteMaxDNSMessageData)
C/C++:       |                                                      ^~~~~
C/C++: /Users/briones/.config/tuft/sessions/1788364493.114729/worktrees/agp-new-dsl/node_modules/react-native-zeroconf/android/src/main/jni/mdnsresponder/mDNSCore/DNSCommon.c:1976:49: warning: taking address of packed member 'numAdditionals' of class or structure 'DNSMessageHeader' may result in an unaligned pointer value [-Waddress-of-packed-member]
C/C++:  1976 |         end = PutResourceRecordTTLWithLimit(msg, end, &msg->h.numAdditionals, &rr.resrec, 0, limit);
C/C++:       |                                                        ^~~~~~~~~~~~~~~~~~~~~
C/C++: /Users/briones/.config/tuft/sessions/1788364493.114729/worktrees/agp-new-dsl/node_modules/react-native-zeroconf/android/src/main/jni/mdnsresponder/mDNSCore/DNSCommon.c:1998:53: warning: taking address of packed member 'numAdditionals' of class or structure 'DNSMessageHeader' may result in an unaligned pointer value [-Waddress-of-packed-member]
C/C++:  1998 |                 newptr = PutResourceRecordTTLWithLimit(msg, end, &msg->h.numAdditionals, &hinfo.resrec, 0, limit);
C/C++:       |                                                                   ^~~~~~~~~~~~~~~~~~~~~
C/C++: 6 warnings generated.

> Task :react-native-zeroconf:configureNdkBuildDebug[armeabi-v7a]

> Task :expo-modules-core:compileDebugKotlin
w: file:///Users/briones/.config/tuft/sessions/1788364493.114729/worktrees/agp-new-dsl/node_modules/expo-modules-core/android/src/main/java/expo/modules/kotlin/jni/CppType.kt:42:23 'class NativeArrayBuffer : Destructible' is deprecated. Use ArrayBuffer instead.
w: file:///Users/briones/.config/tuft/sessions/1788364493.114729/worktrees/agp-new-dsl/node_modules/expo-modules-core/android/src/main/java/expo/modules/kotlin/jni/JavaCallback.kt:38:10 'class NativeArrayBuffer : Destructible' is deprecated. Use ArrayBuffer instead.
w: file:///Users/briones/.config/tuft/sessions/1788364493.114729/worktrees/agp-new-dsl/node_modules/expo-modules-core/android/src/main/java/expo/modules/kotlin/jni/JavaCallback.kt:96:45 'class NativeArrayBuffer : Destructible' is deprecated. Use ArrayBuffer instead.
w: file:///Users/briones/.config/tuft/sessions/1788364493.114729/worktrees/agp-new-dsl/node_modules/expo-modules-core/android/src/main/java/expo/modules/kotlin/jni/NativeArrayBuffer.kt:49:15 'class NativeArrayBuffer : Destructible' is deprecated. Use ArrayBuffer instead.
w: file:///Users/briones/.config/tuft/sessions/1788364493.114729/worktrees/agp-new-dsl/node_modules/expo-modules-core/android/src/main/java/expo/modules/kotlin/jni/NativeArrayBuffer.kt:64:30 'class NativeArrayBuffer : Destructible' is deprecated. Use ArrayBuffer instead.
w: file:///Users/briones/.config/tuft/sessions/1788364493.114729/worktrees/agp-new-dsl/node_modules/expo-modules-core/android/src/main/java/expo/modules/kotlin/jni/NativeArrayBuffer.kt:66:14 'constructor(byteBuffer: ByteBuffer): NativeArrayBuffer' is deprecated. Use ArrayBuffer instead.
w: file:///Users/briones/.config/tuft/sessions/1788364493.114729/worktrees/agp-new-dsl/node_modules/expo-modules-core/android/src/main/java/expo/modules/kotlin/jni/NativeArrayBuffer.kt:74:39 'class NativeArrayBuffer : Destructible' is deprecated. Use ArrayBuffer instead.
w: file:///Users/briones/.config/tuft/sessions/1788364493.114729/worktrees/agp-new-dsl/node_modules/expo-modules-core/android/src/main/java/expo/modules/kotlin/jni/NativeArrayBuffer.kt:75:7 'constructor(byteBuffer: ByteBuffer): NativeArrayBuffer' is deprecated. Use ArrayBuffer instead.
w: file:///Users/briones/.config/tuft/sessions/1788364493.114729/worktrees/agp-new-dsl/node_modules/expo-modules-core/android/src/main/java/expo/modules/kotlin/jni/NativeArrayBuffer.kt:80:37 'class NativeArrayBuffer : Destructible' is deprecated. Use ArrayBuffer instead.
w: file:///Users/briones/.config/tuft/sessions/1788364493.114729/worktrees/agp-new-dsl/node_modules/expo-modules-core/android/src/main/java/expo/modules/kotlin/jni/NativeArrayBuffer.kt:86:47 'class NativeArrayBuffer : Destructible' is deprecated. Use ArrayBuffer instead.
w: file:///Users/briones/.config/tuft/sessions/1788364493.114729/worktrees/agp-new-dsl/node_modules/expo-modules-core/android/src/main/java/expo/modules/kotlin/jni/NativeArrayBuffer.kt:92:23 'class NativeArrayBuffer : Destructible' is deprecated. Use ArrayBuffer instead.
w: file:///Users/briones/.config/tuft/sessions/1788364493.114729/worktrees/agp-new-dsl/node_modules/expo-modules-core/android/src/main/java/expo/modules/kotlin/jni/NativeArrayBuffer.kt:92:43 'class NativeArrayBuffer : Destructible' is deprecated. Use ArrayBuffer instead.
w: file:///Users/briones/.config/tuft/sessions/1788364493.114729/worktrees/agp-new-dsl/node_modules/expo-modules-core/android/src/main/java/expo/modules/kotlin/jni/NativeArrayBuffer.kt:95:41 'class NativeArrayBuffer : Destructible' is deprecated. Use ArrayBuffer instead.
w: file:///Users/briones/.config/tuft/sessions/1788364493.114729/worktrees/agp-new-dsl/node_modules/expo-modules-core/android/src/main/java/expo/modules/kotlin/jni/NativeArrayBuffer.kt:105:14 'constructor(byteBuffer: ByteBuffer): NativeArrayBuffer' is deprecated. Use ArrayBuffer instead.
w: file:///Users/briones/.config/tuft/sessions/1788364493.114729/worktrees/agp-new-dsl/node_modules/expo-modules-core/android/src/main/java/expo/modules/kotlin/types/ColorCompat.kt:115:5 This annotation is currently applied to the value parameter only, but in the future it will also be applied to field.
- To opt in to applying to both value parameter and field, add '-Xannotation-default-target=param-property' to your compiler arguments.
- To keep applying to the value parameter only, use the '@param:' annotation target.

See https://youtrack.jetbrains.com/issue/KT-73255 for more details.
w: file:///Users/briones/.config/tuft/sessions/1788364493.114729/worktrees/agp-new-dsl/node_modules/expo-modules-core/android/src/main/java/expo/modules/kotlin/types/JSTypeConverter.kt:7:8 'class NativeArrayBuffer : Destructible' is deprecated. Use ArrayBuffer instead.
w: file:///Users/briones/.config/tuft/sessions/1788364493.114729/worktrees/agp-new-dsl/node_modules/expo-modules-core/android/src/main/java/expo/modules/kotlin/types/JSTypeConverter.kt:245:55 'class NativeArrayBuffer : Destructible' is deprecated. Use ArrayBuffer instead.
w: file:///Users/briones/.config/tuft/sessions/1788364493.114729/worktrees/agp-new-dsl/node_modules/expo-modules-core/android/src/main/java/expo/modules/kotlin/types/JSTypeConverter.kt:247:19 'class NativeArrayBuffer : Destructible' is deprecated. Use ArrayBuffer instead.
w: file:///Users/briones/.config/tuft/sessions/1788364493.114729/worktrees/agp-new-dsl/node_modules/expo-modules-core/android/src/main/java/expo/modules/kotlin/types/ReturnType.kt:6:8 'class NativeArrayBuffer : Destructible' is deprecated. Use ArrayBuffer instead.
w: file:///Users/briones/.config/tuft/sessions/1788364493.114729/worktrees/agp-new-dsl/node_modules/expo-modules-core/android/src/main/java/expo/modules/kotlin/types/ReturnType.kt:45:5 'class NativeArrayBuffer : Destructible' is deprecated. Use ArrayBuffer instead.
w: file:///Users/briones/.config/tuft/sessions/1788364493.114729/worktrees/agp-new-dsl/node_modules/expo-modules-core/android/src/main/java/expo/modules/kotlin/types/TypeConverterProvider.kt:19:8 'class NativeArrayBuffer : Destructible' is deprecated. Use ArrayBuffer instead.
w: file:///Users/briones/.config/tuft/sessions/1788364493.114729/worktrees/agp-new-dsl/node_modules/expo-modules-core/android/src/main/java/expo/modules/kotlin/types/TypeConverterProvider.kt:254:7 'class NativeArrayBuffer : Destructible' is deprecated. Use ArrayBuffer instead.

> Task :expo-modules-core:buildCMakeDebug[arm64-v8a]
C/C++: /Users/briones/.config/tuft/sessions/1788364493.114729/worktrees/agp-new-dsl/node_modules/expo-modules-core/android/src/main/cpp/fabric/ExpoComponentDescriptorFactory.cpp:17:5: warning: 'RawPropsParser' is deprecated [-Wdeprecated-declarations]
C/C++:    17 |     react::RawPropsParser(/*useRawPropsJsiValue=*/true)
C/C++:       |     ^
C/C++: /Users/briones/.config/tuft/sessions/1788364493.114729/worktrees/agp-new-dsl/node_modules/react-native/ReactCommon/react/renderer/core/RawPropsParser.h:31:5: note: 'RawPropsParser' has been explicitly marked deprecated here
C/C++:    31 |   [[deprecated]] explicit RawPropsParser(bool /* ignored */) : RawPropsParser() {}
C/C++:       |     ^
C/C++: 1 warning generated.

> Task :expo-modules-core:compileDebugJavaWithJavac
Note: Some input files use or override a deprecated API.
Note: Recompile with -Xlint:deprecation for details.

> Task :expo-modules-core:processDebugJavaRes
> Task :expo-modules-core:mergeDebugJniLibFolders
> Task :expo-modules-core:bundleLibCompileToJarDebug
> Task :expo-modules-core:mergeDebugNativeLibs
> Task :expo-modules-core:copyDebugJniLibsProjectOnly
> Task :expo-constants:compileDebugKotlin
> Task :expo-constants:compileDebugJavaWithJavac NO-SOURCE
> Task :expo-constants:bundleLibCompileToJarDebug
> Task :expo-constants:processDebugJavaRes
> Task :expo-constants:bundleLibRuntimeToDirDebug
> Task :expo-log-box:compileDebugKotlin
> Task :expo-modules-core:bundleLibRuntimeToDirDebug
> Task :expo-log-box:compileDebugJavaWithJavac
> Task :expo-log-box:bundleLibCompileToJarDebug
> Task :expo-log-box:processDebugJavaRes
> Task :expo-log-box:bundleLibRuntimeToDirDebug

> Task :react-native-zeroconf:buildNdkBuildDebug[armeabi-v7a]
C/C++: /Users/briones/.config/tuft/sessions/1788364493.114729/worktrees/agp-new-dsl/node_modules/react-native-zeroconf/android/src/main/jni/mdnsresponder/mDNSCore/mDNS.c:5462:61: warning: taking address of packed member 'numAnswers' of class or structure 'DNSMessageHeader' may result in an unaligned pointer value [-Waddress-of-packed-member]
C/C++:  5462 |                         mDNSu8 *p = PutResourceRecordTTL(response, responseptr, &response->h.numAnswers, &rr->resrec,
C/C++:       |                                                                                  ^~~~~~~~~~~~~~~~~~~~~~
C/C++: /Users/briones/.config/tuft/sessions/1788364493.114729/worktrees/agp-new-dsl/node_modules/react-native-zeroconf/android/src/main/jni/mdnsresponder/mDNSCore/DNSCommon.h:198:47: note: expanded from macro 'PutResourceRecordTTL'
C/C++:   198 |         PutResourceRecordTTLWithLimit((msg), (ptr), (count), (rr), (ttl), (msg)->data + AllowedRRSpace(msg))
C/C++:       |                                                      ^~~~~
C/C++: /Users/briones/.config/tuft/sessions/1788364493.114729/worktrees/agp-new-dsl/node_modules/react-native-zeroconf/android/src/main/jni/mdnsresponder/mDNSCore/mDNS.c:5474:61: warning: taking address of packed member 'numAdditionals' of class or structure 'DNSMessageHeader' may result in an unaligned pointer value [-Waddress-of-packed-member]
C/C++:  5474 |                         mDNSu8 *p = PutResourceRecordTTL(response, responseptr, &response->h.numAdditionals, &rr->resrec,
C/C++:       |                                                                                  ^~~~~~~~~~~~~~~~~~~~~~~~~~
C/C++: /Users/briones/.config/tuft/sessions/1788364493.114729/worktrees/agp-new-dsl/node_modules/react-native-zeroconf/android/src/main/jni/mdnsresponder/mDNSCore/DNSCommon.h:198:47: note: expanded from macro 'PutResourceRecordTTL'
C/C++:   198 |         PutResourceRecordTTLWithLimit((msg), (ptr), (count), (rr), (ttl), (msg)->data + AllowedRRSpace(msg))
C/C++:       |                                                      ^~~~~
C/C++: /Users/briones/.config/tuft/sessions/1788364493.114729/worktrees/agp-new-dsl/node_modules/react-native-zeroconf/android/src/main/jni/mdnsresponder/mDNSCore/mDNS.c:10220:37: warning: taking address of packed member 'spa' of class or structure 'ARP_EthIP' may result in an unaligned pointer value [-Waddress-of-packed-member]
C/C++:  10220 |                                         intf->ifname, msg, &arp->sha, &arp->spa, &arp->tpa, &rr->WakeUp.HMAC, &rr->WakeUp.IMAC, ARDisplayString(m, rr));
C/C++:        |                                                                        ^~~~~~~~
C/C++: /Users/briones/.config/tuft/sessions/1788364493.114729/worktrees/agp-new-dsl/node_modules/react-native-zeroconf/android/src/main/jni/mdnsresponder/mDNSCore/mDNSDebug.h:100:101: note: expanded from macro 'LogSPS'
C/C++:   100 |                 #define LogSPS( ... )           do { if (mDNS_LoggingEnabled) LogMsgWithLevel(MDNS_LOG_SPS,       __VA_ARGS__); } while (0)
C/C++:       |                                                                                                                   ^~~~~~~~~~~
C/C++: /Users/briones/.config/tuft/sessions/1788364493.114729/worktrees/agp-new-dsl/node_modules/react-native-zeroconf/android/src/main/jni/mdnsresponder/mDNSCore/mDNS.c:10220:48: warning: taking address of packed member 'tpa' of class or structure 'ARP_EthIP' may result in an unaligned pointer value [-Waddress-of-packed-member]
C/C++:  10220 |                                         intf->ifname, msg, &arp->sha, &arp->spa, &arp->tpa, &rr->WakeUp.HMAC, &rr->WakeUp.IMAC, ARDisplayString(m, rr));
C/C++:        |                                                                                   ^~~~~~~~
C/C++: /Users/briones/.config/tuft/sessions/1788364493.114729/worktrees/agp-new-dsl/node_modules/react-native-zeroconf/android/src/main/jni/mdnsresponder/mDNSCore/mDNSDebug.h:100:101: note: expanded from macro 'LogSPS'
C/C++:   100 |                 #define LogSPS( ... )           do { if (mDNS_LoggingEnabled) LogMsgWithLevel(MDNS_LOG_SPS,       __VA_ARGS__); } while (0)
C/C++:       |                                                                                                                   ^~~~~~~~~~~
C/C++: /Users/briones/.config/tuft/sessions/1788364493.114729/worktrees/agp-new-dsl/node_modules/react-native-zeroconf/android/src/main/jni/mdnsresponder/mDNSCore/mDNS.c:10223:46: warning: taking address of packed member 'tpa' of class or structure 'ARP_EthIP' may result in an unaligned pointer value [-Waddress-of-packed-member]
C/C++:  10223 |                                 else if (msg == msg4) SendARP(m, 2, rr, &arp->tpa, &arp->sha, &arp->spa, &arp->sha);
C/C++:        |                                                                          ^~~~~~~~
C/C++: /Users/briones/.config/tuft/sessions/1788364493.114729/worktrees/agp-new-dsl/node_modules/react-native-zeroconf/android/src/main/jni/mdnsresponder/mDNSCore/mDNS.c:10223:68: warning: taking address of packed member 'spa' of class or structure 'ARP_EthIP' may result in an unaligned pointer value [-Waddress-of-packed-member]
C/C++:  10223 |                                 else if (msg == msg4) SendARP(m, 2, rr, &arp->tpa, &arp->sha, &arp->spa, &arp->sha);
C/C++:        |                                                                                                ^~~~~~~~
C/C++: /Users/briones/.config/tuft/sessions/1788364493.114729/worktrees/agp-new-dsl/node_modules/react-native-zeroconf/android/src/main/jni/mdnsresponder/mDNSCore/mDNS.c:10248:20: warning: taking address of packed member 'spa' of class or structure 'ARP_EthIP' may result in an unaligned pointer value [-Waddress-of-packed-member]
C/C++:  10248 |                                                         &arp->sha, &arp->spa, &arp->tpa, ARDisplayString(m, rr));
C/C++:        |                                                                     ^~~~~~~~
C/C++: /Users/briones/.config/tuft/sessions/1788364493.114729/worktrees/agp-new-dsl/node_modules/react-native-zeroconf/android/src/main/jni/mdnsresponder/mDNSCore/mDNSDebug.h:100:101: note: expanded from macro 'LogSPS'
C/C++:   100 |                 #define LogSPS( ... )           do { if (mDNS_LoggingEnabled) LogMsgWithLevel(MDNS_LOG_SPS,       __VA_ARGS__); } while (0)
C/C++:       |                                                                                                                   ^~~~~~~~~~~
C/C++: /Users/briones/.config/tuft/sessions/1788364493.114729/worktrees/agp-new-dsl/node_modules/react-native-zeroconf/android/src/main/jni/mdnsresponder/mDNSCore/mDNS.c:10248:31: warning: taking address of packed member 'tpa' of class or structure 'ARP_EthIP' may result in an unaligned pointer value [-Waddress-of-packed-member]
C/C++:  10248 |                                                         &arp->sha, &arp->spa, &arp->tpa, ARDisplayString(m, rr));
C/C++:        |                                                                                ^~~~~~~~
C/C++: /Users/briones/.config/tuft/sessions/1788364493.114729/worktrees/agp-new-dsl/node_modules/react-native-zeroconf/android/src/main/jni/mdnsresponder/mDNSCore/mDNSDebug.h:100:101: note: expanded from macro 'LogSPS'
C/C++:   100 |                 #define LogSPS( ... )           do { if (mDNS_LoggingEnabled) LogMsgWithLevel(MDNS_LOG_SPS,       __VA_ARGS__); } while (0)
C/C++:       |                                                                                                                   ^~~~~~~~~~~
C/C++: /Users/briones/.config/tuft/sessions/1788364493.114729/worktrees/agp-new-dsl/node_modules/react-native-zeroconf/android/src/main/jni/mdnsresponder/mDNSCore/mDNS.c:10252:20: warning: taking address of packed member 'spa' of class or structure 'ARP_EthIP' may result in an unaligned pointer value [-Waddress-of-packed-member]
C/C++:  10252 |                                                         &arp->sha, &arp->spa, &arp->tpa, &rr->WakeUp.HMAC, &rr->WakeUp.IMAC, ARDisplayString(m, rr));
C/C++:        |                                                                     ^~~~~~~~
C/C++: /Users/briones/.config/tuft/sessions/1788364493.114729/worktrees/agp-new-dsl/node_modules/react-native-zeroconf/android/src/main/jni/mdnsresponder/mDNSCore/mDNSDebug.h:98:65: note: expanded from macro 'LogMsg'
C/C++:    98 |                 #define LogMsg( ... )           LogMsgWithLevel(MDNS_LOG_MSG, __VA_ARGS__)
C/C++:       |                                                                               ^~~~~~~~~~~
C/C++: /Users/briones/.config/tuft/sessions/1788364493.114729/worktrees/agp-new-dsl/node_modules/react-native-zeroconf/android/src/main/jni/mdnsresponder/mDNSCore/mDNS.c:10252:31: warning: taking address of packed member 'tpa' of class or structure 'ARP_EthIP' may result in an unaligned pointer value [-Waddress-of-packed-member]
C/C++:  10252 |                                                         &arp->sha, &arp->spa, &arp->tpa, &rr->WakeUp.HMAC, &rr->WakeUp.IMAC, ARDisplayString(m, rr));
C/C++:        |                                                                                ^~~~~~~~
C/C++: /Users/briones/.config/tuft/sessions/1788364493.114729/worktrees/agp-new-dsl/node_modules/react-native-zeroconf/android/src/main/jni/mdnsresponder/mDNSCore/mDNSDebug.h:98:65: note: expanded from macro 'LogMsg'
C/C++:    98 |                 #define LogMsg( ... )           LogMsgWithLevel(MDNS_LOG_MSG, __VA_ARGS__)
C/C++:       |                                                                               ^~~~~~~~~~~
C/C++: /Users/briones/.config/tuft/sessions/1788364493.114729/worktrees/agp-new-dsl/node_modules/react-native-zeroconf/android/src/main/jni/mdnsresponder/mDNSCore/mDNS.c:10305:36: warning: taking address of packed member 'target' of class or structure 'IPv6NDP' may result in an unaligned pointer value [-Waddress-of-packed-member]
C/C++:  10305 |                                         intf->ifname, msg, sha, spa, &ndp->target, &rr->WakeUp.HMAC, &rr->WakeUp.IMAC, ARDisplayString(m, rr));
C/C++:        |                                                                       ^~~~~~~~~~~
C/C++: /Users/briones/.config/tuft/sessions/1788364493.114729/worktrees/agp-new-dsl/node_modules/react-native-zeroconf/android/src/main/jni/mdnsresponder/mDNSCore/mDNSDebug.h:100:101: note: expanded from macro 'LogSPS'
C/C++:   100 |                 #define LogSPS( ... )           do { if (mDNS_LoggingEnabled) LogMsgWithLevel(MDNS_LOG_SPS,       __VA_ARGS__); } while (0)
C/C++:       |                                                                                                                   ^~~~~~~~~~~
C/C++: /Users/briones/.config/tuft/sessions/1788364493.114729/worktrees/agp-new-dsl/node_modules/react-native-zeroconf/android/src/main/jni/mdnsresponder/mDNSCore/mDNS.c:10312:67: warning: taking address of packed member 'target' of class or structure 'IPv6NDP' may result in an unaligned pointer value [-Waddress-of-packed-member]
C/C++:  10312 |                                 else if (msg == msg4) SendNDP(m, NDP_Adv, NDP_Solicited, rr, &ndp->target, mDNSNULL, spa,          sha             );
C/C++:        |                                                                                               ^~~~~~~~~~~
C/C++: /Users/briones/.config/tuft/sessions/1788364493.114729/worktrees/agp-new-dsl/node_modules/react-native-zeroconf/android/src/main/jni/mdnsresponder/mDNSCore/mDNS.c:10313:67: warning: taking address of packed member 'target' of class or structure 'IPv6NDP' may result in an unaligned pointer value [-Waddress-of-packed-member]
C/C++:  10313 |                                 else if (msg == msg5) SendNDP(m, NDP_Adv, 0,             rr, &ndp->target, mDNSNULL, &AllHosts_v6, &AllHosts_v6_Eth);
C/C++:        |                                                                                               ^~~~~~~~~~~
C/C++: /Users/briones/.config/tuft/sessions/1788364493.114729/worktrees/agp-new-dsl/node_modules/react-native-zeroconf/android/src/main/jni/mdnsresponder/mDNSCore/mDNS.c:10326:36: warning: taking address of packed member 'target' of class or structure 'IPv6NDP' may result in an unaligned pointer value [-Waddress-of-packed-member]
C/C++:  10326 |                 if (ndp->type == NDP_Adv) spa = &ndp->target;
C/C++:        |                                                  ^~~~~~~~~~~
C/C++: /Users/briones/.config/tuft/sessions/1788364493.114729/worktrees/agp-new-dsl/node_modules/react-native-zeroconf/android/src/main/jni/mdnsresponder/mDNSCore/mDNS.c:10335:77: warning: taking address of packed member 'target' of class or structure 'IPv6NDP' may result in an unaligned pointer value [-Waddress-of-packed-member]
C/C++:  10335 |                                                         ndp->type == NDP_Sol ? "Solicitation " : "Advertisement", sha, spa, &ndp->target, ARDisplayString(m, rr));
C/C++:        |                                                                                                                              ^~~~~~~~~~~
C/C++: /Users/briones/.config/tuft/sessions/1788364493.114729/worktrees/agp-new-dsl/node_modules/react-native-zeroconf/android/src/main/jni/mdnsresponder/mDNSCore/mDNSDebug.h:100:101: note: expanded from macro 'LogSPS'
C/C++:   100 |                 #define LogSPS( ... )           do { if (mDNS_LoggingEnabled) LogMsgWithLevel(MDNS_LOG_SPS,       __VA_ARGS__); } while (0)
C/C++:       |                                                                                                                   ^~~~~~~~~~~
C/C++: /Users/briones/.config/tuft/sessions/1788364493.114729/worktrees/agp-new-dsl/node_modules/react-native-zeroconf/android/src/main/jni/mdnsresponder/mDNSCore/mDNS.c:10339:19: warning: taking address of packed member 'target' of class or structure 'IPv6NDP' may result in an unaligned pointer value [-Waddress-of-packed-member]
C/C++:  10339 |                                                         sha, spa, &ndp->target, &rr->WakeUp.HMAC, &rr->WakeUp.IMAC, ARDisplayString(m, rr));
C/C++:        |                                                                    ^~~~~~~~~~~
C/C++: /Users/briones/.config/tuft/sessions/1788364493.114729/worktrees/agp-new-dsl/node_modules/react-native-zeroconf/android/src/main/jni/mdnsresponder/mDNSCore/mDNSDebug.h:98:65: note: expanded from macro 'LogMsg'
C/C++:    98 |                 #define LogMsg( ... )           LogMsgWithLevel(MDNS_LOG_MSG, __VA_ARGS__)
C/C++:       |                                                                               ^~~~~~~~~~~
C/C++: 16 warnings generated.
C/C++: /Users/briones/.config/tuft/sessions/1788364493.114729/worktrees/agp-new-dsl/node_modules/react-native-zeroconf/android/src/main/jni/mdnsresponder/mDNSCore/uDNS.c:724:45: warning: taking address of packed member 'numAdditionals' of class or structure 'DNSMessageHeader' may result in an unaligned pointer value [-Waddress-of-packed-member]
C/C++:   724 |         ptr = PutResourceRecordTTLJumbo(msg, ptr, &msg->h.numAdditionals, opt, 0);
C/C++:       |                                                    ^~~~~~~~~~~~~~~~~~~~~
C/C++: /Users/briones/.config/tuft/sessions/1788364493.114729/worktrees/agp-new-dsl/node_modules/react-native-zeroconf/android/src/main/jni/mdnsresponder/mDNSCore/DNSCommon.h:201:47: note: expanded from macro 'PutResourceRecordTTLJumbo'
C/C++:   201 |         PutResourceRecordTTLWithLimit((msg), (ptr), (count), (rr), (ttl), (msg)->data + AbsoluteMaxDNSMessageData)
C/C++:       |                                                      ^~~~~
C/C++: /Users/briones/.config/tuft/sessions/1788364493.114729/worktrees/agp-new-dsl/node_modules/react-native-zeroconf/android/src/main/jni/mdnsresponder/mDNSCore/uDNS.c:904:106: warning: taking address of packed member 'u' of class or structure 'rdataOPT' may result in an unaligned pointer value [-Waddress-of-packed-member]
C/C++:   904 |                                 else if (opt && q->state == LLQ_Established && opt->u.llq.llqOp == kLLQOp_Event && mDNSSameOpaque64(&opt->u.llq.id, &q->id))
C/C++:       |                                                                                                                                      ^~~~~~~~~~~~~
C/C++: /Users/briones/.config/tuft/sessions/1788364493.114729/worktrees/agp-new-dsl/node_modules/react-native-zeroconf/android/src/main/jni/mdnsresponder/mDNSCore/mDNSEmbeddedAPI.h:2395:36: note: expanded from macro 'mDNSSameOpaque64'
C/C++:  2395 | #define mDNSSameOpaque64(A,B)    ((A)->l[0] == (B)->l[0] && (A)->l[1] == (B)->l[1])
C/C++:       |                                    ^
C/C++: /Users/briones/.config/tuft/sessions/1788364493.114729/worktrees/agp-new-dsl/node_modules/react-native-zeroconf/android/src/main/jni/mdnsresponder/mDNSCore/uDNS.c:904:106: warning: taking address of packed member 'u' of class or structure 'rdataOPT' may result in an unaligned pointer value [-Waddress-of-packed-member]
C/C++:   904 |                                 else if (opt && q->state == LLQ_Established && opt->u.llq.llqOp == kLLQOp_Event && mDNSSameOpaque64(&opt->u.llq.id, &q->id))
C/C++:       |                                                                                                                                      ^~~~~~~~~~~~~
C/C++: /Users/briones/.config/tuft/sessions/1788364493.114729/worktrees/agp-new-dsl/node_modules/react-native-zeroconf/android/src/main/jni/mdnsresponder/mDNSCore/mDNSEmbeddedAPI.h:2395:62: note: expanded from macro 'mDNSSameOpaque64'
C/C++:  2395 | #define mDNSSameOpaque64(A,B)    ((A)->l[0] == (B)->l[0] && (A)->l[1] == (B)->l[1])
C/C++:       |                                                              ^
C/C++: /Users/briones/.config/tuft/sessions/1788364493.114729/worktrees/agp-new-dsl/node_modules/react-native-zeroconf/android/src/main/jni/mdnsresponder/mDNSCore/uDNS.c:909:50: warning: taking address of packed member 'u' of class or structure 'rdataOPT' may result in an unaligned pointer value [-Waddress-of-packed-member]
C/C++:   909 |                                         ackEnd = putLLQ(&m->omsg, m->omsg.data, q, &opt->u.llq);
C/C++:       |                                                                                     ^~~~~~~~~~
C/C++: /Users/briones/.config/tuft/sessions/1788364493.114729/worktrees/agp-new-dsl/node_modules/react-native-zeroconf/android/src/main/jni/mdnsresponder/mDNSCore/uDNS.c:918:97: warning: taking address of packed member 'u' of class or structure 'rdataOPT' may result in an unaligned pointer value [-Waddress-of-packed-member]
C/C++:   918 |                                         if (q->state == LLQ_Established && opt->u.llq.llqOp == kLLQOp_Refresh && mDNSSameOpaque64(&opt->u.llq.id, &q->id) && msg->h.numAdditionals && !msg->h.numAnswers)
C/C++:       |                                                                                                                                    ^~~~~~~~~~~~~
C/C++: /Users/briones/.config/tuft/sessions/1788364493.114729/worktrees/agp-new-dsl/node_modules/react-native-zeroconf/android/src/main/jni/mdnsresponder/mDNSCore/mDNSEmbeddedAPI.h:2395:36: note: expanded from macro 'mDNSSameOpaque64'
C/C++:  2395 | #define mDNSSameOpaque64(A,B)    ((A)->l[0] == (B)->l[0] && (A)->l[1] == (B)->l[1])
C/C++:       |                                    ^
C/C++: /Users/briones/.config/tuft/sessions/1788364493.114729/worktrees/agp-new-dsl/node_modules/react-native-zeroconf/android/src/main/jni/mdnsresponder/mDNSCore/uDNS.c:918:97: warning: taking address of packed member 'u' of class or structure 'rdataOPT' may result in an unaligned pointer value [-Waddress-of-packed-member]
C/C++:   918 |                                         if (q->state == LLQ_Established && opt->u.llq.llqOp == kLLQOp_Refresh && mDNSSameOpaque64(&opt->u.llq.id, &q->id) && msg->h.numAdditionals && !msg->h.numAnswers)
C/C++:       |                                                                                                                                    ^~~~~~~~~~~~~
C/C++: /Users/briones/.config/tuft/sessions/1788364493.114729/worktrees/agp-new-dsl/node_modules/react-native-zeroconf/android/src/main/jni/mdnsresponder/mDNSCore/mDNSEmbeddedAPI.h:2395:62: note: expanded from macro 'mDNSSameOpaque64'
C/C++:  2395 | #define mDNSSameOpaque64(A,B)    ((A)->l[0] == (B)->l[0] && (A)->l[1] == (B)->l[1])
C/C++:       |                                                              ^
C/C++: /Users/briones/.config/tuft/sessions/1788364493.114729/worktrees/agp-new-dsl/node_modules/react-native-zeroconf/android/src/main/jni/mdnsresponder/mDNSCore/uDNS.c:928:27: warning: taking address of packed member 'u' of class or structure 'rdataOPT' may result in an unaligned pointer value [-Waddress-of-packed-member]
C/C++:   928 |                                                         SetLLQTimer(m, q, &opt->u.llq);
C/C++:       |                                                                            ^~~~~~~~~~
C/C++: /Users/briones/.config/tuft/sessions/1788364493.114729/worktrees/agp-new-dsl/node_modules/react-native-zeroconf/android/src/main/jni/mdnsresponder/mDNSCore/uDNS.c:938:71: warning: taking address of packed member 'u' of class or structure 'rdataOPT' may result in an unaligned pointer value [-Waddress-of-packed-member]
C/C++:   938 |                                                 recvSetupResponse(m, msg->h.flags.b[1] & kDNSFlag1_RC_Mask, q, &opt->u.llq);
C/C++:       |                                                                                                                 ^~~~~~~~~~

> Task :expo:compileDebugKotlin
w: file:///Users/briones/.config/tuft/sessions/1788364493.114729/worktrees/agp-new-dsl/node_modules/expo/android/src/main/java/expo/modules/ExpoModulesPackage.kt:34:16 This declaration overrides a deprecated member but is not marked as deprecated itself. Add the '@Deprecated' annotation or suppress the diagnostic.
w: file:///Users/briones/.config/tuft/sessions/1788364493.114729/worktrees/agp-new-dsl/node_modules/expo/android/src/main/java/expo/modules/ReactActivityDelegateWrapper.kt:22:8 'class ReactInstanceManager : Any' is deprecated. Deprecated in Java.
w: file:///Users/briones/.config/tuft/sessions/1788364493.114729/worktrees/agp-new-dsl/node_modules/expo/android/src/main/java/expo/modules/ReactActivityDelegateWrapper.kt:102:16 This declaration overrides a deprecated member but is not marked as deprecated itself. Add the '@Deprecated' annotation or suppress the diagnostic.
w: file:///Users/briones/.config/tuft/sessions/1788364493.114729/worktrees/agp-new-dsl/node_modules/expo/android/src/main/java/expo/modules/ReactActivityDelegateWrapper.kt:102:43 'class ReactInstanceManager : Any' is deprecated. Deprecated in Java.
w: file:///Users/briones/.config/tuft/sessions/1788364493.114729/worktrees/agp-new-dsl/node_modules/expo/android/src/main/java/expo/modules/ReactActivityDelegateWrapper.kt:103:21 'val reactInstanceManager: ReactInstanceManager' is deprecated. Deprecated in Java.
w: file:///Users/briones/.config/tuft/sessions/1788364493.114729/worktrees/agp-new-dsl/node_modules/expo/android/src/main/java/expo/modules/fetch/ExpoFetchModule.kt:15:8 'class NativeArrayBuffer : Destructible' is deprecated. Use ArrayBuffer instead.
w: file:///Users/briones/.config/tuft/sessions/1788364493.114729/worktrees/agp-new-dsl/node_modules/expo/android/src/main/java/expo/modules/fetch/ExpoFetchModule.kt:33:39 'constructor(reactContext: ReactContext): ForwardingCookieHandler' is deprecated. Use the default constructor.
w: file:///Users/briones/.config/tuft/sessions/1788364493.114729/worktrees/agp-new-dsl/node_modules/expo/android/src/main/java/expo/modules/fetch/ExpoFetchModule.kt:111:27 'constructor(byteBuffer: ByteBuffer): NativeArrayBuffer' is deprecated. Use ArrayBuffer instead.
w: file:///Users/briones/.config/tuft/sessions/1788364493.114729/worktrees/agp-new-dsl/node_modules/expo/android/src/main/java/expo/modules/fetch/NativeResponse.kt:44:16 This declaration overrides a deprecated member but is not marked as deprecated itself. Add the '@Deprecated' annotation or suppress the diagnostic.
w: file:///Users/briones/.config/tuft/sessions/1788364493.114729/worktrees/agp-new-dsl/node_modules/expo/android/src/main/java/expo/modules/fetch/NativeResponse.kt:46:11 'fun deallocate(): Unit' is deprecated. Use sharedObjectDidRelease() instead.

> Task :expo:compileDebugJavaWithJavac NO-SOURCE
> Task :expo:processDebugJavaRes
> Task :expo:bundleLibCompileToJarDebug
> Task :expo:bundleLibRuntimeToDirDebug
> Task :app:compileDebugKotlin
> Task :app:compileDebugJavaWithJavac
> Task :app:processDebugJavaRes UP-TO-DATE
> Task :app:dexBuilderDebug
> Task :app:mergeProjectDexDebug
> Task :app:mergeDebugJavaResource
> Task :app:mergeLibDexDebug

> Task :react-native-zeroconf:buildNdkBuildDebug[armeabi-v7a]
C/C++: 8 warnings generated.
C/C++: /Users/briones/.config/tuft/sessions/1788364493.114729/worktrees/agp-new-dsl/node_modules/react-native-zeroconf/android/src/main/jni/mdnsresponder/mDNSPosix/mDNSPosix.c:516:32: warning: 'sscanf' may overflow; destination buffer in argument 3 has size 10, but the corresponding specifier may require size 11 [-Wfortify-source]
C/C++:   516 |                 if (sscanf(line,"%10s %15s", keyword, nameserver) != 2) continue;       // it will skip whitespaces
C/C++:       |                                              ^
C/C++: 1 warning generated.
C/C++: /Users/briones/.config/tuft/sessions/1788364493.114729/worktrees/agp-new-dsl/node_modules/react-native-zeroconf/android/src/main/jni/mdnsresponder/mDNSCore/DNSCommon.c:1889:48: warning: taking address of packed member 'numAnswers' of class or structure 'DNSMessageHeader' may result in an unaligned pointer value [-Waddress-of-packed-member]
C/C++:  1889 |         return putEmptyResourceRecord(msg, ptr, end, &msg->h.mDNS_numPrereqs, &prereq);
C/C++:       |                                                       ^~~~~~~~~~~~~~~~~~~~~~
C/C++: /Users/briones/.config/tuft/sessions/1788364493.114729/worktrees/agp-new-dsl/node_modules/react-native-zeroconf/android/src/main/jni/mdnsresponder/mDNSCore/DNSCommon.c:1898:45: warning: taking address of packed member 'numAuthorities' of class or structure 'DNSMessageHeader' may result in an unaligned pointer value [-Waddress-of-packed-member]
C/C++:  1898 |         ptr = PutResourceRecordTTLJumbo(msg, ptr, &msg->h.mDNS_numUpdates, rr, 0);
C/C++:       |               ~~~~~~~~~~~~~~~~~~~~~~~~~~~~~~~~~~~~~^~~~~~~~~~~~~~~~~~~~~~~~~~~~~~
C/C++: /Users/briones/.config/tuft/sessions/1788364493.114729/worktrees/agp-new-dsl/node_modules/react-native-zeroconf/android/src/main/jni/mdnsresponder/mDNSCore/DNSCommon.h:201:47: note: expanded from macro 'PutResourceRecordTTLJumbo'
C/C++:   201 |         PutResourceRecordTTLWithLimit((msg), (ptr), (count), (rr), (ttl), (msg)->data + AbsoluteMaxDNSMessageData)
C/C++:       |                                                      ^~~~~
C/C++: /Users/briones/.config/tuft/sessions/1788364493.114729/worktrees/agp-new-dsl/node_modules/react-native-zeroconf/android/src/main/jni/mdnsresponder/mDNSCore/DNSCommon.c:1909:49: warning: taking address of packed member 'numAuthorities' of class or structure 'DNSMessageHeader' may result in an unaligned pointer value [-Waddress-of-packed-member]
C/C++:  1909 |         ptr = PutResourceRecordTTLWithLimit(msg, ptr, &msg->h.mDNS_numUpdates, rr, 0, limit);
C/C++:       |                                                        ^~~~~~~~~~~~~~~~~~~~~~
C/C++: /Users/briones/.config/tuft/sessions/1788364493.114729/worktrees/agp-new-dsl/node_modules/react-native-zeroconf/android/src/main/jni/mdnsresponder/mDNSCore/DNSCommon.c:1961:45: warning: taking address of packed member 'numAdditionals' of class or structure 'DNSMessageHeader' may result in an unaligned pointer value [-Waddress-of-packed-member]
C/C++:  1961 |         end = PutResourceRecordTTLJumbo(msg, end, &msg->h.numAdditionals, &rr.resrec, 0);
C/C++:       |                                                    ^~~~~~~~~~~~~~~~~~~~~
C/C++: /Users/briones/.config/tuft/sessions/1788364493.114729/worktrees/agp-new-dsl/node_modules/react-native-zeroconf/android/src/main/jni/mdnsresponder/mDNSCore/DNSCommon.h:201:47: note: expanded from macro 'PutResourceRecordTTLJumbo'
C/C++:   201 |         PutResourceRecordTTLWithLimit((msg), (ptr), (count), (rr), (ttl), (msg)->data + AbsoluteMaxDNSMessageData)
C/C++:       |                                                      ^~~~~
C/C++: /Users/briones/.config/tuft/sessions/1788364493.114729/worktrees/agp-new-dsl/node_modules/react-native-zeroconf/android/src/main/jni/mdnsresponder/mDNSCore/DNSCommon.c:1976:49: warning: taking address of packed member 'numAdditionals' of class or structure 'DNSMessageHeader' may result in an unaligned pointer value [-Waddress-of-packed-member]
C/C++:  1976 |         end = PutResourceRecordTTLWithLimit(msg, end, &msg->h.numAdditionals, &rr.resrec, 0, limit);
C/C++:       |                                                        ^~~~~~~~~~~~~~~~~~~~~
C/C++: /Users/briones/.config/tuft/sessions/1788364493.114729/worktrees/agp-new-dsl/node_modules/react-native-zeroconf/android/src/main/jni/mdnsresponder/mDNSCore/DNSCommon.c:1998:53: warning: taking address of packed member 'numAdditionals' of class or structure 'DNSMessageHeader' may result in an unaligned pointer value [-Waddress-of-packed-member]
C/C++:  1998 |                 newptr = PutResourceRecordTTLWithLimit(msg, end, &msg->h.numAdditionals, &hinfo.resrec, 0, limit);
C/C++:       |                                                                   ^~~~~~~~~~~~~~~~~~~~~
C/C++: 6 warnings generated.

> Task :react-native-zeroconf:configureNdkBuildDebug[x86]

> Task :react-native-zeroconf:buildNdkBuildDebug[x86]
C/C++: /Users/briones/.config/tuft/sessions/1788364493.114729/worktrees/agp-new-dsl/node_modules/react-native-zeroconf/android/src/main/jni/mdnsresponder/mDNSCore/mDNS.c:5462:61: warning: taking address of packed member 'numAnswers' of class or structure 'DNSMessageHeader' may result in an unaligned pointer value [-Waddress-of-packed-member]
C/C++:  5462 |                         mDNSu8 *p = PutResourceRecordTTL(response, responseptr, &response->h.numAnswers, &rr->resrec,
C/C++:       |                                                                                  ^~~~~~~~~~~~~~~~~~~~~~
C/C++: /Users/briones/.config/tuft/sessions/1788364493.114729/worktrees/agp-new-dsl/node_modules/react-native-zeroconf/android/src/main/jni/mdnsresponder/mDNSCore/DNSCommon.h:198:47: note: expanded from macro 'PutResourceRecordTTL'
C/C++:   198 |         PutResourceRecordTTLWithLimit((msg), (ptr), (count), (rr), (ttl), (msg)->data + AllowedRRSpace(msg))
C/C++:       |                                                      ^~~~~
C/C++: /Users/briones/.config/tuft/sessions/1788364493.114729/worktrees/agp-new-dsl/node_modules/react-native-zeroconf/android/src/main/jni/mdnsresponder/mDNSCore/mDNS.c:5474:61: warning: taking address of packed member 'numAdditionals' of class or structure 'DNSMessageHeader' may result in an unaligned pointer value [-Waddress-of-packed-member]
C/C++:  5474 |                         mDNSu8 *p = PutResourceRecordTTL(response, responseptr, &response->h.numAdditionals, &rr->resrec,
C/C++:       |                                                                                  ^~~~~~~~~~~~~~~~~~~~~~~~~~
C/C++: /Users/briones/.config/tuft/sessions/1788364493.114729/worktrees/agp-new-dsl/node_modules/react-native-zeroconf/android/src/main/jni/mdnsresponder/mDNSCore/DNSCommon.h:198:47: note: expanded from macro 'PutResourceRecordTTL'
C/C++:   198 |         PutResourceRecordTTLWithLimit((msg), (ptr), (count), (rr), (ttl), (msg)->data + AllowedRRSpace(msg))
C/C++:       |                                                      ^~~~~
C/C++: /Users/briones/.config/tuft/sessions/1788364493.114729/worktrees/agp-new-dsl/node_modules/react-native-zeroconf/android/src/main/jni/mdnsresponder/mDNSCore/mDNS.c:10220:37: warning: taking address of packed member 'spa' of class or structure 'ARP_EthIP' may result in an unaligned pointer value [-Waddress-of-packed-member]
C/C++:  10220 |                                         intf->ifname, msg, &arp->sha, &arp->spa, &arp->tpa, &rr->WakeUp.HMAC, &rr->WakeUp.IMAC, ARDisplayString(m, rr));
C/C++:        |                                                                        ^~~~~~~~
C/C++: /Users/briones/.config/tuft/sessions/1788364493.114729/worktrees/agp-new-dsl/node_modules/react-native-zeroconf/android/src/main/jni/mdnsresponder/mDNSCore/mDNSDebug.h:100:101: note: expanded from macro 'LogSPS'
C/C++:   100 |                 #define LogSPS( ... )           do { if (mDNS_LoggingEnabled) LogMsgWithLevel(MDNS_LOG_SPS,       __VA_ARGS__); } while (0)
C/C++:       |                                                                                                                   ^~~~~~~~~~~
C/C++: /Users/briones/.config/tuft/sessions/1788364493.114729/worktrees/agp-new-dsl/node_modules/react-native-zeroconf/android/src/main/jni/mdnsresponder/mDNSCore/mDNS.c:10220:48: warning: taking address of packed member 'tpa' of class or structure 'ARP_EthIP' may result in an unaligned pointer value [-Waddress-of-packed-member]
C/C++:  10220 |                                         intf->ifname, msg, &arp->sha, &arp->spa, &arp->tpa, &rr->WakeUp.HMAC, &rr->WakeUp.IMAC, ARDisplayString(m, rr));
C/C++:        |                                                                                   ^~~~~~~~
C/C++: /Users/briones/.config/tuft/sessions/1788364493.114729/worktrees/agp-new-dsl/node_modules/react-native-zeroconf/android/src/main/jni/mdnsresponder/mDNSCore/mDNSDebug.h:100:101: note: expanded from macro 'LogSPS'
C/C++:   100 |                 #define LogSPS( ... )           do { if (mDNS_LoggingEnabled) LogMsgWithLevel(MDNS_LOG_SPS,       __VA_ARGS__); } while (0)
C/C++:       |                                                                                                                   ^~~~~~~~~~~
C/C++: /Users/briones/.config/tuft/sessions/1788364493.114729/worktrees/agp-new-dsl/node_modules/react-native-zeroconf/android/src/main/jni/mdnsresponder/mDNSCore/mDNS.c:10223:46: warning: taking address of packed member 'tpa' of class or structure 'ARP_EthIP' may result in an unaligned pointer value [-Waddress-of-packed-member]
C/C++:  10223 |                                 else if (msg == msg4) SendARP(m, 2, rr, &arp->tpa, &arp->sha, &arp->spa, &arp->sha);
C/C++:        |                                                                          ^~~~~~~~
C/C++: /Users/briones/.config/tuft/sessions/1788364493.114729/worktrees/agp-new-dsl/node_modules/react-native-zeroconf/android/src/main/jni/mdnsresponder/mDNSCore/mDNS.c:10223:68: warning: taking address of packed member 'spa' of class or structure 'ARP_EthIP' may result in an unaligned pointer value [-Waddress-of-packed-member]
C/C++:  10223 |                                 else if (msg == msg4) SendARP(m, 2, rr, &arp->tpa, &arp->sha, &arp->spa, &arp->sha);
C/C++:        |                                                                                                ^~~~~~~~
C/C++: /Users/briones/.config/tuft/sessions/1788364493.114729/worktrees/agp-new-dsl/node_modules/react-native-zeroconf/android/src/main/jni/mdnsresponder/mDNSCore/mDNS.c:10248:20: warning: taking address of packed member 'spa' of class or structure 'ARP_EthIP' may result in an unaligned pointer value [-Waddress-of-packed-member]
C/C++:  10248 |                                                         &arp->sha, &arp->spa, &arp->tpa, ARDisplayString(m, rr));
C/C++:        |                                                                     ^~~~~~~~
C/C++: /Users/briones/.config/tuft/sessions/1788364493.114729/worktrees/agp-new-dsl/node_modules/react-native-zeroconf/android/src/main/jni/mdnsresponder/mDNSCore/mDNSDebug.h:100:101: note: expanded from macro 'LogSPS'
C/C++:   100 |                 #define LogSPS( ... )           do { if (mDNS_LoggingEnabled) LogMsgWithLevel(MDNS_LOG_SPS,       __VA_ARGS__); } while (0)
C/C++:       |                                                                                                                   ^~~~~~~~~~~
C/C++: /Users/briones/.config/tuft/sessions/1788364493.114729/worktrees/agp-new-dsl/node_modules/react-native-zeroconf/android/src/main/jni/mdnsresponder/mDNSCore/mDNS.c:10248:31: warning: taking address of packed member 'tpa' of class or structure 'ARP_EthIP' may result in an unaligned pointer value [-Waddress-of-packed-member]
C/C++:  10248 |                                                         &arp->sha, &arp->spa, &arp->tpa, ARDisplayString(m, rr));
C/C++:        |                                                                                ^~~~~~~~
C/C++: /Users/briones/.config/tuft/sessions/1788364493.114729/worktrees/agp-new-dsl/node_modules/react-native-zeroconf/android/src/main/jni/mdnsresponder/mDNSCore/mDNSDebug.h:100:101: note: expanded from macro 'LogSPS'
C/C++:   100 |                 #define LogSPS( ... )           do { if (mDNS_LoggingEnabled) LogMsgWithLevel(MDNS_LOG_SPS,       __VA_ARGS__); } while (0)
C/C++:       |                                                                                                                   ^~~~~~~~~~~
C/C++: /Users/briones/.config/tuft/sessions/1788364493.114729/worktrees/agp-new-dsl/node_modules/react-native-zeroconf/android/src/main/jni/mdnsresponder/mDNSCore/mDNS.c:10252:20: warning: taking address of packed member 'spa' of class or structure 'ARP_EthIP' may result in an unaligned pointer value [-Waddress-of-packed-member]
C/C++:  10252 |                                                         &arp->sha, &arp->spa, &arp->tpa, &rr->WakeUp.HMAC, &rr->WakeUp.IMAC, ARDisplayString(m, rr));
C/C++:        |                                                                     ^~~~~~~~
C/C++: /Users/briones/.config/tuft/sessions/1788364493.114729/worktrees/agp-new-dsl/node_modules/react-native-zeroconf/android/src/main/jni/mdnsresponder/mDNSCore/mDNSDebug.h:98:65: note: expanded from macro 'LogMsg'
C/C++:    98 |                 #define LogMsg( ... )           LogMsgWithLevel(MDNS_LOG_MSG, __VA_ARGS__)
C/C++:       |                                                                               ^~~~~~~~~~~
C/C++: /Users/briones/.config/tuft/sessions/1788364493.114729/worktrees/agp-new-dsl/node_modules/react-native-zeroconf/android/src/main/jni/mdnsresponder/mDNSCore/mDNS.c:10252:31: warning: taking address of packed member 'tpa' of class or structure 'ARP_EthIP' may result in an unaligned pointer value [-Waddress-of-packed-member]
C/C++:  10252 |                                                         &arp->sha, &arp->spa, &arp->tpa, &rr->WakeUp.HMAC, &rr->WakeUp.IMAC, ARDisplayString(m, rr));
C/C++:        |                                                                                ^~~~~~~~
C/C++: /Users/briones/.config/tuft/sessions/1788364493.114729/worktrees/agp-new-dsl/node_modules/react-native-zeroconf/android/src/main/jni/mdnsresponder/mDNSCore/mDNSDebug.h:98:65: note: expanded from macro 'LogMsg'
C/C++:    98 |                 #define LogMsg( ... )           LogMsgWithLevel(MDNS_LOG_MSG, __VA_ARGS__)
C/C++:       |                                                                               ^~~~~~~~~~~
C/C++: /Users/briones/.config/tuft/sessions/1788364493.114729/worktrees/agp-new-dsl/node_modules/react-native-zeroconf/android/src/main/jni/mdnsresponder/mDNSCore/mDNS.c:10305:36: warning: taking address of packed member 'target' of class or structure 'IPv6NDP' may result in an unaligned pointer value [-Waddress-of-packed-member]
C/C++:  10305 |                                         intf->ifname, msg, sha, spa, &ndp->target, &rr->WakeUp.HMAC, &rr->WakeUp.IMAC, ARDisplayString(m, rr));
C/C++:        |                                                                       ^~~~~~~~~~~
C/C++: /Users/briones/.config/tuft/sessions/1788364493.114729/worktrees/agp-new-dsl/node_modules/react-native-zeroconf/android/src/main/jni/mdnsresponder/mDNSCore/mDNSDebug.h:100:101: note: expanded from macro 'LogSPS'
C/C++:   100 |                 #define LogSPS( ... )           do { if (mDNS_LoggingEnabled) LogMsgWithLevel(MDNS_LOG_SPS,       __VA_ARGS__); } while (0)
C/C++:       |                                                                                                                   ^~~~~~~~~~~
C/C++: /Users/briones/.config/tuft/sessions/1788364493.114729/worktrees/agp-new-dsl/node_modules/react-native-zeroconf/android/src/main/jni/mdnsresponder/mDNSCore/mDNS.c:10312:67: warning: taking address of packed member 'target' of class or structure 'IPv6NDP' may result in an unaligned pointer value [-Waddress-of-packed-member]
C/C++:  10312 |                                 else if (msg == msg4) SendNDP(m, NDP_Adv, NDP_Solicited, rr, &ndp->target, mDNSNULL, spa,          sha             );
C/C++:        |                                                                                               ^~~~~~~~~~~
C/C++: /Users/briones/.config/tuft/sessions/1788364493.114729/worktrees/agp-new-dsl/node_modules/react-native-zeroconf/android/src/main/jni/mdnsresponder/mDNSCore/mDNS.c:10313:67: warning: taking address of packed member 'target' of class or structure 'IPv6NDP' may result in an unaligned pointer value [-Waddress-of-packed-member]
C/C++:  10313 |                                 else if (msg == msg5) SendNDP(m, NDP_Adv, 0,             rr, &ndp->target, mDNSNULL, &AllHosts_v6, &AllHosts_v6_Eth);
C/C++:        |                                                                                               ^~~~~~~~~~~
C/C++: /Users/briones/.config/tuft/sessions/1788364493.114729/worktrees/agp-new-dsl/node_modules/react-native-zeroconf/android/src/main/jni/mdnsresponder/mDNSCore/mDNS.c:10326:36: warning: taking address of packed member 'target' of class or structure 'IPv6NDP' may result in an unaligned pointer value [-Waddress-of-packed-member]
C/C++:  10326 |                 if (ndp->type == NDP_Adv) spa = &ndp->target;
C/C++:        |                                                  ^~~~~~~~~~~
C/C++: /Users/briones/.config/tuft/sessions/1788364493.114729/worktrees/agp-new-dsl/node_modules/react-native-zeroconf/android/src/main/jni/mdnsresponder/mDNSCore/mDNS.c:10335:77: warning: taking address of packed member 'target' of class or structure 'IPv6NDP' may result in an unaligned pointer value [-Waddress-of-packed-member]
C/C++:  10335 |                                                         ndp->type == NDP_Sol ? "Solicitation " : "Advertisement", sha, spa, &ndp->target, ARDisplayString(m, rr));
C/C++:        |                                                                                                                              ^~~~~~~~~~~
C/C++: /Users/briones/.config/tuft/sessions/1788364493.114729/worktrees/agp-new-dsl/node_modules/react-native-zeroconf/android/src/main/jni/mdnsresponder/mDNSCore/mDNSDebug.h:100:101: note: expanded from macro 'LogSPS'
C/C++:   100 |                 #define LogSPS( ... )           do { if (mDNS_LoggingEnabled) LogMsgWithLevel(MDNS_LOG_SPS,       __VA_ARGS__); } while (0)
C/C++:       |                                                                                                                   ^~~~~~~~~~~
C/C++: /Users/briones/.config/tuft/sessions/1788364493.114729/worktrees/agp-new-dsl/node_modules/react-native-zeroconf/android/src/main/jni/mdnsresponder/mDNSCore/mDNS.c:10339:19: warning: taking address of packed member 'target' of class or structure 'IPv6NDP' may result in an unaligned pointer value [-Waddress-of-packed-member]
C/C++:  10339 |                                                         sha, spa, &ndp->target, &rr->WakeUp.HMAC, &rr->WakeUp.IMAC, ARDisplayString(m, rr));
C/C++:        |                                                                    ^~~~~~~~~~~
C/C++: /Users/briones/.config/tuft/sessions/1788364493.114729/worktrees/agp-new-dsl/node_modules/react-native-zeroconf/android/src/main/jni/mdnsresponder/mDNSCore/mDNSDebug.h:98:65: note: expanded from macro 'LogMsg'
C/C++:    98 |                 #define LogMsg( ... )           LogMsgWithLevel(MDNS_LOG_MSG, __VA_ARGS__)
C/C++:       |                                                                               ^~~~~~~~~~~
C/C++: 16 warnings generated.
C/C++: /Users/briones/.config/tuft/sessions/1788364493.114729/worktrees/agp-new-dsl/node_modules/react-native-zeroconf/android/src/main/jni/mdnsresponder/mDNSCore/uDNS.c:724:45: warning: taking address of packed member 'numAdditionals' of class or structure 'DNSMessageHeader' may result in an unaligned pointer value [-Waddress-of-packed-member]
C/C++:   724 |         ptr = PutResourceRecordTTLJumbo(msg, ptr, &msg->h.numAdditionals, opt, 0);
C/C++:       |                                                    ^~~~~~~~~~~~~~~~~~~~~
C/C++: /Users/briones/.config/tuft/sessions/1788364493.114729/worktrees/agp-new-dsl/node_modules/react-native-zeroconf/android/src/main/jni/mdnsresponder/mDNSCore/DNSCommon.h:201:47: note: expanded from macro 'PutResourceRecordTTLJumbo'
C/C++:   201 |         PutResourceRecordTTLWithLimit((msg), (ptr), (count), (rr), (ttl), (msg)->data + AbsoluteMaxDNSMessageData)
C/C++:       |                                                      ^~~~~
C/C++: /Users/briones/.config/tuft/sessions/1788364493.114729/worktrees/agp-new-dsl/node_modules/react-native-zeroconf/android/src/main/jni/mdnsresponder/mDNSCore/uDNS.c:904:106: warning: taking address of packed member 'u' of class or structure 'rdataOPT' may result in an unaligned pointer value [-Waddress-of-packed-member]
C/C++:   904 |                                 else if (opt && q->state == LLQ_Established && opt->u.llq.llqOp == kLLQOp_Event && mDNSSameOpaque64(&opt->u.llq.id, &q->id))
C/C++:       |                                                                                                                                      ^~~~~~~~~~~~~
C/C++: /Users/briones/.config/tuft/sessions/1788364493.114729/worktrees/agp-new-dsl/node_modules/react-native-zeroconf/android/src/main/jni/mdnsresponder/mDNSCore/mDNSEmbeddedAPI.h:2395:36: note: expanded from macro 'mDNSSameOpaque64'
C/C++:  2395 | #define mDNSSameOpaque64(A,B)    ((A)->l[0] == (B)->l[0] && (A)->l[1] == (B)->l[1])
C/C++:       |                                    ^
C/C++: /Users/briones/.config/tuft/sessions/1788364493.114729/worktrees/agp-new-dsl/node_modules/react-native-zeroconf/android/src/main/jni/mdnsresponder/mDNSCore/uDNS.c:904:106: warning: taking address of packed member 'u' of class or structure 'rdataOPT' may result in an unaligned pointer value [-Waddress-of-packed-member]
C/C++:   904 |                                 else if (opt && q->state == LLQ_Established && opt->u.llq.llqOp == kLLQOp_Event && mDNSSameOpaque64(&opt->u.llq.id, &q->id))
C/C++:       |                                                                                                                                      ^~~~~~~~~~~~~
C/C++: /Users/briones/.config/tuft/sessions/1788364493.114729/worktrees/agp-new-dsl/node_modules/react-native-zeroconf/android/src/main/jni/mdnsresponder/mDNSCore/mDNSEmbeddedAPI.h:2395:62: note: expanded from macro 'mDNSSameOpaque64'
C/C++:  2395 | #define mDNSSameOpaque64(A,B)    ((A)->l[0] == (B)->l[0] && (A)->l[1] == (B)->l[1])
C/C++:       |                                                              ^
C/C++: /Users/briones/.config/tuft/sessions/1788364493.114729/worktrees/agp-new-dsl/node_modules/react-native-zeroconf/android/src/main/jni/mdnsresponder/mDNSCore/uDNS.c:909:50: warning: taking address of packed member 'u' of class or structure 'rdataOPT' may result in an unaligned pointer value [-Waddress-of-packed-member]
C/C++:   909 |                                         ackEnd = putLLQ(&m->omsg, m->omsg.data, q, &opt->u.llq);
C/C++:       |                                                                                     ^~~~~~~~~~
C/C++: /Users/briones/.config/tuft/sessions/1788364493.114729/worktrees/agp-new-dsl/node_modules/react-native-zeroconf/android/src/main/jni/mdnsresponder/mDNSCore/uDNS.c:918:97: warning: taking address of packed member 'u' of class or structure 'rdataOPT' may result in an unaligned pointer value [-Waddress-of-packed-member]
C/C++:   918 |                                         if (q->state == LLQ_Established && opt->u.llq.llqOp == kLLQOp_Refresh && mDNSSameOpaque64(&opt->u.llq.id, &q->id) && msg->h.numAdditionals && !msg->h.numAnswers)
C/C++:       |                                                                                                                                    ^~~~~~~~~~~~~
C/C++: /Users/briones/.config/tuft/sessions/1788364493.114729/worktrees/agp-new-dsl/node_modules/react-native-zeroconf/android/src/main/jni/mdnsresponder/mDNSCore/mDNSEmbeddedAPI.h:2395:36: note: expanded from macro 'mDNSSameOpaque64'
C/C++:  2395 | #define mDNSSameOpaque64(A,B)    ((A)->l[0] == (B)->l[0] && (A)->l[1] == (B)->l[1])
C/C++:       |                                    ^
C/C++: /Users/briones/.config/tuft/sessions/1788364493.114729/worktrees/agp-new-dsl/node_modules/react-native-zeroconf/android/src/main/jni/mdnsresponder/mDNSCore/uDNS.c:918:97: warning: taking address of packed member 'u' of class or structure 'rdataOPT' may result in an unaligned pointer value [-Waddress-of-packed-member]
C/C++:   918 |                                         if (q->state == LLQ_Established && opt->u.llq.llqOp == kLLQOp_Refresh && mDNSSameOpaque64(&opt->u.llq.id, &q->id) && msg->h.numAdditionals && !msg->h.numAnswers)
C/C++:       |                                                                                                                                    ^~~~~~~~~~~~~
C/C++: /Users/briones/.config/tuft/sessions/1788364493.114729/worktrees/agp-new-dsl/node_modules/react-native-zeroconf/android/src/main/jni/mdnsresponder/mDNSCore/mDNSEmbeddedAPI.h:2395:62: note: expanded from macro 'mDNSSameOpaque64'
C/C++:  2395 | #define mDNSSameOpaque64(A,B)    ((A)->l[0] == (B)->l[0] && (A)->l[1] == (B)->l[1])
C/C++:       |                                                              ^
C/C++: /Users/briones/.config/tuft/sessions/1788364493.114729/worktrees/agp-new-dsl/node_modules/react-native-zeroconf/android/src/main/jni/mdnsresponder/mDNSCore/uDNS.c:928:27: warning: taking address of packed member 'u' of class or structure 'rdataOPT' may result in an unaligned pointer value [-Waddress-of-packed-member]
C/C++:   928 |                                                         SetLLQTimer(m, q, &opt->u.llq);
C/C++:       |                                                                            ^~~~~~~~~~
C/C++: /Users/briones/.config/tuft/sessions/1788364493.114729/worktrees/agp-new-dsl/node_modules/react-native-zeroconf/android/src/main/jni/mdnsresponder/mDNSCore/uDNS.c:938:71: warning: taking address of packed member 'u' of class or structure 'rdataOPT' may result in an unaligned pointer value [-Waddress-of-packed-member]
C/C++:   938 |                                                 recvSetupResponse(m, msg->h.flags.b[1] & kDNSFlag1_RC_Mask, q, &opt->u.llq);
C/C++:       |                                                                                                                 ^~~~~~~~~~
C/C++: 8 warnings generated.
C/C++: /Users/briones/.config/tuft/sessions/1788364493.114729/worktrees/agp-new-dsl/node_modules/react-native-zeroconf/android/src/main/jni/mdnsresponder/mDNSPosix/mDNSPosix.c:516:32: warning: 'sscanf' may overflow; destination buffer in argument 3 has size 10, but the corresponding specifier may require size 11 [-Wfortify-source]
C/C++:   516 |                 if (sscanf(line,"%10s %15s", keyword, nameserver) != 2) continue;       // it will skip whitespaces
C/C++:       |                                              ^
C/C++: 1 warning generated.
C/C++: /Users/briones/.config/tuft/sessions/1788364493.114729/worktrees/agp-new-dsl/node_modules/react-native-zeroconf/android/src/main/jni/mdnsresponder/mDNSCore/DNSCommon.c:1889:48: warning: taking address of packed member 'numAnswers' of class or structure 'DNSMessageHeader' may result in an unaligned pointer value [-Waddress-of-packed-member]
C/C++:  1889 |         return putEmptyResourceRecord(msg, ptr, end, &msg->h.mDNS_numPrereqs, &prereq);
C/C++:       |                                                       ^~~~~~~~~~~~~~~~~~~~~~
C/C++: /Users/briones/.config/tuft/sessions/1788364493.114729/worktrees/agp-new-dsl/node_modules/react-native-zeroconf/android/src/main/jni/mdnsresponder/mDNSCore/DNSCommon.c:1898:45: warning: taking address of packed member 'numAuthorities' of class or structure 'DNSMessageHeader' may result in an unaligned pointer value [-Waddress-of-packed-member]
C/C++:  1898 |         ptr = PutResourceRecordTTLJumbo(msg, ptr, &msg->h.mDNS_numUpdates, rr, 0);
C/C++:       |               ~~~~~~~~~~~~~~~~~~~~~~~~~~~~~~~~~~~~~^~~~~~~~~~~~~~~~~~~~~~~~~~~~~~
C/C++: /Users/briones/.config/tuft/sessions/1788364493.114729/worktrees/agp-new-dsl/node_modules/react-native-zeroconf/android/src/main/jni/mdnsresponder/mDNSCore/DNSCommon.h:201:47: note: expanded from macro 'PutResourceRecordTTLJumbo'
C/C++:   201 |         PutResourceRecordTTLWithLimit((msg), (ptr), (count), (rr), (ttl), (msg)->data + AbsoluteMaxDNSMessageData)
C/C++:       |                                                      ^~~~~
C/C++: /Users/briones/.config/tuft/sessions/1788364493.114729/worktrees/agp-new-dsl/node_modules/react-native-zeroconf/android/src/main/jni/mdnsresponder/mDNSCore/DNSCommon.c:1909:49: warning: taking address of packed member 'numAuthorities' of class or structure 'DNSMessageHeader' may result in an unaligned pointer value [-Waddress-of-packed-member]
C/C++:  1909 |         ptr = PutResourceRecordTTLWithLimit(msg, ptr, &msg->h.mDNS_numUpdates, rr, 0, limit);
C/C++:       |                                                        ^~~~~~~~~~~~~~~~~~~~~~
C/C++: /Users/briones/.config/tuft/sessions/1788364493.114729/worktrees/agp-new-dsl/node_modules/react-native-zeroconf/android/src/main/jni/mdnsresponder/mDNSCore/DNSCommon.c:1961:45: warning: taking address of packed member 'numAdditionals' of class or structure 'DNSMessageHeader' may result in an unaligned pointer value [-Waddress-of-packed-member]
C/C++:  1961 |         end = PutResourceRecordTTLJumbo(msg, end, &msg->h.numAdditionals, &rr.resrec, 0);
C/C++:       |                                                    ^~~~~~~~~~~~~~~~~~~~~
C/C++: /Users/briones/.config/tuft/sessions/1788364493.114729/worktrees/agp-new-dsl/node_modules/react-native-zeroconf/android/src/main/jni/mdnsresponder/mDNSCore/DNSCommon.h:201:47: note: expanded from macro 'PutResourceRecordTTLJumbo'
C/C++:   201 |         PutResourceRecordTTLWithLimit((msg), (ptr), (count), (rr), (ttl), (msg)->data + AbsoluteMaxDNSMessageData)
C/C++:       |                                                      ^~~~~
C/C++: /Users/briones/.config/tuft/sessions/1788364493.114729/worktrees/agp-new-dsl/node_modules/react-native-zeroconf/android/src/main/jni/mdnsresponder/mDNSCore/DNSCommon.c:1976:49: warning: taking address of packed member 'numAdditionals' of class or structure 'DNSMessageHeader' may result in an unaligned pointer value [-Waddress-of-packed-member]
C/C++:  1976 |         end = PutResourceRecordTTLWithLimit(msg, end, &msg->h.numAdditionals, &rr.resrec, 0, limit);
C/C++:       |                                                        ^~~~~~~~~~~~~~~~~~~~~
C/C++: /Users/briones/.config/tuft/sessions/1788364493.114729/worktrees/agp-new-dsl/node_modules/react-native-zeroconf/android/src/main/jni/mdnsresponder/mDNSCore/DNSCommon.c:1998:53: warning: taking address of packed member 'numAdditionals' of class or structure 'DNSMessageHeader' may result in an unaligned pointer value [-Waddress-of-packed-member]
C/C++:  1998 |                 newptr = PutResourceRecordTTLWithLimit(msg, end, &msg->h.numAdditionals, &hinfo.resrec, 0, limit);
C/C++:       |                                                                   ^~~~~~~~~~~~~~~~~~~~~
C/C++: 6 warnings generated.

> Task :react-native-zeroconf:configureNdkBuildDebug[x86_64]

> Task :react-native-zeroconf:buildNdkBuildDebug[x86_64]
C/C++: /Users/briones/.config/tuft/sessions/1788364493.114729/worktrees/agp-new-dsl/node_modules/react-native-zeroconf/android/src/main/jni/mdnsresponder/mDNSCore/mDNS.c:5462:61: warning: taking address of packed member 'numAnswers' of class or structure 'DNSMessageHeader' may result in an unaligned pointer value [-Waddress-of-packed-member]
C/C++:  5462 |                         mDNSu8 *p = PutResourceRecordTTL(response, responseptr, &response->h.numAnswers, &rr->resrec,
C/C++:       |                                                                                  ^~~~~~~~~~~~~~~~~~~~~~
C/C++: /Users/briones/.config/tuft/sessions/1788364493.114729/worktrees/agp-new-dsl/node_modules/react-native-zeroconf/android/src/main/jni/mdnsresponder/mDNSCore/DNSCommon.h:198:47: note: expanded from macro 'PutResourceRecordTTL'
C/C++:   198 |         PutResourceRecordTTLWithLimit((msg), (ptr), (count), (rr), (ttl), (msg)->data + AllowedRRSpace(msg))
C/C++:       |                                                      ^~~~~
C/C++: /Users/briones/.config/tuft/sessions/1788364493.114729/worktrees/agp-new-dsl/node_modules/react-native-zeroconf/android/src/main/jni/mdnsresponder/mDNSCore/mDNS.c:5474:61: warning: taking address of packed member 'numAdditionals' of class or structure 'DNSMessageHeader' may result in an unaligned pointer value [-Waddress-of-packed-member]
C/C++:  5474 |                         mDNSu8 *p = PutResourceRecordTTL(response, responseptr, &response->h.numAdditionals, &rr->resrec,
C/C++:       |                                                                                  ^~~~~~~~~~~~~~~~~~~~~~~~~~
C/C++: /Users/briones/.config/tuft/sessions/1788364493.114729/worktrees/agp-new-dsl/node_modules/react-native-zeroconf/android/src/main/jni/mdnsresponder/mDNSCore/DNSCommon.h:198:47: note: expanded from macro 'PutResourceRecordTTL'
C/C++:   198 |         PutResourceRecordTTLWithLimit((msg), (ptr), (count), (rr), (ttl), (msg)->data + AllowedRRSpace(msg))
C/C++:       |                                                      ^~~~~
C/C++: /Users/briones/.config/tuft/sessions/1788364493.114729/worktrees/agp-new-dsl/node_modules/react-native-zeroconf/android/src/main/jni/mdnsresponder/mDNSCore/mDNS.c:10220:37: warning: taking address of packed member 'spa' of class or structure 'ARP_EthIP' may result in an unaligned pointer value [-Waddress-of-packed-member]
C/C++:  10220 |                                         intf->ifname, msg, &arp->sha, &arp->spa, &arp->tpa, &rr->WakeUp.HMAC, &rr->WakeUp.IMAC, ARDisplayString(m, rr));
C/C++:        |                                                                        ^~~~~~~~
C/C++: /Users/briones/.config/tuft/sessions/1788364493.114729/worktrees/agp-new-dsl/node_modules/react-native-zeroconf/android/src/main/jni/mdnsresponder/mDNSCore/mDNSDebug.h:100:101: note: expanded from macro 'LogSPS'
C/C++:   100 |                 #define LogSPS( ... )           do { if (mDNS_LoggingEnabled) LogMsgWithLevel(MDNS_LOG_SPS,       __VA_ARGS__); } while (0)
C/C++:       |                                                                                                                   ^~~~~~~~~~~
C/C++: /Users/briones/.config/tuft/sessions/1788364493.114729/worktrees/agp-new-dsl/node_modules/react-native-zeroconf/android/src/main/jni/mdnsresponder/mDNSCore/mDNS.c:10220:48: warning: taking address of packed member 'tpa' of class or structure 'ARP_EthIP' may result in an unaligned pointer value [-Waddress-of-packed-member]
C/C++:  10220 |                                         intf->ifname, msg, &arp->sha, &arp->spa, &arp->tpa, &rr->WakeUp.HMAC, &rr->WakeUp.IMAC, ARDisplayString(m, rr));
C/C++:        |                                                                                   ^~~~~~~~
C/C++: /Users/briones/.config/tuft/sessions/1788364493.114729/worktrees/agp-new-dsl/node_modules/react-native-zeroconf/android/src/main/jni/mdnsresponder/mDNSCore/mDNSDebug.h:100:101: note: expanded from macro 'LogSPS'
C/C++:   100 |                 #define LogSPS( ... )           do { if (mDNS_LoggingEnabled) LogMsgWithLevel(MDNS_LOG_SPS,       __VA_ARGS__); } while (0)
C/C++:       |                                                                                                                   ^~~~~~~~~~~
C/C++: /Users/briones/.config/tuft/sessions/1788364493.114729/worktrees/agp-new-dsl/node_modules/react-native-zeroconf/android/src/main/jni/mdnsresponder/mDNSCore/mDNS.c:10223:46: warning: taking address of packed member 'tpa' of class or structure 'ARP_EthIP' may result in an unaligned pointer value [-Waddress-of-packed-member]
C/C++:  10223 |                                 else if (msg == msg4) SendARP(m, 2, rr, &arp->tpa, &arp->sha, &arp->spa, &arp->sha);
C/C++:        |                                                                          ^~~~~~~~
C/C++: /Users/briones/.config/tuft/sessions/1788364493.114729/worktrees/agp-new-dsl/node_modules/react-native-zeroconf/android/src/main/jni/mdnsresponder/mDNSCore/mDNS.c:10223:68: warning: taking address of packed member 'spa' of class or structure 'ARP_EthIP' may result in an unaligned pointer value [-Waddress-of-packed-member]
C/C++:  10223 |                                 else if (msg == msg4) SendARP(m, 2, rr, &arp->tpa, &arp->sha, &arp->spa, &arp->sha);
C/C++:        |                                                                                                ^~~~~~~~
C/C++: /Users/briones/.config/tuft/sessions/1788364493.114729/worktrees/agp-new-dsl/node_modules/react-native-zeroconf/android/src/main/jni/mdnsresponder/mDNSCore/mDNS.c:10248:20: warning: taking address of packed member 'spa' of class or structure 'ARP_EthIP' may result in an unaligned pointer value [-Waddress-of-packed-member]
C/C++:  10248 |                                                         &arp->sha, &arp->spa, &arp->tpa, ARDisplayString(m, rr));
C/C++:        |                                                                     ^~~~~~~~
C/C++: /Users/briones/.config/tuft/sessions/1788364493.114729/worktrees/agp-new-dsl/node_modules/react-native-zeroconf/android/src/main/jni/mdnsresponder/mDNSCore/mDNSDebug.h:100:101: note: expanded from macro 'LogSPS'
C/C++:   100 |                 #define LogSPS( ... )           do { if (mDNS_LoggingEnabled) LogMsgWithLevel(MDNS_LOG_SPS,       __VA_ARGS__); } while (0)
C/C++:       |                                                                                                                   ^~~~~~~~~~~
C/C++: /Users/briones/.config/tuft/sessions/1788364493.114729/worktrees/agp-new-dsl/node_modules/react-native-zeroconf/android/src/main/jni/mdnsresponder/mDNSCore/mDNS.c:10248:31: warning: taking address of packed member 'tpa' of class or structure 'ARP_EthIP' may result in an unaligned pointer value [-Waddress-of-packed-member]
C/C++:  10248 |                                                         &arp->sha, &arp->spa, &arp->tpa, ARDisplayString(m, rr));
C/C++:        |                                                                                ^~~~~~~~
C/C++: /Users/briones/.config/tuft/sessions/1788364493.114729/worktrees/agp-new-dsl/node_modules/react-native-zeroconf/android/src/main/jni/mdnsresponder/mDNSCore/mDNSDebug.h:100:101: note: expanded from macro 'LogSPS'
C/C++:   100 |                 #define LogSPS( ... )           do { if (mDNS_LoggingEnabled) LogMsgWithLevel(MDNS_LOG_SPS,       __VA_ARGS__); } while (0)
C/C++:       |                                                                                                                   ^~~~~~~~~~~
C/C++: /Users/briones/.config/tuft/sessions/1788364493.114729/worktrees/agp-new-dsl/node_modules/react-native-zeroconf/android/src/main/jni/mdnsresponder/mDNSCore/mDNS.c:10252:20: warning: taking address of packed member 'spa' of class or structure 'ARP_EthIP' may result in an unaligned pointer value [-Waddress-of-packed-member]
C/C++:  10252 |                                                         &arp->sha, &arp->spa, &arp->tpa, &rr->WakeUp.HMAC, &rr->WakeUp.IMAC, ARDisplayString(m, rr));
C/C++:        |                                                                     ^~~~~~~~
C/C++: /Users/briones/.config/tuft/sessions/1788364493.114729/worktrees/agp-new-dsl/node_modules/react-native-zeroconf/android/src/main/jni/mdnsresponder/mDNSCore/mDNSDebug.h:98:65: note: expanded from macro 'LogMsg'
C/C++:    98 |                 #define LogMsg( ... )           LogMsgWithLevel(MDNS_LOG_MSG, __VA_ARGS__)
C/C++:       |                                                                               ^~~~~~~~~~~
C/C++: /Users/briones/.config/tuft/sessions/1788364493.114729/worktrees/agp-new-dsl/node_modules/react-native-zeroconf/android/src/main/jni/mdnsresponder/mDNSCore/mDNS.c:10252:31: warning: taking address of packed member 'tpa' of class or structure 'ARP_EthIP' may result in an unaligned pointer value [-Waddress-of-packed-member]
C/C++:  10252 |                                                         &arp->sha, &arp->spa, &arp->tpa, &rr->WakeUp.HMAC, &rr->WakeUp.IMAC, ARDisplayString(m, rr));
C/C++:        |                                                                                ^~~~~~~~
C/C++: /Users/briones/.config/tuft/sessions/1788364493.114729/worktrees/agp-new-dsl/node_modules/react-native-zeroconf/android/src/main/jni/mdnsresponder/mDNSCore/mDNSDebug.h:98:65: note: expanded from macro 'LogMsg'
C/C++:    98 |                 #define LogMsg( ... )           LogMsgWithLevel(MDNS_LOG_MSG, __VA_ARGS__)
C/C++:       |                                                                               ^~~~~~~~~~~
C/C++: /Users/briones/.config/tuft/sessions/1788364493.114729/worktrees/agp-new-dsl/node_modules/react-native-zeroconf/android/src/main/jni/mdnsresponder/mDNSCore/mDNS.c:10305:36: warning: taking address of packed member 'target' of class or structure 'IPv6NDP' may result in an unaligned pointer value [-Waddress-of-packed-member]
C/C++:  10305 |                                         intf->ifname, msg, sha, spa, &ndp->target, &rr->WakeUp.HMAC, &rr->WakeUp.IMAC, ARDisplayString(m, rr));
C/C++:        |                                                                       ^~~~~~~~~~~
C/C++: /Users/briones/.config/tuft/sessions/1788364493.114729/worktrees/agp-new-dsl/node_modules/react-native-zeroconf/android/src/main/jni/mdnsresponder/mDNSCore/mDNSDebug.h:100:101: note: expanded from macro 'LogSPS'
C/C++:   100 |                 #define LogSPS( ... )           do { if (mDNS_LoggingEnabled) LogMsgWithLevel(MDNS_LOG_SPS,       __VA_ARGS__); } while (0)
C/C++:       |                                                                                                                   ^~~~~~~~~~~
C/C++: /Users/briones/.config/tuft/sessions/1788364493.114729/worktrees/agp-new-dsl/node_modules/react-native-zeroconf/android/src/main/jni/mdnsresponder/mDNSCore/mDNS.c:10312:67: warning: taking address of packed member 'target' of class or structure 'IPv6NDP' may result in an unaligned pointer value [-Waddress-of-packed-member]
C/C++:  10312 |                                 else if (msg == msg4) SendNDP(m, NDP_Adv, NDP_Solicited, rr, &ndp->target, mDNSNULL, spa,          sha             );
C/C++:        |                                                                                               ^~~~~~~~~~~
C/C++: /Users/briones/.config/tuft/sessions/1788364493.114729/worktrees/agp-new-dsl/node_modules/react-native-zeroconf/android/src/main/jni/mdnsresponder/mDNSCore/mDNS.c:10313:67: warning: taking address of packed member 'target' of class or structure 'IPv6NDP' may result in an unaligned pointer value [-Waddress-of-packed-member]
C/C++:  10313 |                                 else if (msg == msg5) SendNDP(m, NDP_Adv, 0,             rr, &ndp->target, mDNSNULL, &AllHosts_v6, &AllHosts_v6_Eth);
C/C++:        |                                                                                               ^~~~~~~~~~~
C/C++: /Users/briones/.config/tuft/sessions/1788364493.114729/worktrees/agp-new-dsl/node_modules/react-native-zeroconf/android/src/main/jni/mdnsresponder/mDNSCore/mDNS.c:10326:36: warning: taking address of packed member 'target' of class or structure 'IPv6NDP' may result in an unaligned pointer value [-Waddress-of-packed-member]
C/C++:  10326 |                 if (ndp->type == NDP_Adv) spa = &ndp->target;
C/C++:        |                                                  ^~~~~~~~~~~
C/C++: /Users/briones/.config/tuft/sessions/1788364493.114729/worktrees/agp-new-dsl/node_modules/react-native-zeroconf/android/src/main/jni/mdnsresponder/mDNSCore/mDNS.c:10335:77: warning: taking address of packed member 'target' of class or structure 'IPv6NDP' may result in an unaligned pointer value [-Waddress-of-packed-member]
C/C++:  10335 |                                                         ndp->type == NDP_Sol ? "Solicitation " : "Advertisement", sha, spa, &ndp->target, ARDisplayString(m, rr));
C/C++:        |                                                                                                                              ^~~~~~~~~~~
C/C++: /Users/briones/.config/tuft/sessions/1788364493.114729/worktrees/agp-new-dsl/node_modules/react-native-zeroconf/android/src/main/jni/mdnsresponder/mDNSCore/mDNSDebug.h:100:101: note: expanded from macro 'LogSPS'
C/C++:   100 |                 #define LogSPS( ... )           do { if (mDNS_LoggingEnabled) LogMsgWithLevel(MDNS_LOG_SPS,       __VA_ARGS__); } while (0)
C/C++:       |                                                                                                                   ^~~~~~~~~~~
C/C++: /Users/briones/.config/tuft/sessions/1788364493.114729/worktrees/agp-new-dsl/node_modules/react-native-zeroconf/android/src/main/jni/mdnsresponder/mDNSCore/mDNS.c:10339:19: warning: taking address of packed member 'target' of class or structure 'IPv6NDP' may result in an unaligned pointer value [-Waddress-of-packed-member]
C/C++:  10339 |                                                         sha, spa, &ndp->target, &rr->WakeUp.HMAC, &rr->WakeUp.IMAC, ARDisplayString(m, rr));
C/C++:        |                                                                    ^~~~~~~~~~~
C/C++: /Users/briones/.config/tuft/sessions/1788364493.114729/worktrees/agp-new-dsl/node_modules/react-native-zeroconf/android/src/main/jni/mdnsresponder/mDNSCore/mDNSDebug.h:98:65: note: expanded from macro 'LogMsg'
C/C++:    98 |                 #define LogMsg( ... )           LogMsgWithLevel(MDNS_LOG_MSG, __VA_ARGS__)
C/C++:       |                                                                               ^~~~~~~~~~~
C/C++: 16 warnings generated.
C/C++: /Users/briones/.config/tuft/sessions/1788364493.114729/worktrees/agp-new-dsl/node_modules/react-native-zeroconf/android/src/main/jni/mdnsresponder/mDNSCore/uDNS.c:724:45: warning: taking address of packed member 'numAdditionals' of class or structure 'DNSMessageHeader' may result in an unaligned pointer value [-Waddress-of-packed-member]
C/C++:   724 |         ptr = PutResourceRecordTTLJumbo(msg, ptr, &msg->h.numAdditionals, opt, 0);
C/C++:       |                                                    ^~~~~~~~~~~~~~~~~~~~~
C/C++: /Users/briones/.config/tuft/sessions/1788364493.114729/worktrees/agp-new-dsl/node_modules/react-native-zeroconf/android/src/main/jni/mdnsresponder/mDNSCore/DNSCommon.h:201:47: note: expanded from macro 'PutResourceRecordTTLJumbo'
C/C++:   201 |         PutResourceRecordTTLWithLimit((msg), (ptr), (count), (rr), (ttl), (msg)->data + AbsoluteMaxDNSMessageData)
C/C++:       |                                                      ^~~~~
C/C++: /Users/briones/.config/tuft/sessions/1788364493.114729/worktrees/agp-new-dsl/node_modules/react-native-zeroconf/android/src/main/jni/mdnsresponder/mDNSCore/uDNS.c:904:106: warning: taking address of packed member 'u' of class or structure 'rdataOPT' may result in an unaligned pointer value [-Waddress-of-packed-member]
C/C++:   904 |                                 else if (opt && q->state == LLQ_Established && opt->u.llq.llqOp == kLLQOp_Event && mDNSSameOpaque64(&opt->u.llq.id, &q->id))
C/C++:       |                                                                                                                                      ^~~~~~~~~~~~~
C/C++: /Users/briones/.config/tuft/sessions/1788364493.114729/worktrees/agp-new-dsl/node_modules/react-native-zeroconf/android/src/main/jni/mdnsresponder/mDNSCore/mDNSEmbeddedAPI.h:2395:36: note: expanded from macro 'mDNSSameOpaque64'
C/C++:  2395 | #define mDNSSameOpaque64(A,B)    ((A)->l[0] == (B)->l[0] && (A)->l[1] == (B)->l[1])
C/C++:       |                                    ^
C/C++: /Users/briones/.config/tuft/sessions/1788364493.114729/worktrees/agp-new-dsl/node_modules/react-native-zeroconf/android/src/main/jni/mdnsresponder/mDNSCore/uDNS.c:904:106: warning: taking address of packed member 'u' of class or structure 'rdataOPT' may result in an unaligned pointer value [-Waddress-of-packed-member]
C/C++:   904 |                                 else if (opt && q->state == LLQ_Established && opt->u.llq.llqOp == kLLQOp_Event && mDNSSameOpaque64(&opt->u.llq.id, &q->id))
C/C++:       |                                                                                                                                      ^~~~~~~~~~~~~
C/C++: /Users/briones/.config/tuft/sessions/1788364493.114729/worktrees/agp-new-dsl/node_modules/react-native-zeroconf/android/src/main/jni/mdnsresponder/mDNSCore/mDNSEmbeddedAPI.h:2395:62: note: expanded from macro 'mDNSSameOpaque64'
C/C++:  2395 | #define mDNSSameOpaque64(A,B)    ((A)->l[0] == (B)->l[0] && (A)->l[1] == (B)->l[1])
C/C++:       |                                                              ^
C/C++: /Users/briones/.config/tuft/sessions/1788364493.114729/worktrees/agp-new-dsl/node_modules/react-native-zeroconf/android/src/main/jni/mdnsresponder/mDNSCore/uDNS.c:909:50: warning: taking address of packed member 'u' of class or structure 'rdataOPT' may result in an unaligned pointer value [-Waddress-of-packed-member]
C/C++:   909 |                                         ackEnd = putLLQ(&m->omsg, m->omsg.data, q, &opt->u.llq);
C/C++:       |                                                                                     ^~~~~~~~~~
C/C++: /Users/briones/.config/tuft/sessions/1788364493.114729/worktrees/agp-new-dsl/node_modules/react-native-zeroconf/android/src/main/jni/mdnsresponder/mDNSCore/uDNS.c:918:97: warning: taking address of packed member 'u' of class or structure 'rdataOPT' may result in an unaligned pointer value [-Waddress-of-packed-member]
C/C++:   918 |                                         if (q->state == LLQ_Established && opt->u.llq.llqOp == kLLQOp_Refresh && mDNSSameOpaque64(&opt->u.llq.id, &q->id) && msg->h.numAdditionals && !msg->h.numAnswers)
C/C++:       |                                                                                                                                    ^~~~~~~~~~~~~
C/C++: /Users/briones/.config/tuft/sessions/1788364493.114729/worktrees/agp-new-dsl/node_modules/react-native-zeroconf/android/src/main/jni/mdnsresponder/mDNSCore/mDNSEmbeddedAPI.h:2395:36: note: expanded from macro 'mDNSSameOpaque64'
C/C++:  2395 | #define mDNSSameOpaque64(A,B)    ((A)->l[0] == (B)->l[0] && (A)->l[1] == (B)->l[1])
C/C++:       |                                    ^
C/C++: /Users/briones/.config/tuft/sessions/1788364493.114729/worktrees/agp-new-dsl/node_modules/react-native-zeroconf/android/src/main/jni/mdnsresponder/mDNSCore/uDNS.c:918:97: warning: taking address of packed member 'u' of class or structure 'rdataOPT' may result in an unaligned pointer value [-Waddress-of-packed-member]
C/C++:   918 |                                         if (q->state == LLQ_Established && opt->u.llq.llqOp == kLLQOp_Refresh && mDNSSameOpaque64(&opt->u.llq.id, &q->id) && msg->h.numAdditionals && !msg->h.numAnswers)
C/C++:       |                                                                                                                                    ^~~~~~~~~~~~~
C/C++: /Users/briones/.config/tuft/sessions/1788364493.114729/worktrees/agp-new-dsl/node_modules/react-native-zeroconf/android/src/main/jni/mdnsresponder/mDNSCore/mDNSEmbeddedAPI.h:2395:62: note: expanded from macro 'mDNSSameOpaque64'
C/C++:  2395 | #define mDNSSameOpaque64(A,B)    ((A)->l[0] == (B)->l[0] && (A)->l[1] == (B)->l[1])
C/C++:       |                                                              ^
C/C++: /Users/briones/.config/tuft/sessions/1788364493.114729/worktrees/agp-new-dsl/node_modules/react-native-zeroconf/android/src/main/jni/mdnsresponder/mDNSCore/uDNS.c:928:27: warning: taking address of packed member 'u' of class or structure 'rdataOPT' may result in an unaligned pointer value [-Waddress-of-packed-member]
C/C++:   928 |                                                         SetLLQTimer(m, q, &opt->u.llq);
C/C++:       |                                                                            ^~~~~~~~~~
C/C++: /Users/briones/.config/tuft/sessions/1788364493.114729/worktrees/agp-new-dsl/node_modules/react-native-zeroconf/android/src/main/jni/mdnsresponder/mDNSCore/uDNS.c:938:71: warning: taking address of packed member 'u' of class or structure 'rdataOPT' may result in an unaligned pointer value [-Waddress-of-packed-member]
C/C++:   938 |                                                 recvSetupResponse(m, msg->h.flags.b[1] & kDNSFlag1_RC_Mask, q, &opt->u.llq);
C/C++:       |                                                                                                                 ^~~~~~~~~~
C/C++: 8 warnings generated.
C/C++: /Users/briones/.config/tuft/sessions/1788364493.114729/worktrees/agp-new-dsl/node_modules/react-native-zeroconf/android/src/main/jni/mdnsresponder/mDNSPosix/mDNSPosix.c:516:32: warning: 'sscanf' may overflow; destination buffer in argument 3 has size 10, but the corresponding specifier may require size 11 [-Wfortify-source]
C/C++:   516 |                 if (sscanf(line,"%10s %15s", keyword, nameserver) != 2) continue;       // it will skip whitespaces
C/C++:       |                                              ^
C/C++: 1 warning generated.
C/C++: /Users/briones/.config/tuft/sessions/1788364493.114729/worktrees/agp-new-dsl/node_modules/react-native-zeroconf/android/src/main/jni/mdnsresponder/mDNSCore/DNSCommon.c:1889:48: warning: taking address of packed member 'numAnswers' of class or structure 'DNSMessageHeader' may result in an unaligned pointer value [-Waddress-of-packed-member]
C/C++:  1889 |         return putEmptyResourceRecord(msg, ptr, end, &msg->h.mDNS_numPrereqs, &prereq);
C/C++:       |                                                       ^~~~~~~~~~~~~~~~~~~~~~
C/C++: /Users/briones/.config/tuft/sessions/1788364493.114729/worktrees/agp-new-dsl/node_modules/react-native-zeroconf/android/src/main/jni/mdnsresponder/mDNSCore/DNSCommon.c:1898:45: warning: taking address of packed member 'numAuthorities' of class or structure 'DNSMessageHeader' may result in an unaligned pointer value [-Waddress-of-packed-member]
C/C++:  1898 |         ptr = PutResourceRecordTTLJumbo(msg, ptr, &msg->h.mDNS_numUpdates, rr, 0);
C/C++:       |               ~~~~~~~~~~~~~~~~~~~~~~~~~~~~~~~~~~~~~^~~~~~~~~~~~~~~~~~~~~~~~~~~~~~
C/C++: /Users/briones/.config/tuft/sessions/1788364493.114729/worktrees/agp-new-dsl/node_modules/react-native-zeroconf/android/src/main/jni/mdnsresponder/mDNSCore/DNSCommon.h:201:47: note: expanded from macro 'PutResourceRecordTTLJumbo'
C/C++:   201 |         PutResourceRecordTTLWithLimit((msg), (ptr), (count), (rr), (ttl), (msg)->data + AbsoluteMaxDNSMessageData)
C/C++:       |                                                      ^~~~~
C/C++: /Users/briones/.config/tuft/sessions/1788364493.114729/worktrees/agp-new-dsl/node_modules/react-native-zeroconf/android/src/main/jni/mdnsresponder/mDNSCore/DNSCommon.c:1909:49: warning: taking address of packed member 'numAuthorities' of class or structure 'DNSMessageHeader' may result in an unaligned pointer value [-Waddress-of-packed-member]
C/C++:  1909 |         ptr = PutResourceRecordTTLWithLimit(msg, ptr, &msg->h.mDNS_numUpdates, rr, 0, limit);
C/C++:       |                                                        ^~~~~~~~~~~~~~~~~~~~~~
C/C++: /Users/briones/.config/tuft/sessions/1788364493.114729/worktrees/agp-new-dsl/node_modules/react-native-zeroconf/android/src/main/jni/mdnsresponder/mDNSCore/DNSCommon.c:1961:45: warning: taking address of packed member 'numAdditionals' of class or structure 'DNSMessageHeader' may result in an unaligned pointer value [-Waddress-of-packed-member]
C/C++:  1961 |         end = PutResourceRecordTTLJumbo(msg, end, &msg->h.numAdditionals, &rr.resrec, 0);
C/C++:       |                                                    ^~~~~~~~~~~~~~~~~~~~~
C/C++: /Users/briones/.config/tuft/sessions/1788364493.114729/worktrees/agp-new-dsl/node_modules/react-native-zeroconf/android/src/main/jni/mdnsresponder/mDNSCore/DNSCommon.h:201:47: note: expanded from macro 'PutResourceRecordTTLJumbo'
C/C++:   201 |         PutResourceRecordTTLWithLimit((msg), (ptr), (count), (rr), (ttl), (msg)->data + AbsoluteMaxDNSMessageData)
C/C++:       |                                                      ^~~~~
C/C++: /Users/briones/.config/tuft/sessions/1788364493.114729/worktrees/agp-new-dsl/node_modules/react-native-zeroconf/android/src/main/jni/mdnsresponder/mDNSCore/DNSCommon.c:1976:49: warning: taking address of packed member 'numAdditionals' of class or structure 'DNSMessageHeader' may result in an unaligned pointer value [-Waddress-of-packed-member]
C/C++:  1976 |         end = PutResourceRecordTTLWithLimit(msg, end, &msg->h.numAdditionals, &rr.resrec, 0, limit);
C/C++:       |                                                        ^~~~~~~~~~~~~~~~~~~~~
C/C++: /Users/briones/.config/tuft/sessions/1788364493.114729/worktrees/agp-new-dsl/node_modules/react-native-zeroconf/android/src/main/jni/mdnsresponder/mDNSCore/DNSCommon.c:1998:53: warning: taking address of packed member 'numAdditionals' of class or structure 'DNSMessageHeader' may result in an unaligned pointer value [-Waddress-of-packed-member]
C/C++:  1998 |                 newptr = PutResourceRecordTTLWithLimit(msg, end, &msg->h.numAdditionals, &hinfo.resrec, 0, limit);
C/C++:       |                                                                   ^~~~~~~~~~~~~~~~~~~~~
C/C++: 6 warnings generated.

> Task :react-native-zeroconf:mergeDebugJniLibFolders
> Task :react-native-zeroconf:mergeDebugNativeLibs
> Task :react-native-zeroconf:copyDebugJniLibsProjectOnly
> Task :app:mergeDebugNativeLibs
> Task :app:stripDebugDebugSymbols
> Task :app:packageDebug
> Task :app:createDebugApkListingFileRedirect UP-TO-DATE
> Task :app:assembleDebug

[Incubating] Problems report is available at: file:///Users/briones/.config/tuft/sessions/1788364493.114729/worktrees/agp-new-dsl/android/build/reports/problems/problems-report.html

Deprecated Gradle features were used in this build, making it incompatible with Gradle 10.

You can use '--warning-mode all' to show the individual deprecation warnings and determine if they come from your own scripts or plugins.

For more on this, please refer to https://docs.gradle.org/9.4.1/userguide/command_line_interface.html#sec:command_line_warnings in the Gradle documentation.

BUILD SUCCESSFUL in 31s
181 actionable tasks: 161 executed, 20 up-to-date
yarn remove v1.22.22
[1/2] Removing module react-native-zeroconf...
[2/2] Regenerating lockfile and installing missing dependencies...
warning "expo > babel-preset-expo > @babel/plugin-proposal-decorators@7.29.7" has unmet peer dependency "@babel/core@^7.0.0-0".
warning "expo > babel-preset-expo > @babel/plugin-proposal-export-default-from@7.29.7" has unmet peer dependency "@babel/core@^7.0.0-0".
warning "expo > babel-preset-expo > @babel/plugin-syntax-dynamic-import@7.8.3" has unmet peer dependency "@babel/core@^7.0.0-0".
warning "expo > babel-preset-expo > @babel/plugin-syntax-export-default-from@7.29.7" has unmet peer dependency "@babel/core@^7.0.0-0".
warning "expo > babel-preset-expo > @babel/plugin-syntax-nullish-coalescing-operator@7.8.3" has unmet peer dependency "@babel/core@^7.0.0-0".
warning "expo > babel-preset-expo > @babel/plugin-syntax-optional-chaining@7.8.3" has unmet peer dependency "@babel/core@^7.0.0-0".
warning "expo > babel-preset-expo > @babel/plugin-transform-async-generator-functions@7.29.7" has unmet peer dependency "@babel/core@^7.0.0-0".
warning "expo > babel-preset-expo > @babel/plugin-transform-async-to-generator@7.29.7" has unmet peer dependency "@babel/core@^7.0.0-0".
warning "expo > babel-preset-expo > @babel/plugin-transform-block-scoping@7.29.7" has unmet peer dependency "@babel/core@^7.0.0-0".
warning "expo > babel-preset-expo > @babel/plugin-transform-class-properties@7.29.7" has unmet peer dependency "@babel/core@^7.0.0-0".
warning "expo > babel-preset-expo > @babel/plugin-transform-class-static-block@7.29.7" has unmet peer dependency "@babel/core@^7.12.0".
warning "expo > babel-preset-expo > @babel/plugin-transform-classes@7.29.7" has unmet peer dependency "@babel/core@^7.0.0-0".
warning "expo > babel-preset-expo > @babel/plugin-transform-destructuring@7.29.7" has unmet peer dependency "@babel/core@^7.0.0-0".
warning "expo > babel-preset-expo > @babel/plugin-transform-export-namespace-from@7.29.7" has unmet peer dependency "@babel/core@^7.0.0-0".
warning "expo > babel-preset-expo > @babel/plugin-transform-flow-strip-types@7.29.7" has unmet peer dependency "@babel/core@^7.0.0-0".
warning "expo > babel-preset-expo > @babel/plugin-transform-for-of@7.29.7" has unmet peer dependency "@babel/core@^7.0.0-0".
warning "expo > babel-preset-expo > @babel/plugin-transform-logical-assignment-operators@7.29.7" has unmet peer dependency "@babel/core@^7.0.0-0".
warning "expo > babel-preset-expo > @babel/plugin-transform-modules-commonjs@7.29.7" has unmet peer dependency "@babel/core@^7.0.0-0".
warning "expo > babel-preset-expo > @babel/plugin-transform-named-capturing-groups-regex@7.29.7" has unmet peer dependency "@babel/core@^7.0.0".
warning "expo > babel-preset-expo > @babel/plugin-transform-nullish-coalescing-operator@7.29.7" has unmet peer dependency "@babel/core@^7.0.0-0".
warning "expo > babel-preset-expo > @babel/plugin-transform-object-rest-spread@7.29.7" has unmet peer dependency "@babel/core@^7.0.0-0".
warning "expo > babel-preset-expo > @babel/plugin-transform-optional-catch-binding@7.29.7" has unmet peer dependency "@babel/core@^7.0.0-0".
warning "expo > babel-preset-expo > @babel/plugin-transform-optional-chaining@7.29.7" has unmet peer dependency "@babel/core@^7.0.0-0".
warning "expo > babel-preset-expo > @babel/plugin-transform-parameters@7.29.7" has unmet peer dependency "@babel/core@^7.0.0-0".
warning "expo > babel-preset-expo > @babel/plugin-transform-private-methods@7.29.7" has unmet peer dependency "@babel/core@^7.0.0-0".
warning "expo > babel-preset-expo > @babel/plugin-transform-private-property-in-object@7.29.7" has unmet peer dependency "@babel/core@^7.0.0-0".
warning "expo > babel-preset-expo > @babel/plugin-transform-react-display-name@7.29.7" has unmet peer dependency "@babel/core@^7.0.0-0".
warning "expo > babel-preset-expo > @babel/plugin-transform-react-jsx@7.29.7" has unmet peer dependency "@babel/core@^7.0.0-0".
warning "expo > babel-preset-expo > @babel/plugin-transform-react-jsx-development@7.29.7" has unmet peer dependency "@babel/core@^7.0.0-0".
warning "expo > babel-preset-expo > @babel/plugin-transform-react-pure-annotations@7.29.7" has unmet peer dependency "@babel/core@^7.0.0-0".
warning "expo > babel-preset-expo > @babel/plugin-transform-runtime@7.29.7" has unmet peer dependency "@babel/core@^7.0.0-0".
warning "expo > babel-preset-expo > @babel/plugin-transform-typescript@7.29.7" has unmet peer dependency "@babel/core@^7.0.0-0".
warning "expo > babel-preset-expo > @babel/plugin-transform-unicode-regex@7.29.7" has unmet peer dependency "@babel/core@^7.0.0-0".
warning "expo > babel-preset-expo > @babel/preset-typescript@7.29.7" has unmet peer dependency "@babel/core@^7.0.0-0".
warning "expo > babel-preset-expo > @babel/plugin-proposal-decorators > @babel/helper-create-class-features-plugin@7.29.7" has unmet peer dependency "@babel/core@^7.0.0".
warning "expo > babel-preset-expo > @babel/plugin-proposal-decorators > @babel/plugin-syntax-decorators@7.29.7" has unmet peer dependency "@babel/core@^7.0.0-0".
warning "expo > babel-preset-expo > @babel/plugin-transform-async-generator-functions > @babel/helper-remap-async-to-generator@7.29.7" has unmet peer dependency "@babel/core@^7.0.0".
warning "expo > babel-preset-expo > @babel/plugin-transform-classes > @babel/helper-replace-supers@7.29.7" has unmet peer dependency "@babel/core@^7.0.0".
warning "expo > babel-preset-expo > @babel/plugin-transform-flow-strip-types > @babel/plugin-syntax-flow@7.29.7" has unmet peer dependency "@babel/core@^7.0.0-0".
warning "expo > babel-preset-expo > @babel/plugin-transform-named-capturing-groups-regex > @babel/helper-create-regexp-features-plugin@7.29.7" has unmet peer dependency "@babel/core@^7.0.0".
warning "expo > babel-preset-expo > @babel/plugin-transform-react-jsx > @babel/plugin-syntax-jsx@7.29.7" has unmet peer dependency "@babel/core@^7.0.0-0".
warning "expo > babel-preset-expo > @babel/plugin-transform-runtime > babel-plugin-polyfill-corejs2@0.4.17" has unmet peer dependency "@babel/core@^7.4.0 || ^8.0.0-0 <8.0.0".
warning "expo > babel-preset-expo > @babel/plugin-transform-runtime > babel-plugin-polyfill-corejs3@0.13.0" has unmet peer dependency "@babel/core@^7.4.0 || ^8.0.0-0 <8.0.0".
warning "expo > babel-preset-expo > @babel/plugin-transform-runtime > babel-plugin-polyfill-regenerator@0.6.8" has unmet peer dependency "@babel/core@^7.4.0 || ^8.0.0-0 <8.0.0".
warning "expo > babel-preset-expo > @babel/plugin-transform-typescript > @babel/plugin-syntax-typescript@7.29.7" has unmet peer dependency "@babel/core@^7.0.0-0".
warning "react-native > @react-native/codegen@0.87.0" has unmet peer dependency "@babel/core@*".
warning "expo > babel-preset-expo > @babel/plugin-transform-runtime > babel-plugin-polyfill-corejs2 > @babel/helper-define-polyfill-provider@0.6.8" has unmet peer dependency "@babel/core@^7.4.0 || ^8.0.0-0 <8.0.0".
success Uninstalled packages.
Done in 2.21s.
